video_description,structured_feedback
"The squat in the video is a low-bar squat performed on a Smith machine, not a free-weight barbell.

While the user is attempting to perform a low-bar back squat, the mechanics are inherently changed by the fixed path of the Smith machine. Here is an analysis of the form:

*   **Fixed Path Limitation:** Because the bar is fixed to the machine's guide rails, it cannot travel in the natural, slightly curved bar path required for a proper free-weight squat. This forces the body to compensate for the rigid vertical movement.
*   **Stance and Foot Placement:** The user has placed their feet slightly forward, which is a common technique on the Smith machine to try to mimic low-bar mechanics. This allows for more glute and hamstring engagement, but the fixed path prevents the natural shifting of the hips that usually occurs during a free-weight low-bar squat.
*   **Back Angle:** The back angle looks decent, with the chest remaining relatively forward. However, because the machine is forcing the load, it is difficult to determine if the user would be able to maintain this position with the same weight using a free barbell.
*   **Depth:** The depth reached in the video is respectable and generally considered sufficient for a standard squat.

**Recommendations:**

1.  **Transition to Free Weights:** If the goal is to master the ""Low Bar Squat,"" it is highly recommended to switch to a free-weight barbell in a power rack. The Smith machine fundamentally alters the kinetic chain of the exercise.
2.  **Focus on Bar Path:** With a free-weight barbell, focus on the ""mid-foot"" balance. In a low-bar squat, the bar should travel vertically over your mid-foot, requiring you to lean forward slightly more than in a high-bar squat to keep your center of mass balanced.
3.  **Core Stability:** The Smith machine provides artificial stability. Transitioning to free weights will require significantly more effort from your core and stabilizer muscles to keep the bar steady.

Always prioritize controlled, consistent movement over the amount of weight on the bar. If you move to a free-weight rack, start with a lighter weight to adjust to the instability of the barbell compared to the Smith machine.","```json
{
  ""exercise"": ""barbell_back_squat"",
  ""rep_count"": 8,
  ""estimated_load"": ""heavy"",
  ""overall_rating"": 8,
  ""good"": [
    {
      ""aspect"": ""Depth"",
      ""detail"": ""Consistent, full range of motion achieved with hip crease passing below the top of the patella.""
    },
    {
      ""aspect"": ""Foot stability"",
      ""detail"": ""Heels remain firmly planted throughout the entire movement.""
    },
    {
      ""aspect"": ""Knee tracking"",
      ""detail"": ""Knees track over the toes without inward collapse (valgus).""
    }
  ],
  ""needs_improvement"": [
    {
      ""aspect"": ""Upper body stability"",
      ""detail"": ""Some minor chest fall is visible, particularly as fatigue sets in during later reps, indicating a need for improved core bracing.""
    },
    {
      ""aspect"": ""Lumbar stability"",
      ""detail"": ""Slight pelvic tilt ('butt wink') is visible at the very bottom of the squat, common with deep low-bar positioning.""
    }
  ],
  ""visual_anchors"": {
    ""start_timestamp"": ""00:04"",
    ""end_timestamp"": ""01:21""
  }
}
```"
"The person in the video is performing a back squat, a compound strength exercise. Here's a breakdown of the form:

* **Setup:** The person stands inside the squat rack with the barbell positioned across their upper back (trapezius muscles). Their feet are roughly shoulder-width apart, providing a stable base.
* **Movement:** 
    * They begin by bracing their core and then slowly lowering their hips, as if sitting back into a chair. 
    * Their knees bend in line with their toes, and they maintain a relatively upright torso to engage the quadriceps and core. 
    * They continue descending until their thighs are at least parallel to the floor (the bottom of the squat).
* **Return:** They then drive through their heels to return to the starting standing position, keeping their core tight and maintaining back alignment throughout the movement.
* **Safety:** Using a squat rack provides essential safety, as the supports can catch the bar if the person is unable to complete the lift. Wearing a weightlifting belt can also help stabilize the core during heavy lifts.

Overall, it's a controlled and well-executed repetition, emphasizing good technique and proper depth.","{
  ""exercise"": ""barbell_back_squat"",
  ""rep_count"": 1,
  ""estimated_load"": ""heavy"",
  ""overall_rating"": 8,
  ""good"": [
    {
      ""aspect"": ""Range of Motion"",
      ""detail"": ""The lifter achieves sufficient depth, with the hip crease dropping below the level of the patella.""
    },
    {
      ""aspect"": ""Bar Path"",
      ""detail"": ""The bar maintains a relatively vertical and consistent path throughout the descent and ascent.""
    },
    {
      ""aspect"": ""Knee Stability"",
      ""detail"": ""Knee tracking is optimal, with no signs of medial valgus collapse.""
    }
  ],
  ""needs_improvement"": [
    {
      ""aspect"": ""Lumbar Stability"",
      ""detail"": ""There is a minor degree of posterior pelvic tilt ('butt wink') at the very bottom of the squat, suggesting a need for better core bracing or hip mobility work.""
    },
    {
      ""aspect"": ""Foot Stability"",
      ""detail"": ""The lifter displays slight instability at the feet; focusing on tripod foot pressure would improve balance.""
    }
  ],
  ""visual_anchors"": {
    ""start_timestamp"": ""00:52"",
    ""end_timestamp"": ""01:10""
  }
}"
"The user performs several sets of barbell squats in a rack. The lifter appears to be working hard, especially toward the end of the sets, when their form begins to waver. Specifically, the lifter is performing what is known as a ""good morning squat"" on the final few repetitions, which indicates that their glutes and hamstrings are unable to keep up with the strength of their quads during the ascent. This shifts the weight forward onto the lower back, which is a common form issue in the barbell squat that can potentially lead to injury if not corrected.","```json
{
  ""exercise"": ""barbell_back_squat"",
  ""rep_count"": 1,
  ""estimated_load"": ""heavy"",
  ""overall_rating"": 8,
  ""good"": [
    {
      ""aspect"": ""Foot Stability"",
      ""detail"": ""The athlete maintains consistent contact between the heels and the floor throughout the entire movement.""
    },
    {
      ""aspect"": ""Bar Path"",
      ""detail"": ""The vertical path of the barbell remains stable and centered over the mid-foot, indicating good control.""
    }
  ],
  ""needs_improvement"": [
    {
      ""aspect"": ""Depth"",
      ""detail"": ""The hip crease does not clearly break the plane of the patella, making this a partial squat rather than a full depth squat.""
    },
    {
      ""aspect"": ""Lumbar Stability"",
      ""detail"": ""There is a slight excessive forward lean of the torso, which increases the demand on the lower back at the bottom of the movement.""
    }
  ],
  ""visual_anchors"": {
    ""start_timestamp"": ""00:05"",
    ""end_timestamp"": ""01:14""
  }
}
```"
"The athlete is performing a barbell back squat, with the video displaying two slightly different views side-by-side. 

Key aspects of this squat include:

*   **Technique:** The lifter is using a controlled, deliberate tempo. They lower the weight steadily until their thighs are parallel to the floor, maintaining a neutral spine position throughout the movement.
*   **Depth:** The athlete reaches a solid, legal depth in both sets shown, ensuring the hip crease falls below the knee joint. 
*   **Safety:** The lifter has placed safety bars in the rack. Additionally, the lifter is wearing a weightlifting belt and knee sleeves, both of which provide stability and support during heavy lifts. 
*   **Weight:** The lifter is using 500 lbs and maintaining good control and consistent form throughout the repetitions.","```json
{
  ""exercise"": ""barbell_back_squat"",
  ""rep_count"": 2,
  ""estimated_load"": ""heavy"",
  ""overall_rating"": 8,
  ""good"": [
    {
      ""aspect"": ""Depth"",
      ""detail"": ""Consistently hits and maintains depth with the hip crease below the top of the patella.""
    },
    {
      ""aspect"": ""Knee Stability"",
      ""detail"": ""Knees track well over the toes without significant medial collapse (valgus).""
    },
    {
      ""aspect"": ""Balance"",
      ""detail"": ""Heels remain firmly planted on the floor throughout the entire movement.""
    }
  ],
  ""needs_improvement"": [
    {
      ""aspect"": ""Lumbar Stability"",
      ""detail"": ""Minor 'butt wink' observed at the very bottom of the squat, suggesting a need for better core bracing or hip mobility work.""
    },
    {
      ""aspect"": ""Bar Path"",
      ""detail"": ""The torso leans slightly forward during the descent, which can place extra strain on the lower back under heavier loads.""
    }
  ],
  ""visual_anchors"": {
    ""start_timestamp"": ""00:04"",
    ""end_timestamp"": ""00:52""
  }
}
```"
"The athlete is performing a barbell back squat, maintaining a controlled, steady tempo throughout the exercise. 

Here are some observations:
*   **Technique:** The athlete keeps a consistent depth, reaching approximately parallel in each repetition.
*   **Posture:** The back remains relatively neutral, though the athlete leans forward slightly throughout the movement, which is common in squatting.
*   **Movement Pattern:** The hips and knees move in synchronization, and the athlete pauses briefly at the top of each repetition.

Overall, this is a controlled set of squats, showing good focus on form and tempo.","```json
{
  ""exercise"": ""barbell_back_squat"",
  ""rep_count"": 5,
  ""estimated_load"": ""heavy"",
  ""overall_rating"": 8,
  ""good"": [
    {
      ""aspect"": ""Foot Stability"",
      ""detail"": ""Full foot contact maintained throughout the entire movement; no visible heel lift.""
    },
    {
      ""aspect"": ""Neutral Spine"",
      ""detail"": ""The lumbar spine maintains a consistent neutral position with no significant 'butt wink' observed.""
    },
    {
      ""aspect"": ""Bar Path"",
      ""detail"": ""The bar follows a vertical path directly over the midfoot throughout the repetition.""
    }
  ],
  ""needs_improvement"": [
    {
      ""aspect"": ""Depth"",
      ""detail"": ""The hip crease does not consistently reach below the top of the patella, falling slightly short of competition-standard depth.""
    },
    {
      ""aspect"": ""Upper Body Positioning"",
      ""detail"": ""There is a slight forward chest lean during the ascent, suggesting a potential focus on posterior chain over quad dominance.""
    }
  ],
  ""visual_anchors"": {
    ""start_timestamp"": ""00:03"",
    ""end_timestamp"": ""01:06""
  }
}
```"
"The squat demonstrated in the video is a back squat. The athlete maintains a neutral spine throughout the movement, initiating the squat by pushing their hips back and down. The movement is controlled, reaching a depth where the athlete's thighs are parallel to the floor, as indicated by the resistance band setup. After pausing briefly at the bottom of the squat, the athlete then drives through their heels to return to the starting position, maintaining good form and posture throughout.","```json
{
  ""exercise"": ""barbell_back_squat"",
  ""rep_count"": 1,
  ""estimated_load"": ""heavy"",
  ""overall_rating"": 8,
  ""good"": [
    {
      ""aspect"": ""Range of Motion"",
      ""detail"": ""Athlete successfully achieves and passes parallel depth, aligning well with the provided band visual aid.""
    },
    {
      ""aspect"": ""Spinal Neutrality"",
      ""detail"": ""Lumbar spine remains relatively neutral throughout the eccentric and concentric phases; no significant 'butt wink' observed.""
    },
    {
      ""aspect"": ""Stability"",
      ""detail"": ""Foot placement remains grounded with no observable heel lift or medial knee collapse.""
    }
  ],
  ""needs_improvement"": [
    {
      ""aspect"": ""Upper Body Integrity"",
      ""detail"": ""There is slight forward chest lean at the bottom of the movement as the athlete initiates the ascent, indicating a minor challenge in keeping the torso upright under load.""
    }
  ],
  ""visual_anchors"": {
    ""start_timestamp"": ""00:39"",
    ""end_timestamp"": ""00:52""
  }
}
```"
"In this video, the individual is performing a squat using a Smith machine. Here is a breakdown of the technique:

**Technique Analysis:**

*   **Stance:** The lifter uses a moderately wide stance with their feet positioned slightly forward, which is common in Smith machine squats to maintain balance and accommodate the fixed bar path.
*   **Depth:** They demonstrate good range of motion, consistently breaking parallel (hips descending below the knees), which is excellent for quadriceps and glute development.
*   **Form:** 
    *   The back remains relatively neutral throughout the movement.
    *   The lifter appears to maintain control on both the eccentric (lowering) and concentric (rising) phases of the lift.
    *   Wearing a weight belt and knee sleeves, the lifter is taking appropriate safety precautions for a heavy set. 
*   **Equipment Note:** The Smith machine provides stability by locking the bar into a fixed vertical path, which allows the lifter to focus more on muscle engagement rather than balancing a free-weight barbell. 

Overall, this is a controlled and technically sound set of Smith machine squats.","{
  ""exercise"": ""barbell_back_squat"",
  ""rep_count"": 1,
  ""estimated_load"": ""heavy"",
  ""overall_rating"": 8,
  ""good"": [
    {
      ""aspect"": ""depth"",
      ""detail"": ""Excellent depth achieved; the hip crease consistently drops below the top of the patella.""
    },
    {
      ""aspect"": ""stability"",
      ""detail"": ""Foot pressure appears consistent throughout the movement with no visible heel lift.""
    },
    {
      ""aspect"": ""bar path"",
      ""detail"": ""The bar maintains a relatively vertical path, indicating good core tension and control under load.""
    }
  ],
  ""needs_improvement"": [
    {
      ""aspect"": ""knee tracking"",
      ""detail"": ""Minor inward knee deviation (valgus) is observable during the concentric phase, suggesting a need for increased glute engagement.""
    },
    {
      ""aspect"": ""lumbar posture"",
      ""detail"": ""Slight pelvic tilt at the absolute bottom of the movement, though minimal.""
    }
  ],
  ""visual_anchors"": {
    ""start_timestamp"": ""00:27"",
    ""end_timestamp"": ""00:43""
  }
}"
"The squat shown at the beginning of the video is a **back squat**, which is performed with a barbell resting on the upper back/trapezius muscles. 

It is being performed inside a **power rack**, which is a piece of safety equipment with adjustable support pins. The squatter is using a ""raw"" style, meaning they are wearing minimal support gear (a lifting belt and knee sleeves, although he is only wearing the belt in the first clip). The lift emphasizes proper form with a deep range of motion, as the person lowers their hips until their thighs are at least parallel to the floor before standing back up.","```json
{
  ""exercise"": ""barbell_back_squat"",
  ""rep_count"": 1,
  ""estimated_load"": ""heavy"",
  ""overall_rating"": 8,
  ""good"": [
    {
      ""aspect"": ""Foot Stability"",
      ""detail"": ""The athlete maintains excellent contact with the ground; no visible heel lift throughout the concentric and eccentric phases.""
    },
    {
      ""aspect"": ""Bar Path"",
      ""detail"": ""The bar maintains a consistent vertical line directly over the midfoot, indicating effective load distribution.""
    },
    {
      ""aspect"": ""Depth"",
      ""detail"": ""The hip crease passes clearly below the top of the patella, demonstrating full range of motion.""
    }
  ],
  ""needs_improvement"": [
    {
      ""aspect"": ""Lumbar Neutrality"",
      ""detail"": ""A slight posterior pelvic tilt (butt wink) is visible at the very bottom of the squat, potentially due to restricted ankle or hip mobility.""
    },
    {
      ""aspect"": ""Torso Angle"",
      ""detail"": ""Minor forward leaning of the chest occurs as the athlete drives out of the hole, suggesting the weight is nearing their maximal capability.""
    }
  ],
  ""visual_anchors"": {
    ""start_timestamp"": ""00:03"",
    ""end_timestamp"": ""00:06""
  }
}
```"
"This is a demonstration of a combined workout move: a **kettlebell goblet squat to an overhead squat**.

Here is a breakdown of the steps shown:

1.  **Goblet Squat:** The man begins by holding the kettlebell at chest height and performing a full squat.
2.  **Transition:** At the bottom of the squat, he places the kettlebell on the floor and grabs the barbell.
3.  **Overhead Squat:** He stands up while lifting the barbell over his head with his arms fully extended. He then performs a second squat while maintaining the weight directly above his head.
4.  **Completion:** He lowers the barbell back to the floor, re-grips the kettlebell, and stands up to finish the sequence.

The man explains that he uses this drill specifically to work the glutes and improve posture.","```json
{
  ""exercise"": ""Goblet Squat to Overhead Squat"",
  ""rep_count"": 1,
  ""estimated_load"": ""moderate"",
  ""overall_rating"": 7,
  ""good"": [
    {
      ""aspect"": ""Depth"",
      ""detail"": ""The athlete achieves excellent hip depth, passing below the top of the patella.""
    },
    {
      ""aspect"": ""Spinal Alignment"",
      ""detail"": ""Maintained a relatively neutral spine throughout the descent and ascent, avoiding significant lumbar rounding.""
    }
  ],
  ""needs_improvement"": [
    {
      ""aspect"": ""Bar/Load Stability"",
      ""detail"": ""During the overhead portion of the movement, there is slight instability in the shoulders, likely due to the length of the implement.""
    },
    {
      ""aspect"": ""Foot Stability"",
      ""detail"": ""While heel contact is maintained, there is a minor shift in weight distribution during the transition between the goblet and overhead segments.""
    }
  ],
  ""visual_anchors"": {
    ""start_timestamp"": ""00:54"",
    ""end_timestamp"": ""01:05""
  }
}
```"
"This video captures a weightlifter's technique during a set of back squats. Key observations of their form include:

* **Stance and Depth:** The lifter maintains a shoulder-width stance, which is standard for a traditional back squat. Throughout the repetitions, they consistently achieve proper squat depth, with their hips dropping below parallel to the knees.
* **Core Stability:** The lifter is wearing a weightlifting belt, which provides external support to help maintain core pressure and stability under the heavy load.
* **Control:** Each repetition is performed with a steady, controlled tempo, showing a focus on deliberate movement rather than relying on momentum.
* **Postural Integrity:** While the torso leans forward slightly (common in many squat variations), the lifter does a good job of keeping the bar path relatively vertical and maintaining a neutral spine throughout the range of motion.

Overall, this is a solid, controlled set of back squats demonstrating good fundamentals.","```json
{
  ""exercise"": ""barbell_back_squat"",
  ""rep_count"": 1,
  ""estimated_load"": ""heavy"",
  ""overall_rating"": 8,
  ""good"": [
    {
      ""aspect"": ""Foot Stability"",
      ""detail"": ""The athlete maintains consistent contact with the floor, showing no signs of heel lift or shifting.""
    },
    {
      ""aspect"": ""Bar Path"",
      ""detail"": ""The bar maintains a vertical path directly over the midfoot throughout the movement.""
    },
    {
      ""aspect"": ""Depth"",
      ""detail"": ""The athlete successfully reaches and slightly passes parallel, placing the hip crease below the top of the patella.""
    }
  ],
  ""needs_improvement"": [
    {
      ""aspect"": ""Lumbar Neutrality"",
      ""detail"": ""There is a minor degree of posterior pelvic tilt ('butt wink') at the very bottom of the squat.""
    },
    {
      ""aspect"": ""Chest Position"",
      ""detail"": ""There is a slight forward chest lean as the athlete begins the ascent, suggesting potential fatigue or difficulty stabilizing the upper back.""
    }
  ],
  ""visual_anchors"": {
    ""start_timestamp"": ""00:32"",
    ""end_timestamp"": ""00:37""
  }
}
```"
"This exercise is a squat, specifically a goblet squat variation performed with body weight. Here is how it is performed:

1.  **Start:** Begin in a standing position, with feet shoulder-width apart.
2.  **Squat Down:** Lower your hips down and back, keeping your chest up and weight on your heels.
3.  **Hold:** At the bottom of the movement, place your hands together in front of your chest with elbows tucked between your knees.
4.  **Isometric Contraction:** While holding the squat, slightly rock your weight side-to-side to maintain tension. Keep your back straight throughout.
5.  **Return:** Drive back up through your heels to return to the starting standing position.

**Common Form Mistakes to Avoid:**
*   **Knees too far forward:** This shifts the weight off your glutes and onto your knees.
*   **Rounding the back:** Ensure your back remains flat and straight throughout the exercise.","```json
{
  ""exercise"": ""goblet_squat"",
  ""rep_count"": 5,
  ""estimated_load"": ""bodyweight"",
  ""overall_rating"": 9,
  ""good"": [
    {
      ""aspect"": ""Heel stability"",
      ""detail"": ""The athlete maintains full contact of the heels with the ground throughout the entire range of motion.""
    },
    {
      ""aspect"": ""Posture"",
      ""detail"": ""The athlete maintains a neutral spine and an upright torso, effectively preventing forward chest fall.""
    },
    {
      ""aspect"": ""Knee tracking"",
      ""detail"": ""The knees track properly over the toes throughout the squat with no visible medial collapse (valgus).""
    }
  ],
  ""needs_improvement"": [
    {
      ""aspect"": ""Range of motion"",
      ""detail"": ""While performing an isometric hold, the hip crease could be slightly lower to ensure maximum depth; however, it remains consistent with standard squat mechanics.""
    }
  ],
  ""visual_anchors"": {
    ""start_timestamp"": ""00:05"",
    ""end_timestamp"": ""01:10""
  }
}
```"
"This is a barbell back squat, a fundamental strength training exercise. 

Here are the key aspects of the squat performed in the video:

* **Setup:** The individual is utilizing a rack to support the barbell across their upper back/shoulders. 
* **Execution:** They initiate the movement by lowering their hips back and down, bending at the knees and hips, while maintaining an upright chest position. 
* **Technique:** The goal demonstrated is achieving ""full range of motion,"" specifically ""ass to grass"" or at least having the hips reach a position parallel to or below the knees. 
* **Focus:** The speaker emphasizes that limited squat depth is often due to poor ankle mobility. To address this, he suggests using a ""slant board"" or placing small plates under the heels to slightly elevate them, which helps to achieve a deeper, more effective squat.","```json
{
  ""exercise"": ""barbell_back_squat"",
  ""rep_count"": 1,
  ""estimated_load"": ""heavy"",
  ""overall_rating"": 8,
  ""good"": [
    {
      ""aspect"": ""Depth"",
      ""detail"": ""The lifter successfully achieves full depth, with the hip crease clearly passing below the top of the patella.""
    },
    {
      ""aspect"": ""Bar Path"",
      ""detail"": ""The vertical path of the barbell remains consistent over the mid-foot throughout the movement.""
    },
    {
      ""aspect"": ""Upper Body Posture"",
      ""detail"": ""The lifter maintains an upright torso, effectively resisting excessive chest fall despite the heavy load.""
    }
  ],
  ""needs_improvement"": [
    {
      ""aspect"": ""Pelvic Tilt"",
      ""detail"": ""There is a minor sign of 'butt wink' at the very bottom of the squat, suggesting the lifter is slightly exceeding their active range of spinal stability.""
    },
    {
      ""aspect"": ""Knee Tracking"",
      ""detail"": ""There is slight, brief inward movement of the knees (valgus) during the concentric drive, which could be mitigated by focusing on driving the knees outward against the resistance.""
    }
  ],
  ""visual_anchors"": {
    ""start_timestamp"": ""00:04"",
    ""end_timestamp"": ""00:09""
  }
}
```"
"The person in the video is performing a hack squat. Here's a breakdown of the exercise:

* **Equipment:** The user is utilizing a hack squat machine, which is a fixed, guided apparatus designed to support the back and stabilize the movement, allowing for more focus on the quadriceps.
* **Form:**
    * The user maintains a relatively upright torso, pressing their back against the machine's pad throughout the movement. This is characteristic of a standard hack squat, which minimizes spinal strain.
    * Their feet are placed at a comfortable shoulder-width apart, ensuring stability.
    * They lower their body by bending at the knees and hips, descending until their thighs are roughly parallel to the platform, then drive through their heels to return to the starting position.
* **Technique:** The movement is controlled, with a smooth descent and ascent, which is important for targeting the muscles effectively while maintaining safety. 
* **Key Observations:** The machine takes some of the stabilization load off the core, allowing for a focused workout on the quadriceps, glutes, and calves. The user demonstrates good form by not allowing their knees to cave inward or extend excessively beyond their toes.","```json
{
  ""exercise"": ""barbell_back_squat"",
  ""rep_count"": 8,
  ""estimated_load"": ""moderate"",
  ""overall_rating"": 8,
  ""good"": [
    {
      ""aspect"": ""Heel Stability"",
      ""detail"": ""Heels remain in contact with the floor throughout the entire movement, providing a solid base of support.""
    },
    {
      ""aspect"": ""Knee Tracking"",
      ""detail"": ""The knees are tracking appropriately over the toes without significant valgus collapse.""
    },
    {
      ""aspect"": ""Spinal Alignment"",
      ""detail"": ""The spine maintains a relatively neutral position throughout the set, suggesting good core engagement.""
    }
  ],
  ""needs_improvement"": [
    {
      ""aspect"": ""Depth"",
      ""detail"": ""While the squats are generally good, some reps vary slightly in depth and could reach just a bit lower to ensure consistent full range of motion.""
    },
    {
      ""aspect"": ""Upper Body Stability"",
      ""detail"": ""There is a slight forward lean of the chest during the descent in some reps, which is common in high-bar or machine-assisted squats but could be improved for better vertical posture.""
    }
  ],
  ""visual_anchors"": {
    ""start_timestamp"": ""00:09"",
    ""end_timestamp"": ""01:00""
  }
}
```"
"This is a **goblet squat**, which is considered an excellent stepping stone for beginners to learn the squat pattern before progressing to more advanced variations like the barbell squat.

Here's how to perform it safely and effectively:

1. **Setup:** Place a kettlebell on the ground between your feet. Stand with your feet slightly wider than shoulder-width apart, with your toes turned out about 10–30 degrees.
2. **The Pick-up:** Hinge at your hips, keeping your back neutral, and pick up the kettlebell.
3. **The Hold:** Bring the kettlebell up to your chest, holding it firmly by the ""horns"" (the vertical sides of the handle).
4. **The Movement:**
    * Take a deep breath in through your nose to brace your core.
    * As you begin the squat, exhale and engage your core to ensure your ribcage stays down.
    * Drive your knees out as you sit back, keeping a nice tall torso and a neutral spine.
    * Aim to descend until your thighs are roughly parallel to the floor, though your specific depth may vary based on your anatomy and mobility.
5. **Recovery:** Push through your feet to return to the starting position.

**Key Tips:**
* **Don't rush the depth:** If you are new to the movement or lack mobility, it's perfectly fine to start with a shallower squat and work your way deeper over time.
* **Maintain Form:** The beauty of the goblet squat is that the weight at your chest acts as a counterbalance, helping you maintain an upright torso, which makes it harder to mess up compared to other variations. 
* **Listen to your body:** Your squat may look slightly different from someone else's due to differences in limb length and mechanics. Focus on maintaining a neutral spine and keeping your core engaged.","```json
{
  ""exercise"": ""goblet_squat"",
  ""rep_count"": 2,
  ""estimated_load"": ""moderate"",
  ""overall_rating"": 9,
  ""good"": [
    {
      ""aspect"": ""Heel Stability"",
      ""detail"": ""The lifter maintains solid contact with the ground throughout the entire range of motion.""
    },
    {
      ""aspect"": ""Upper Body Position"",
      ""detail"": ""The torso remains upright and vertical, with no excessive forward lean of the chest.""
    },
    {
      ""aspect"": ""Pelvic Alignment"",
      ""detail"": ""Neutral lumbar spine is maintained throughout, with no visible 'butt wink'.""
    }
  ],
  ""needs_improvement"": [
    {
      ""aspect"": ""Depth"",
      ""detail"": ""While the movement is controlled, the hip crease could be slightly lower to ensure maximum depth at or below the patella line.""
    }
  ],
  ""visual_anchors"": {
    ""start_timestamp"": ""00:39"",
    ""end_timestamp"": ""01:13""
  }
}
```"
"This is a goblet squat. It's a compound exercise that builds strength in the legs, glutes, core, and shoulders. 

To perform it, you start standing with your feet a little wider than shoulder-width apart. Hold a dumbbell vertically against your chest, cupping one of the weighted ends with both hands. Keep your chest up, shoulders down, and your head neutral. 

As you start the squat, push your hips back and keep your knees aligned with your toes. Continue lowering until your hips are below the level of your knees. Keep your heels planted firmly on the floor. To finish, push through your heels to return to the starting position.","```json
{
  ""exercise"": ""dumbbell_goblet_squat"",
  ""rep_count"": 1,
  ""estimated_load"": ""light"",
  ""overall_rating"": 9,
  ""good"": [
    {
      ""aspect"": ""Knee Path"",
      ""detail"": ""Knees track perfectly over the toes with no signs of medial collapse (valgus).""
    },
    {
      ""aspect"": ""Depth"",
      ""detail"": ""The hips descend comfortably below the parallel plane of the knees.""
    },
    {
      ""aspect"": ""Posture"",
      ""detail"": ""The torso remains upright throughout the movement with excellent spinal alignment.""
    }
  ],
  ""needs_improvement"": [
    {
      ""aspect"": ""Heel Stability"",
      ""detail"": ""While stable in this specific clip, ensure the weight remains driven through the mid-foot to avoid any potential for heel lift at greater loads.""
    }
  ],
  ""visual_anchors"": {
    ""start_timestamp"": ""00:06"",
    ""end_timestamp"": ""00:29""
  }
}
```"
"The individual in the video is performing a **kettlebell goblet squat**. 

Here are the key aspects of the movement as demonstrated:

*   **Initial Setup:** The athlete begins by cleaning a heavy kettlebell to their chest, positioning it close to their sternum. This ""rack"" position requires them to hold the kettlebell securely against their body using the weight's handle for stability.
*   **Execution:** With the kettlebell held tight, the athlete maintains an upright torso and performs a deep, controlled squat. By keeping the weight close to their center of gravity, they minimize the load on their arms and shoulders, focusing the effort on their lower body.
*   **Technique:** The movement emphasizes a strong, stable core and a consistent posture, ensuring that the arms and torso act as a single, cohesive unit throughout the squat. 
*   **Purpose:** As the athlete notes, the movement is called a ""goblet squat"" because of the way the weight is held (like a chalice or goblet), which encourages proper squat depth and spinal alignment while building significant leg and core strength.","```json
{
  ""exercise"": ""kettlebell_goblet_squat"",
  ""rep_count"": 8,
  ""estimated_load"": ""heavy"",
  ""overall_rating"": 9,
  ""good"": [
    {
      ""aspect"": ""Foot Stability"",
      ""detail"": ""The athlete maintains full contact with the floor throughout the entire movement, with no signs of heel lift or shifting.""
    },
    {
      ""aspect"": ""Knee Path"",
      ""detail"": ""Knees track perfectly over the toes with no medial collapse or valgus movement.""
    },
    {
      ""aspect"": ""Depth"",
      ""detail"": ""The athlete consistently achieves excellent depth, with the hip crease dropping well below the top of the patella.""
    },
    {
      ""aspect"": ""Postural Alignment"",
      ""detail"": ""The torso remains upright throughout the descent, utilizing the kettlebell as a counterbalance to prevent excessive chest fall.""
    }
  ],
  ""needs_improvement"": [
    {
      ""aspect"": ""Lumbar Stability"",
      ""detail"": ""There is slight posterior pelvic tilt (butt wink) at the absolute bottom of the range of motion, which is common at such extreme depth.""
    }
  ],
  ""visual_anchors"": {
    ""start_timestamp"": ""00:01"",
    ""end_timestamp"": ""00:54""
  }
}
```"
"The squat shown in the video is a **heel-elevated goblet squat**.

Here’s a breakdown of the key elements:
* **The Setup:** The exerciser stands with their heels elevated on a pair of small weight plates. This elevation helps to reduce the amount of ankle mobility required, which allows for a more upright torso and greater depth during the movement.
* **The Load:** A single dumbbell is held vertically in front of the chest (the ""goblet"" position). This front-loaded position also helps keep the torso upright.
* **The Movement:** The exerciser performs a squat, focusing on maintaining an upright chest throughout the descent. They emphasize driving through the heels during the ascent. 
* **The Benefit:** As the instructor explains, this variation is particularly effective for targeting the quadriceps (the large muscles on the front of the thigh).","```json
{
  ""exercise"": ""Heel Elevated Goblet Squat"",
  ""rep_count"": 3,
  ""estimated_load"": ""light"",
  ""overall_rating"": 9,
  ""good"": [
    {
      ""aspect"": ""Heel Stability"",
      ""detail"": ""The use of weight plates under the heels provides excellent elevation, preventing heel lift and encouraging a vertical torso.""
    },
    {
      ""aspect"": ""Depth"",
      ""detail"": ""The athlete consistently achieves excellent squat depth, with the hip crease descending well below the knee joint.""
    },
    {
      ""aspect"": ""Upper Body Posture"",
      ""detail"": ""The goblet hold maintains a stable, upright thoracic spine throughout the movement, effectively preventing chest collapse.""
    }
  ],
  ""needs_improvement"": [
    {
      ""aspect"": ""Knee Tracking"",
      ""detail"": ""The knees are slightly inward during the ascent in the first repetition, though this self-corrects in subsequent reps.""
    },
    {
      ""aspect"": ""Lumbar Stability"",
      ""detail"": ""While the elevation compensates for mobility, ensure conscious bracing of the core to avoid any potential pelvic tilting at the very bottom.""
    }
  ],
  ""visual_anchors"": {
    ""start_timestamp"": ""00:51"",
    ""end_timestamp"": ""01:03""
  }
}
```"
"The exercise demonstrated is a high-bar back squat.

In this movement, the barbell is positioned high on the upper trapezius muscles, right at the base of the neck. This placement requires the lifter to maintain a more upright torso throughout the squat compared to a low-bar back squat, which places the bar lower on the rear deltoids and encourages more forward lean.

Key technical points shown include:
* **Foot Position:** Feet are placed hip-to-shoulder width apart, with toes pointed slightly outward.
* **Core:** The core is engaged through deep breathing and bracing before initiating the movement.
* **Execution:** The squat begins by rotating the hips back and bending at the knees. The lifter aims for a deep squat, with thighs parallel to or lower than the floor.
* **Alignment:** The knees track forward over the toes, and the chest remains up, keeping the spine relatively vertical.
* **Focus:** This variation is described as ""knee-dominant,"" placing a greater emphasis on the quadriceps, which makes it particularly useful for bodybuilding and for athletes in sports requiring high leg power, such as Olympic lifting.","```json
{
  ""exercise"": ""barbell_back_squat"",
  ""rep_count"": 1,
  ""estimated_load"": ""heavy"",
  ""overall_rating"": 8,
  ""good"": [
    {
      ""aspect"": ""Bar Path"",
      ""detail"": ""The bar maintains a straight, vertical path aligned over the midfoot, indicating excellent control.""
    },
    {
      ""aspect"": ""Depth"",
      ""detail"": ""The lifter achieves sufficient depth, with the hip crease descending below the top of the patella.""
    },
    {
      ""aspect"": ""Upper Body Positioning"",
      ""detail"": ""The torso remains upright throughout the movement, minimizing excessive forward lean typical of high-bar positioning.""
    }
  ],
  ""needs_improvement"": [
    {
      ""aspect"": ""Butt Wink"",
      ""detail"": ""Minor posterior pelvic tilt is visible at the very bottom of the squat, suggesting the end of the functional range of motion for the hips.""
    },
    {
      ""aspect"": ""Knee Stability"",
      ""detail"": ""While knee tracking is generally good, the knees should be more consciously driven outward to ensure optimal glute engagement and stability.""
    }
  ],
  ""visual_anchors"": {
    ""start_timestamp"": ""00:15"",
    ""end_timestamp"": ""00:26""
  }
}
```"
"This video demonstrates a hip mobility assessment designed to help you determine your most comfortable squat stance width. 

To perform the assessment:
1.  **Positioning:** Kneel on the floor facing a wall and place the soles of your feet flat against it, with your toes pointed backward. Keep your body in a quadruped (all-fours) position with your back in a neutral, straight alignment—avoiding excessive arching or rounding.
2.  **Assessment:** Slowly rock your hips back toward your heels. Pay close attention to how your hips feel as you increase the depth of the movement.
3.  **Adjustment:** Repeat this movement while adjusting the width of your knees. The goal is to find the stance that allows you to achieve the greatest squat depth without causing your lower back to round or your pelvis to tilt (""butt wink""). 

The instructor emphasizes that the position where you feel both comfortable and able to achieve the greatest depth is the most appropriate squat stance for your anatomy.","{
  ""exercise"": ""hip_mobility_assessment"",
  ""rep_count"": 1,
  ""estimated_load"": ""unloaded"",
  ""overall_rating"": 9,
  ""good"": [
    {""aspect"": ""spinal_alignment"", ""detail"": ""Subject maintains a neutral spine position throughout the rocking motion, avoiding excessive arching or rounding.""},
    {""aspect"": ""stability"", ""detail"": ""The quadruped setup provides a stable base to isolate hip movement without compensation from the lower back.""}
  ],
  ""needs_improvement"": [
    {""aspect"": ""pelvic_control"", ""detail"": ""The 'butt wink' observed at maximum depth indicates the limit of hip joint mobility (acetabular constraint) rather than a muscle restriction.""}
  ],
  ""visual_anchors"": {
    ""start_timestamp"": ""00:20"",
    ""end_timestamp"": ""01:00""
  }
}"
"The exercise in the video is a **goblet squat**. 

Here is a breakdown of the form and technique demonstrated:

*   **Setup:** The individual starts with their feet slightly wider than shoulder-width apart, with toes pointed slightly outward.
*   **The Weight:** The kettlebell is held securely against the chest with both hands.
*   **The Movement:** 
    *   The movement is initiated by simultaneously bending the knees and the hips.
    *   The chest remains upright throughout the descent.
    *   The core is kept braced for stability.
    *   The descent continues until the individual reaches the lowest comfortable point (typically where the thighs are roughly parallel to the ground).
*   **The Ascent:** The return to the starting position is achieved by pushing upward through the entire foot until the legs are fully extended.","```json
{
  ""exercise"": ""goblet_squat"",
  ""rep_count"": 1,
  ""estimated_load"": ""moderate"",
  ""overall_rating"": 9,
  ""good"": [
    {
      ""aspect"": ""Heel Stability"",
      ""detail"": ""Heels remain firmly planted on the ground throughout the entire range of motion, indicating excellent mobility and stability.""
    },
    {
      ""aspect"": ""Torso Alignment"",
      ""detail"": ""Chest remains upright throughout the descent and ascent, effectively utilizing the goblet position to counteract forward lean.""
    },
    {
      ""aspect"": ""Range of Motion"",
      ""detail"": ""The lifter achieves significant depth, with the hip crease descending well below the knee joint line.""
    }
  ],
  ""needs_improvement"": [
    {
      ""aspect"": ""Lumbar Neutrality"",
      ""detail"": ""Minor evidence of 'butt wink' at the absolute bottom of the movement, common in deep squats, but could be mitigated by slightly adjusting the stance width or foot angle.""
    }
  ],
  ""visual_anchors"": {
    ""start_timestamp"": ""00:36"",
    ""end_timestamp"": ""00:46""
  }
}
```"
"This is a goblet squat. It's a strength exercise that helps build muscle and improves functional movement. 

The movement involves:
* Holding a dumbbell vertically against the chest.
* Squatting down until the elbows touch the inner knees, while keeping the heels firmly on the ground. 
* Keeping the back straight throughout the movement.
* Pushing through the heels to stand back up.","{
  ""exercise"": ""goblet_squat"",
  ""rep_count"": 6,
  ""estimated_load"": ""moderate"",
  ""overall_rating"": 9,
  ""good"": [
    {
      ""aspect"": ""Heel Stability"",
      ""detail"": ""The athlete maintains excellent contact with the ground throughout the entire range of motion.""
    },
    {
      ""aspect"": ""Spine Neutrality"",
      ""detail"": ""Lumbar and thoracic spine remain neutral, showing no signs of 'butt wink' or excessive rounding at the bottom of the squat.""
    },
    {
      ""aspect"": ""Knee Tracking"",
      ""detail"": ""The athlete actively pushes knees outward to prevent valgus collapse, aligning them with the toes.""
    }
  ],
  ""needs_improvement"": [
    {
      ""aspect"": ""Depth"",
      ""detail"": ""While the movement is controlled, the hip crease could drop slightly lower to achieve full parallel or below-parallel depth for maximal engagement.""
    }
  ],
  ""visual_anchors"": {
    ""start_timestamp"": ""00:35"",
    ""end_timestamp"": ""01:08""
  }
}"
"The squat exercise demonstrated in the video is a **goblet squat**. 

Here are the key details from the video:

*   **Execution:** A weight (dumbbell) is held in the ""goblet position,"" meaning it is held vertically against the chest, close to the body, with the elbows tucked in front.
*   **Modifications:** The video shows a variation using a weight bench, which helps reduce the range of motion, making the exercise more accessible for beginners or those requiring modification.
*   **Key Form Points:**
    *   **Depth:** The goal is to reach a 90-degree angle at the hips (thighs parallel to the floor) to effectively target the quadriceps and glutes.
    *   **Posture:** Maintain an upright chest position by looking up towards the corner of the room.
    *   **Knee Position:** Focus on pushing the knees outwards during the movement.
    *   **Balance:** The goblet hold allows the weight in front of you to serve as a counterbalance, helping with stability.","```json
{
  ""exercise"": ""goblet_squat"",
  ""rep_count"": 5,
  ""estimated_load"": ""light"",
  ""overall_rating"": 9,
  ""good"": [
    {
      ""aspect"": ""Heel Stability"",
      ""detail"": ""Full foot contact with the ground maintained throughout all repetitions; no evidence of heel lift.""
    },
    {
      ""aspect"": ""Lumbar Neutrality"",
      ""detail"": ""Spine remains in a neutral position with no significant posterior pelvic tilt (butt wink) observed.""
    },
    {
      ""aspect"": ""Knee Path"",
      ""detail"": ""Knees track over the toes consistently with no medial collapse or valgus stress.""
    }
  ],
  ""needs_improvement"": [
    {
      ""aspect"": ""Range of Motion"",
      ""detail"": ""While performing a box/bench squat, the depth is limited by the equipment height, which is appropriate for the variation but should be progressed to full depth once confidence is established.""
    }
  ],
  ""visual_anchors"": {
    ""start_timestamp"": ""00:00"",
    ""end_timestamp"": ""01:13""
  }
}
```"
"This is a goblet squat performed using a travel suitcase as a weight. 

To perform this exercise, the man stands with his feet shoulder-width apart and holds the suitcase securely against his chest with both arms. With a straight back and shoulders pulled down and back, he descends into a squat, keeping his knees in line with his feet. He maintains a controlled movement throughout both the descent and ascent, ensuring his shoulders do not round forward.","```json
{
  ""exercise"": ""suitcase_goblet_squat"",
  ""rep_count"": 6,
  ""estimated_load"": ""light"",
  ""overall_rating"": 8,
  ""good"": [
    {
      ""aspect"": ""Knee Path"",
      ""detail"": ""Knees track well over the toes without significant valgus or varus deviation.""
    },
    {
      ""aspect"": ""Spine Neutrality"",
      ""detail"": ""The athlete maintains a neutral lumbar spine throughout the range of motion with no visible 'butt wink'.""
    },
    {
      ""aspect"": ""Heel Stability"",
      ""detail"": ""Heels remain in full contact with the floor throughout the entire movement.""
    }
  ],
  ""needs_improvement"": [
    {
      ""aspect"": ""Depth"",
      ""detail"": ""The athlete is consistently stopping at parallel; reaching below the top of the patella would improve hip engagement.""
    },
    {
      ""aspect"": ""Chest Position"",
      ""detail"": ""There is a slight forward lean of the torso, likely due to the forward placement of the suitcase, requiring more core stabilization.""
    }
  ],
  ""visual_anchors"": {
    ""start_timestamp"": ""00:41"",
    ""end_timestamp"": ""01:18""
  }
}
```"
"This is a goblet squat. 

The movement begins with a person standing with their feet hip-width apart, holding a single dumbbell vertically against their chest with both hands. They then hinge at the hips, keeping the core engaged, and descend into a squat while maintaining an upright posture. The weight of the dumbbell helps counterbalance the body and encourages keeping the chest up. They then drive through the heels to return to the starting standing position. This exercise is often used to build lower body strength, particularly in the quads, and can be a great option for beginners to learn proper squat form.","```json
{
  ""exercise"": ""goblet_squat"",
  ""rep_count"": 1,
  ""estimated_load"": ""moderate"",
  ""overall_rating"": 9,
  ""good"": [
    {
      ""aspect"": ""Foot Stability"",
      ""detail"": ""Full foot contact with the ground throughout the movement; no heel lift observed.""
    },
    {
      ""aspect"": ""Knee Path"",
      ""detail"": ""Neutral knee tracking throughout the descent and ascent, with no sign of valgus collapse.""
    },
    {
      ""aspect"": ""Spine Neutrality"",
      ""detail"": ""Strong, upright torso position maintained due to the anterior load; no excessive lumbar flexion or 'butt wink'.""
    }
  ],
  ""needs_improvement"": [
    {
      ""aspect"": ""Depth"",
      ""detail"": ""The hip crease stops slightly above the top of the patella. While acceptable, reaching full depth could further engage the posterior chain.""
    }
  ],
  ""visual_anchors"": {
    ""start_timestamp"": ""01:04"",
    ""end_timestamp"": ""01:19""
  }
}
```"
"This is a goblet squat. To perform it, stand with your feet slightly wider than your hips and your toes angled slightly out. Hold a dumbbell or kettlebell vertically against your chest with your elbows tucked in. Engage your core, keep your chest upright, and lower yourself by pushing your hips back as if you're sitting in a chair. Go down until your thighs are parallel to the floor or lower. Keep your weight on your mid-foot and push your knees out so that they track over your toes. Finally, push through your heels to return to the starting position.","```json
{
  ""exercise"": ""goblet_squat"",
  ""rep_count"": 1,
  ""estimated_load"": ""moderate"",
  ""overall_rating"": 9,
  ""good"": [
    {
      ""aspect"": ""Knee Alignment"",
      ""detail"": ""Excellent lateral tracking; knees remain aligned with toes throughout the eccentric and concentric phases, preventing valgus collapse.""
    },
    {
      ""aspect"": ""Depth"",
      ""detail"": ""Achieves significant depth, with the hip crease clearly dropping below the top of the patella.""
    },
    {
      ""aspect"": ""Torso Stability"",
      ""detail"": ""Maintains an upright chest position, effectively utilizing the goblet load to counter-balance and keep the spine neutral.""
    }
  ],
  ""needs_improvement"": [
    {
      ""aspect"": ""Lumbar Stability"",
      ""detail"": ""Minor evidence of 'butt wink' at the absolute bottom of the range of motion, suggesting the range could be slightly restricted to maintain a completely neutral pelvis if spinal health is a concern.""
    }
  ],
  ""visual_anchors"": {
    ""start_timestamp"": ""00:03"",
    ""end_timestamp"": ""00:07""
  }
}
```"
"The man in the video is performing a hack squat, which is a variation of the traditional barbell back squat. Here’s a breakdown of his technique:

*   **Exercise Type:** The hack squat is performed on a machine where the path of the weight is fixed. This helps provide stability and allows for a more focused emphasis on the quadriceps.
*   **Stance:** He is standing with his feet at a moderate width, slightly forward on the platform. This placement is common for hack squats to maximize the depth of the movement.
*   **Movement Pattern:** He descends into a deep squat, keeping his torso relatively upright, which places a significant load on his quadriceps. He then drives through his heels to return to the starting, upright position.
*   **Control and Form:** The individual maintains consistent control throughout the repetitions, ensuring his back stays flat against the pad and his movements are steady. He uses the safety handles on the machine to lock the weight into place before and after his set, demonstrating proper gym safety protocols.

Overall, it is a textbook execution of a machine hack squat, focusing on controlled, deep repetitions to build lower body strength.","```json
{
  ""exercise"": ""barbell_back_squat"",
  ""rep_count"": 8,
  ""estimated_load"": ""heavy"",
  ""overall_rating"": 8,
  ""good"": [
    {
      ""aspect"": ""Foot Stability"",
      ""detail"": ""The athlete maintains full contact with the floor throughout the entire movement, demonstrating excellent heel stability.""
    },
    {
      ""aspect"": ""Knee Path"",
      ""detail"": ""The knees track consistently over the toes without any visible medial collapse (valgus), indicating strong hip abductor engagement.""
    },
    {
      ""aspect"": ""Depth"",
      ""detail"": ""The athlete consistently breaks parallel in every repetition, with the hip crease descending below the knee joint.""
    }
  ],
  ""needs_improvement"": [
    {
      ""aspect"": ""Lumbar Stability"",
      ""detail"": ""There is a slight 'butt wink' (posterior pelvic tilt) at the very bottom of the squat, suggesting a need for increased hamstring flexibility or improved core bracing.""
    },
    {
      ""aspect"": ""Upper Body Angle"",
      ""detail"": ""There is a minor degree of chest fall as the weight increases, likely due to the forward lean required to balance the load, which can be mitigated by strengthening the upper back.""
    }
  ],
  ""visual_anchors"": {
    ""start_timestamp"": ""00:16"",
    ""end_timestamp"": ""00:54""
  }
}
```"
"Based on the video provided, here is a description of the back squat exercise being demonstrated:

*   **Execution:** The lifter performs a back squat by starting with the barbell on her shoulders. She descends by bending her knees and hips, keeping her chest up and her back straight. She descends until her hip crease is below her knees, ensuring proper depth. She then returns to the starting position by extending her knees and hips, locking out at the top.
*   **Technique:** The lifter maintains a controlled, consistent rhythm, keeping her feet planted and her weight evenly distributed.
*   **Goal:** The goal of the exercise is to complete as many repetitions as possible in a single, continuous set.","```json
{
  ""exercise"": ""barbell_back_squat"",
  ""rep_count"": 1,
  ""estimated_load"": ""heavy"",
  ""overall_rating"": 8,
  ""good"": [
    {
      ""aspect"": ""Depth"",
      ""detail"": ""The lifter successfully achieves proper depth, with the hip crease clearly breaking the plane of the knee.""
    },
    {
      ""aspect"": ""Bar path"",
      ""detail"": ""The barbell maintains a relatively vertical path, indicating good control over the center of gravity.""
    }
  ],
  ""needs_improvement"": [
    {
      ""aspect"": ""Lumbar Stability"",
      ""detail"": ""There is a slight 'butt wink' (posterior pelvic tilt) visible at the very bottom of the squat, suggesting a need for increased core bracing or hamstring mobility work.""
    },
    {
      ""aspect"": ""Foot Stability"",
      ""detail"": ""Minor shifting of weight toward the toes is visible at the transition point, though the heels largely remain in contact with the floor.""
    }
  ],
  ""visual_anchors"": {
    ""start_timestamp"": ""00:33"",
    ""end_timestamp"": ""00:40""
  }
}
```"
"The person in the video is performing barbell back squats on a Smith machine. 

Here's a breakdown of the form:
* **Setup:** The person starts by loading the bar and adjusting the hooks to an appropriate height. 
* **Execution:** They position the bar across their upper back (traps) and perform several repetitions. During each rep, they lower their hips by bending their knees and hips simultaneously, keeping their torso relatively upright. They then push through their heels to return to a standing position, fully extending their hips and knees at the top.
* **Form:** The person maintains a controlled tempo throughout the movement and exhibits a good range of motion. They keep their back straight and their core engaged during the exercise.
* **Completion:** After completing the set, they carefully return the bar to the safety hooks. 

Overall, this is a well-executed set of barbell back squats using the stability provided by the Smith machine.","```json
{
  ""exercise"": ""barbell_back_squat"",
  ""rep_count"": 5,
  ""estimated_load"": ""moderate"",
  ""overall_rating"": 8,
  ""good"": [
    {
      ""aspect"": ""Range of Motion"",
      ""detail"": ""The athlete consistently hits sufficient depth, with the hip crease dropping below the level of the knees.""
    },
    {
      ""aspect"": ""Bar Path"",
      ""detail"": ""The bar maintains a relatively vertical path directly over the midfoot throughout the movement.""
    },
    {
      ""aspect"": ""Stability"",
      ""detail"": ""No observable heel lift or knee valgus (medial collapse) during the descent or ascent.""
    }
  ],
  ""needs_improvement"": [
    {
      ""aspect"": ""Spinal Alignment"",
      ""detail"": ""There is slight thoracic rounding and forward lean as the repetitions progress, likely due to fatigue or lack of upper back tightness.""
    },
    {
      ""aspect"": ""Eccentric Control"",
      ""detail"": ""The descent is slightly rapid, which may affect the ability to maintain optimal core bracing at the bottom of the squat.""
    }
  ],
  ""visual_anchors"": {
    ""start_timestamp"": ""00:04"",
    ""end_timestamp"": ""00:58""
  }
}
```"
"The video demonstrates a ""pause back squat,"" a variation of the traditional back squat where the lifter pauses for a few seconds at the bottom of the movement. 

The technique is performed as follows:
1. **Descent:** The lifter performs a standard back squat, descending in a controlled manner.
2. **The Pause:** Upon reaching the bottom position, the lifter pauses and holds the squat for 2–3 seconds. During this phase, it is crucial to keep the legs relaxed as much as possible while maintaining a strong, braced trunk. There should be no changes in torso position or back extension.
3. **The Ascent:** After the pause, the lifter drives aggressively upward, returning directly to a standing position. The video emphasizes that there should be no ""bouncing"" or rocking motions to gain momentum; the entire ascent must be driven by the legs from a dead stop.

The primary purpose of this exercise is to build postural strength and power, as the pause eliminates the stretch reflex, forcing the lifter to rely entirely on muscular engagement to begin the upward movement.","```json
{
  ""exercise"": ""barbell_back_squat"",
  ""rep_count"": 1,
  ""estimated_load"": ""heavy"",
  ""overall_rating"": 9,
  ""good"": [
    {
      ""aspect"": ""Range of motion"",
      ""detail"": ""The athlete reaches and exceeds parallel depth, satisfying the requirement for a full back squat.""
    },
    {
      ""aspect"": ""Spine mechanics"",
      ""detail"": ""Excellent maintenance of a neutral lumbar curve with no visible 'butt wink' at the bottom of the movement.""
    },
    {
      ""aspect"": ""Stability"",
      ""detail"": ""The feet remain completely planted on the floor with no visible heel lift during the transition or ascent.""
    }
  ],
  ""needs_improvement"": [
    {
      ""aspect"": ""Thoracic positioning"",
      ""detail"": ""While stable, there is a very slight forward lean of the torso; maintaining a more vertical chest would further optimize force transfer.""
    }
  ],
  ""visual_anchors"": {
    ""start_timestamp"": ""00:07"",
    ""end_timestamp"": ""00:15""
  }
}
```"
"The lifter performs a heavy, single repetition of a back squat.

1.  **Setup and Approach:** The lifter (Ray Williams) walks up to the squat rack, bracing himself and getting into position beneath the barbell. He centers the bar on his upper back and takes a firm, secure grip.
2.  **Unracking the Bar:** Williams carefully unracks the massive weight and takes a few steps back to establish a stable stance. He carefully positions his feet, focusing on balance and stability.
3.  **The Squat Execution:** With a deep breath for bracing, he initiates the descent. He lowers his body in a controlled manner, maintaining an upright torso until his hips descend well below the knee crease (hitting depth).
4.  **The Drive:** After a brief, powerful pause at the bottom, he initiates the ascent, driving through his legs with intense effort to push the bar back up. Despite the immense strain, he powers through the entire movement until he reaches a fully locked-out, upright position.
5.  **Completion:** He holds the weight briefly at the top to ensure control before walking back to the rack and safely replacing the barbell, signaling a successful and historic lift.","```json
{
  ""exercise"": ""barbell_back_squat"",
  ""rep_count"": 1,
  ""estimated_load"": ""heavy"",
  ""overall_rating"": 8,
  ""good"": [
    {
      ""aspect"": ""Foot and Ankle Stability"",
      ""detail"": ""Excellent base of support with no visible heel lift during the descent or ascent.""
    },
    {
      ""aspect"": ""Knee Tracking"",
      ""detail"": ""Knees track outward in line with the toes, demonstrating strong proximal stability and no medial valgus.""
    },
    {
      ""aspect"": ""Depth"",
      ""detail"": ""The lifter achieves competition-standard depth with the hip crease clearly breaking the plane of the knee.""
    }
  ],
  ""needs_improvement"": [
    {
      ""aspect"": ""Lumbar Stability"",
      ""detail"": ""Noticeable posterior pelvic tilt at the bottom of the movement, commonly referred to as 'butt wink,' indicating a potential limitation in hip mobility or core bracing under extreme load.""
    },
    {
      ""aspect"": ""Upper Body Positioning"",
      ""detail"": ""Significant forward lean of the torso as the bar approaches the bottom, which increases the lever arm on the lower back, though this is expected given the extreme nature of the 490kg load.""
    }
  ],
  ""visual_anchors"": {
    ""start_timestamp"": ""00:55"",
    ""end_timestamp"": ""01:04""
  }
}
```"
"The individual in the video is performing a bodyweight squat, a full-body exercise that targets the gluteus maximus, hamstrings, quadriceps, abdominals, and erector spinae muscles.

To perform the squat with proper form:
* **Starting Position:** Stand with your feet shoulder-width apart.
* **Movement:** Begin by sitting back with your hips, as if you are going to sit in a chair. Keep your chest up and your back straight throughout the movement.
* **Knee Alignment:** Ensure your knees remain aligned over your toes at all times.
* **Weight Distribution:** Maintain your weight on your heels, not your toes.
* **Depth:** Lower yourself until you reach a position close to parallel, then return to the starting, upright position by driving through your heels.","```json
{
  ""exercise"": ""barbell_back_squat"",
  ""rep_count"": 1,
  ""estimated_load"": ""light"",
  ""overall_rating"": 9,
  ""good"": [
    {""aspect"": ""Heel Stability"", ""detail"": ""Feet maintain solid contact with the ground throughout the movement with no visible heel lift.""},
    {""aspect"": ""Knee Tracking"", ""detail"": ""Knees track perfectly over the toes without any medial collapse or valgus movement.""},
    {""aspect"": ""Spine Neutrality"", ""detail"": ""The back remains neutral throughout the descent and ascent, successfully avoiding 'butt wink'.""},
    {""aspect"": ""Depth"", ""detail"": ""The athlete successfully reaches and slightly exceeds parallel, with the hip crease dropping below the patella line.""}
  ],
  ""needs_improvement"": [
    {""aspect"": ""Chest Angle"", ""detail"": ""There is a slight forward lean of the chest during the bottom portion of the squat, though it remains well-controlled.""}
  ],
  ""visual_anchors"": {
    ""start_timestamp"": ""00:34"",
    ""end_timestamp"": ""00:39""
  }
}
```"
"The man in the video is performing a back squat, a compound exercise primarily targeting the quadriceps, hamstrings, and glutes, while also engaging the core for stability. Here's a breakdown of the key elements:

*   **Setup:** He begins by positioning a barbell across his upper back (trapezius), securing it with a firm grip. He maintains a stance with his feet roughly shoulder-width apart, ensuring a solid base.
*   **The Squat Movement:** He initiates the movement by bracing his core and then lowering his hips back and down, as if sitting into an invisible chair. He keeps his chest up and his back neutral throughout the descent to maintain proper form.
*   **Depth and Drive:** He squats down until his thighs are roughly parallel to the floor, demonstrating good depth. From the bottom position, he drives through his heels, extending his hips and knees to return to the starting standing position.
*   **Supervision:** Throughout the entire set, a spotter is positioned directly behind him, providing close supervision and ensuring safety in case the lifter struggles with the weight.","```json
{
  ""exercise"": ""barbell_back_squat"",
  ""rep_count"": 1,
  ""estimated_load"": ""heavy"",
  ""overall_rating"": 8,
  ""good"": [
    {
      ""aspect"": ""Bar path"",
      ""detail"": ""The bar maintains a mostly vertical path throughout the descent and ascent, indicating good control of the load.""
    },
    {
      ""aspect"": ""Knee tracking"",
      ""detail"": ""Knees track over the toes with no visible medial collapse (valgus), indicating good engagement of the hip external rotators.""
    }
  ],
  ""needs_improvement"": [
    {
      ""aspect"": ""Depth"",
      ""detail"": ""The lifter reaches parallel, but does not clearly pass below the top of the patella, making it a border-line squat.""
    },
    {
      ""aspect"": ""Upper body stability"",
      ""detail"": ""There is a slight forward lean of the torso/chest fall at the bottom of the movement as the lifter struggles with the heavy load.""
    }
  ],
  ""visual_anchors"": {
    ""start_timestamp"": ""00:39"",
    ""end_timestamp"": ""01:13""
  }
}
```"
"The video demonstrates a ""squat depth test,"" a technique used to determine an individual's maximum squat depth before the pelvis begins to rotate (a condition known as a ""butt wink"").

**Key points from the demonstration:**

* **Purpose:** The test helps identify the point where the lower back loses stability due to pelvic rotation, which can be detrimental to spine health.
* **Methodology:** The individual stands in front of a stack of weight plates and performs squats, gradually removing plates to increase the depth of the squat. 
* **The Goal:** To find the deepest point at which the back can maintain proper integrity and the pelvis remains neutral. Once that ""sweet spot"" is identified, a tape measure can be used to determine the exact height from the floor to the top of the stack, providing a precise measurement of the individual's ""squat depth max.""

This test is a practical way for athletes and trainers to assess movement quality and ensure that squatting is performed in a way that minimizes the risk of injury.","```json
{
  ""exercise"": ""barbell_back_squat"",
  ""rep_count"": 1,
  ""estimated_load"": ""heavy"",
  ""overall_rating"": 8,
  ""good"": [
    {""aspect"": ""squat depth"", ""detail"": ""The athlete achieves excellent depth, consistently reaching a point where the hip crease is well below the top of the patella.""},
    {""aspect"": ""posture"", ""detail"": ""Neutral spine is maintained throughout the descent and ascent phases of the movement.""}
  ],
  ""needs_improvement"": [
    {""aspect"": ""butt wink"", ""detail"": ""There is noticeable posterior pelvic tilt (butt wink) at the bottom of the squat, suggesting the athlete is pushing past their current range of optimal lumbar stability.""},
    {""aspect"": ""knee tracking"", ""detail"": ""There is slight lateral instability; the knees should focus on stronger external rotation (pushing out) throughout the range of motion to improve stability.""}
  ],
  ""visual_anchors"": {
    ""start_timestamp"": ""01:01"",
    ""end_timestamp"": ""01:07""
  }
}
```"
"The user is performing a barbell back squat. Here is an analysis of the form:

*   **Bar placement:** The bar is placed in a high-bar position, sitting on the upper traps.
*   **Stance:** The feet are slightly wider than shoulder-width apart, with toes pointed slightly outward.
*   **Execution:** The descent is controlled, with the hips moving back and down. The knees are tracking over the toes, and the back remains neutral throughout the movement.
*   **Depth:** The user reaches a good depth, with the thighs dropping below parallel.
*   **Drive:** The ascent is strong, with the weight being driven through the mid-foot. The user maintains a tight core and stable back throughout the entire set. 

Overall, the user demonstrates good form and control throughout the repetitions.","{
  ""exercise"": ""barbell_back_squat"",
  ""rep_count"": 1,
  ""estimated_load"": ""heavy"",
  ""overall_rating"": 8,
  ""good"": [
    {
      ""aspect"": ""Bar Path"",
      ""detail"": ""The bar maintains a relatively vertical path directly over the mid-foot throughout the movement.""
    },
    {
      ""aspect"": ""Foot Stability"",
      ""detail"": ""No observable heel lift during the descent or ascent, indicating solid base support.""
    },
    {
      ""aspect"": ""Knee Mechanics"",
      ""detail"": ""Controlled descent with no signs of medial knee collapse (valgus).""
    }
  ],
  ""needs_improvement"": [
    {
      ""aspect"": ""Depth"",
      ""detail"": ""The squat is slightly shallow; the hip crease does not clearly break the plane of the patella.""
    },
    {
      ""aspect"": ""Lumbar Stability"",
      ""detail"": ""Minor evidence of 'butt wink' at the bottom of the movement suggests a need for improved core bracing or ankle mobility.""
    },
    {
      ""aspect"": ""Safety"",
      ""detail"": ""The safety pins are set at the correct height, but the user is un-racking without a spotter or full rack engagement, which could be risky for heavier sets.""
    }
  ],
  ""visual_anchors"": {
    ""start_timestamp"": ""00:03"",
    ""end_timestamp"": ""01:05""
  }
}"
"The user is performing a barbell back squat, a fundamental strength training exercise. 

**Technique Breakdown:**

*   **Setup:** The user approaches the rack, gets under the barbell, and positions it across their upper back (trapezius muscles). They unrack the bar and take a few steps back to establish a stable stance.
*   **Stance:** The feet are shoulder-width apart, providing a solid base.
*   **Movement:** 
    *   The user initiates the descent by bending at the hips and knees, keeping their chest up and core engaged.
    *   They descend until their thighs are parallel to the floor (the ""bottom"" of the squat).
    *   They then drive through their heels to return to the starting, upright position, fully extending their hips and knees.
*   **Completion:** The user repeats this cycle for multiple repetitions. Once finished, they step forward to safely re-rack the barbell.

**Key Observations:**
*   The use of a rack (Hammer Strength) ensures safety.
*   The user is wearing a knee sleeve on one leg, likely for support or to manage an injury.
*   The controlled pace shows a focus on form rather than raw speed.","```json
{
  ""exercise"": ""barbell_back_squat"",
  ""rep_count"": 5,
  ""estimated_load"": ""moderate-heavy"",
  ""overall_rating"": 8,
  ""good"": [
    {
      ""aspect"": ""Bar Path"",
      ""detail"": ""The barbell maintains a consistent, vertical path directly over the midfoot throughout the reps.""
    },
    {
      ""aspect"": ""Depth"",
      ""detail"": ""The athlete consistently achieves parallel depth with the hip crease below the top of the patella.""
    }
  ],
  ""needs_improvement"": [
    {
      ""aspect"": ""Heel Stability"",
      ""detail"": ""There is slight heel instability noted during the ascent phase of the later repetitions.""
    },
    {
      ""aspect"": ""Lumbar Stability"",
      ""detail"": ""Minor 'butt wink' (posterior pelvic tilt) is visible at the very bottom of the squat range of motion.""
    }
  ],
  ""visual_anchors"": {
    ""start_timestamp"": ""00:13"",
    ""end_timestamp"": ""00:54""
  }
}
```"
"This video captures a man performing a set of barbell back squats in a gym setting. He is equipped with knee sleeves and specialized lifting shoes, suggesting he is experienced with this movement.

The technique shown features:
*   **Controlled Descent:** He executes multiple repetitions, maintaining a steady and controlled tempo on the way down.
*   **Depth:** He reaches a good depth on each rep, moving his hips past parallel to his knees, which helps effectively target his glutes and hamstrings.
*   **Form:** His posture remains stable throughout the set, showing good core engagement and control over the weight. 

After completing his final repetition, he securely racks the barbell back onto the power rack, demonstrating proper safety and closing out his set effectively.","```json
{
  ""exercise"": ""barbell_back_squat"",
  ""rep_count"": 5,
  ""estimated_load"": ""heavy"",
  ""overall_rating"": 8,
  ""good"": [
    {
      ""aspect"": ""Range of Motion"",
      ""detail"": ""The athlete consistently hits proper depth with the hip crease falling below the knee line on all repetitions.""
    },
    {
      ""aspect"": ""Knee Stability"",
      ""detail"": ""Knee tracking is excellent with no signs of valgus collapse; the knees track well over the toes throughout the descent and ascent.""
    },
    {
      ""aspect"": ""Bar Path"",
      ""detail"": ""The bar maintains a relatively vertical path, indicating a balanced center of mass during the movement.""
    }
  ],
  ""needs_improvement"": [
    {
      ""aspect"": ""Thoracic Extension"",
      ""detail"": ""There is a slight forward chest fall as the fatigue sets in toward the final repetitions, leading to a minor loss of upright torso posture.""
    },
    {
      ""aspect"": ""Lumbar Stability"",
      ""detail"": ""A subtle 'butt wink' (posterior pelvic tilt) is visible at the very bottom of the squat, likely due to tight hamstrings or limited hip mobility at depth.""
    }
  ],
  ""visual_anchors"": {
    ""start_timestamp"": ""00:20"",
    ""end_timestamp"": ""00:55""
  }
}
```"
"The person is performing a barbell back squat, a common weightlifting exercise.

Here is a breakdown of the form in the video:
* **Foot Stance:** The lifter uses a relatively narrow stance.
* **Range of Motion:** Throughout the set, the lifter consistently achieves a good depth, with the thighs dropping below parallel to the floor at the bottom of each repetition.
* **Torso Alignment:** The lifter maintains a fairly upright torso throughout the movement, which puts more emphasis on the quadriceps.
* **Technique:** The lifter performs a series of controlled repetitions, demonstrating good command of the weight.

Overall, it's a solid, well-executed set of barbell squats.","```json
{
  ""exercise"": ""barbell_back_squat"",
  ""rep_count"": 6,
  ""estimated_load"": ""heavy"",
  ""overall_rating"": 8,
  ""good"": [
    {
      ""aspect"": ""Knee alignment"",
      ""detail"": ""Stable knee tracking with no noticeable medial collapse (valgus).""
    },
    {
      ""aspect"": ""Foot stability"",
      ""detail"": ""Heels remain in firm contact with the floor throughout all repetitions.""
    },
    {
      ""aspect"": ""Depth"",
      ""detail"": ""Consistently reaches a depth where the hip crease is below the top of the patella.""
    }
  ],
  ""needs_improvement"": [
    {
      ""aspect"": ""Bar path"",
      ""detail"": ""The bar path shifts slightly forward during the bottom of the movement, indicating a minor loss of vertical alignment.""
    },
    {
      ""aspect"": ""Lumbar control"",
      ""detail"": ""Minor 'butt wink' (posterior pelvic tilt) is visible at the very bottom of the deeper repetitions.""
    }
  ],
  ""visual_anchors"": {
    ""start_timestamp"": ""00:36"",
    ""end_timestamp"": ""01:13""
  }
}
```"
"The man in the video is performing a **barbell back squat** with good form. 

Here are the key aspects of his performance:

*   **Setup:** He approaches the rack, gets under the bar, and ensures he has a stable base before lifting the bar.
*   **Execution:** He keeps his core tight and his chest up throughout the movement. He achieves a good range of motion, going down until his thighs are roughly parallel to the floor, and then drives back up in a controlled manner.
*   **Technique:** He maintains a neutral spine, and his knees track over his toes, which is crucial for preventing injury.
*   **Safety:** He is performing these in a squat rack with safety arms in place, which is a great safety measure.

This is a very solid, well-executed set of squats.","{
  ""exercise"": ""barbell_back_squat"",
  ""rep_count"": 4,
  ""estimated_load"": ""moderate"",
  ""overall_rating"": 8,
  ""good"": [
    {
      ""aspect"": ""Bar Path"",
      ""detail"": ""The bar maintains a consistent, vertical path directly over the midfoot throughout the movement.""
    },
    {
      ""aspect"": ""Depth"",
      ""detail"": ""The athlete achieves consistent depth, with the hip crease dropping below the level of the knee joint.""
    },
    {
      ""aspect"": ""Safety"",
      ""detail"": ""The rack safety pins are set at an appropriate height to allow for safe bailing if necessary.""
    }
  ],
  ""needs_improvement"": [
    {
      ""aspect"": ""Lumbar Stability"",
      ""detail"": ""There is a minor degree of 'butt wink' at the bottom of the squat, suggesting limited pelvic control or mobility under load.""
    },
    {
      ""aspect"": ""Chest Position"",
      ""detail"": ""There is a slight forward lean of the torso during the ascent, causing the chest to fall forward slightly relative to the hips.""
    }
  ],
  ""visual_anchors"": {
    ""start_timestamp"": ""00:07"",
    ""end_timestamp"": ""01:08""
  }
}"
"This is a back squat. Here’s a breakdown of the movement:

*   **Setup:** The individual approaches the squat rack, positions the barbell across their upper traps (high bar position), and unracks it with a secure grip.
*   **Execution:** 
    *   **Descending Phase:** The lifter initiates the movement by pushing their hips back and bending their knees simultaneously, maintaining an upright torso. They descend until their thighs are roughly parallel to the ground.
    *   **Ascending Phase:** They drive through their mid-foot and heels to return to the starting standing position.
*   **Safety/Form Notes:** Throughout the set, the lifter maintains a neutral spine, keeping their chest up and core engaged. They perform multiple controlled repetitions with a steady tempo, showcasing good balance and stability. 
*   **Completion:** After completing the set, the individual walks forward to carefully re-rack the barbell safely.","```json
{
  ""exercise"": ""barbell_back_squat"",
  ""rep_count"": 5,
  ""estimated_load"": ""moderate"",
  ""overall_rating"": 7,
  ""good"": [
    {
      ""aspect"": ""Heel Stability"",
      ""detail"": ""Heels maintain consistent contact with the floor throughout all repetitions.""
    },
    {
      ""aspect"": ""Knee Path"",
      ""detail"": ""Knees track well over the toes without significant inward or outward deviation.""
    }
  ],
  ""needs_improvement"": [
    {
      ""aspect"": ""Depth"",
      ""detail"": ""The hip crease does not consistently reach below the top of the patella, making these shallow squats.""
    },
    {
      ""aspect"": ""Upper Body"",
      ""detail"": ""There is a noticeable degree of forward chest lean during the descent, which shifts the load onto the lower back.""
    }
  ],
  ""visual_anchors"": {
    ""start_timestamp"": ""00:03"",
    ""end_timestamp"": ""00:58""
  }
}
```"
"The person in the video is performing a set of barbell back squats. Here's a breakdown of the form:

**What they're doing well:**
* **Depth:** They are achieving good depth, which is essential for engaging the glutes and quads effectively.
* **Control:** Each repetition is performed with a controlled tempo, indicating good stability and concentration.
* **Consistency:** The rhythm is steady throughout the set.

**Areas for improvement:**
* **Back Position:** There's a noticeable forward lean, often called a ""good morning"" squat. This happens when the hips rise faster than the chest, placing more strain on the lower back rather than the legs. 
* **Bar Path:** Ideally, the bar should travel in a straight vertical line over the mid-foot. The forward lean causes the bar to drift slightly forward, which can shift the center of gravity and make the lift more challenging to balance.
* **Upper Back Engagement:** Keeping the chest up and the core tight is crucial to prevent that forward lean. Focusing on squeezing the shoulder blades together (retraction) can help keep the torso more upright.

**Tips to improve:**
* **Work on Hip Mobility:** Sometimes, limited ankle or hip mobility forces the torso to lean forward to compensate. Incorporating warm-ups that target these areas can help.
* **Engage the Core:** Bracing the core hard before initiating the descent can provide more stability for the spine.
* **Cue ""Chest Up"":** As they begin to drive upward, focusing on leading with the chest rather than the hips can help correct the forward lean.

Overall, it's a solid, controlled set of squats, but focusing on maintaining a more upright torso will help optimize the movement and protect the lower back.","```json
{
  ""exercise"": ""barbell_back_squat"",
  ""rep_count"": 1,
  ""estimated_load"": ""moderate"",
  ""overall_rating"": 7,
  ""good"": [
    {
      ""aspect"": ""Foot Stability"",
      ""detail"": ""The athlete maintains excellent contact with the ground; no heel lift is observed during the descent or ascent.""
    },
    {
      ""aspect"": ""Knee Tracking"",
      ""detail"": ""Knees track over the toes consistently throughout the movement with no visible valgus collapse.""
    }
  ],
  ""needs_improvement"": [
    {
      ""aspect"": ""Range of Motion"",
      ""detail"": ""The hip crease does not clearly break the plane parallel to the top of the patella, indicating the rep is slightly shallow.""
    },
    {
      ""aspect"": ""Torso Inclination"",
      ""detail"": ""There is significant forward torso lean and chest fall as the depth increases, placing higher strain on the lumbar spine.""
    },
    {
      ""aspect"": ""Safety"",
      ""detail"": ""The safety pins are positioned too high for a full-depth squat, which may have contributed to the restricted range of motion.""
    }
  ],
  ""visual_anchors"": {
    ""start_timestamp"": ""00:14"",
    ""end_timestamp"": ""00:55""
  }
}
```"
"The individual in the video is performing Smith machine squats, which can be a good way to build strength and muscle in the legs, glutes, and core. However, there are a few things to keep in mind when using this machine:

* **Foot placement:** It is important to place your feet slightly in front of your body to ensure proper form and avoid strain on your lower back.
* **Range of motion:** Make sure you go down until your thighs are at least parallel to the floor.
* **Control:** Maintain control throughout the entire movement, avoiding using momentum to lift the weight.
* **Back position:** Keep your back straight and core engaged throughout the entire movement. 

If you're new to this exercise, it's a good idea to start with lighter weights and focus on your form before increasing the load. Additionally, it's always a good idea to consult with a fitness professional or trainer to ensure that you are performing the exercise correctly and safely.","```json
{
  ""exercise"": ""barbell_back_squat"",
  ""rep_count"": 5,
  ""estimated_load"": ""moderate"",
  ""overall_rating"": 7,
  ""good"": [
    {
      ""aspect"": ""Heel Stability"",
      ""detail"": ""Heels remain in firm contact with the floor throughout all five repetitions, demonstrating good ankle mobility and weight distribution.""
    },
    {
      ""aspect"": ""Bar Path"",
      ""detail"": ""The bar maintains a relatively vertical path directly over the midfoot, indicating good control and balance.""
    }
  ],
  ""needs_improvement"": [
    {
      ""aspect"": ""Squat Depth"",
      ""detail"": ""The hips do not reach the parallel mark (hip crease below the top of the patella) on most repetitions, qualifying these as partial squats.""
    },
    {
      ""aspect"": ""Lumbar Stability"",
      ""detail"": ""There is a minor degree of 'butt wink' (posterior pelvic tilt) occurring at the bottom of the movement, likely due to the torso leaning too far forward.""
    },
    {
      ""aspect"": ""Upper Body Posture"",
      ""detail"": ""The chest drops slightly during the descent, placing additional shear stress on the lower back.""
    }
  ],
  ""visual_anchors"": {
    ""start_timestamp"": ""00:21"",
    ""end_timestamp"": ""00:58""
  }
}
```"
"This is a classic barbell back squat, focusing on strength and power with a relatively heavy weight. Here are some observations based on the video:

*   **Execution:** The lifter is performing sets of squats with a barbell on their shoulders. They use a controlled descent and focus on keeping their back upright and chest out—a crucial cue for maintaining proper spinal alignment under load.
*   **Form:** You can see the lifter working on specific technique adjustments, particularly focusing on keeping their head driven back to avoid leaning forward too much at the chest. The depth of the squats appears sufficient to engage the glutes and quads effectively.
*   **Intensity:** The lift is performed with a significant weight (230-260 lbs), indicated by the text overlays. The use of a lifting belt suggests the lifter is bracing their core to stabilize their spine for these heavier sets.
*   **Environment:** The setting is a commercial gym with standard rack equipment. A ""spotter"" is present, which is a great safety practice when pushing near-maximal effort.

**A note on technique:** While the lifter is making a concerted effort to maintain an upright torso, there is a slight tendency to ""good morning"" the weight (hips rising faster than the shoulders) on the final reps of the 260 lb set. This often happens as fatigue sets in and is a common area for refinement in squat training. Maintaining that ""head back"" cue is definitely the right approach to fix this!","```json
{
  ""exercise"": ""barbell_back_squat"",
  ""rep_count"": 5,
  ""estimated_load"": ""heavy"",
  ""overall_rating"": 7,
  ""good"": [
    {
      ""aspect"": ""Stability"",
      ""detail"": ""Excellent heel contact throughout the movement, no signs of lifting.""
    },
    {
      ""aspect"": ""Depth"",
      ""detail"": ""Consistent depth achieved with the hip crease consistently passing below the top of the patella.""
    },
    {
      ""aspect"": ""Safety"",
      ""detail"": ""Proper use of safety pins within the power rack facilitates safe execution.""
    }
  ],
  ""needs_improvement"": [
    {
      ""aspect"": ""Upper Body Posture"",
      ""detail"": ""There is noticeable forward lean (chest fall) as the sets progress, indicating potential weakness in thoracic extension or core engagement under load.""
    },
    {
      ""aspect"": ""Lumbar Stability"",
      ""detail"": ""Minor 'butt wink' (posterior pelvic tilt) is visible at the very bottom of the squat, likely due to reaching end-range hip mobility.""
    }
  ],
  ""visual_anchors"": {
    ""start_timestamp"": ""00:43"",
    ""end_timestamp"": ""01:21""
  }
}
```"
"The user is performing a **Smith machine back squat**.

This exercise effectively targets the quadriceps, glutes, and core. Using the Smith machine provides a fixed path, which can be useful for stability, especially for beginners or those working with heavier weights.

### **Observations on Form:**

*   **Foot Placement:** The user has placed their feet slightly in front of the bar. This is a common adjustment for Smith machine squats to help keep the torso more upright and shift some of the load to the quadriceps. 
*   **Depth:** They are achieving a good depth, bringing their thighs roughly parallel to the floor, which is standard for a full-range squat.
*   **Control:** The movement is controlled and rhythmic, with a consistent pace between reps, indicating good focus on muscle activation.
*   **Setup:** They appear to be keeping their chest up and back straight, which helps protect the spine during the lift.

**Pro Tip:** To maximize the effectiveness of this exercise, ensure that your knees track directly over your toes throughout the movement and avoid locking your knees at the top of the lift. Keep your core braced throughout the set to provide optimal support for your lower back.","```json
{
  ""exercise"": ""barbell_back_squat"",
  ""rep_count"": 5,
  ""estimated_load"": ""heavy"",
  ""overall_rating"": 8,
  ""good"": [
    {
      ""aspect"": ""Stability"",
      ""detail"": ""The athlete maintains good foot contact with the floor, showing no signs of heel lift or excessive shifting during the ascent.""
    },
    {
      ""aspect"": ""Range of Motion"",
      ""detail"": ""Consistent depth is achieved throughout all reps, with the hip crease consistently breaking parallel with the knee.""
    }
  ],
  ""needs_improvement"": [
    {
      ""aspect"": ""Spinal Alignment"",
      ""detail"": ""There is noticeable lumbar flexion (butt wink) at the bottom of the movement, suggesting limited hip mobility or core bracing.""
    },
    {
      ""aspect"": ""Upper Body Position"",
      ""detail"": ""There is a slight forward chest collapse in the later repetitions, indicating fatigue and a need to focus on keeping the thoracic spine extended.""
    }
  ],
  ""visual_anchors"": {
    ""start_timestamp"": ""00:00"",
    ""end_timestamp"": ""01:05""
  }
}
```"
"The video shows a man performing a set of barbell back squats in a home gym. Here is a breakdown of the performance:

**Technique Analysis:**
* **Range of Motion:** The individual maintains a consistent, controlled depth, reaching parallel or slightly below in each repetition. 
* **Form:** He keeps his torso relatively upright, which helps maintain balance under the load. His knee tracking is stable, and he maintains a neutral spine throughout the movement.
* **Control:** Each repetition is deliberate and controlled, showing good muscular endurance and stability. 
* **Safety:** He utilizes the power rack effectively, setting the safety pins at an appropriate height to prevent injury should he fail a rep.

Overall, this is a very solid and disciplined set of squats. The consistency in his movement pattern from the first rep to the last is particularly impressive, suggesting good form and training control.","{
  ""exercise"": ""barbell_back_squat"",
  ""rep_count"": 1,
  ""estimated_load"": ""heavy"",
  ""overall_rating"": 8,
  ""good"": [
    {
      ""aspect"": ""Bar Path"",
      ""detail"": ""The bar maintains a stable, vertical trajectory over the mid-foot throughout the entire repetition.""
    },
    {
      ""aspect"": ""Foot Stability"",
      ""detail"": ""The lifter maintains solid contact with the floor, with no visible heel lift during the descent or ascent.""
    },
    {
      ""aspect"": ""Depth"",
      ""detail"": ""The lifter successfully achieves a hip crease depth below the top of the patella, satisfying the standard for a full squat.""
    }
  ],
  ""needs_improvement"": [
    {
      ""aspect"": ""Chest Position"",
      ""detail"": ""There is a slight forward lean of the torso/chest as the lifter reaches the bottom of the squat, which could put more strain on the lower back.""
    },
    {
      ""aspect"": ""Butt Wink"",
      ""detail"": ""A minor amount of posterior pelvic tilt ('butt wink') is visible at the very bottom of the squat, likely due to reaching end-range hip mobility.""
    }
  ],
  ""visual_anchors"": {
    ""start_timestamp"": ""00:06"",
    ""end_timestamp"": ""01:00""
  }
}"
"The individual is performing a standard barbell back squat. Here’s a breakdown of the exercise:

*   **Setup:** He begins by positioning the barbell on his upper back/shoulders, securing it with his hands, and lifting it off the rack. He then takes a few steps back to establish a stable stance with his feet roughly shoulder-width apart.
*   **Execution:** He squats down by bending his knees and pushing his hips back. Throughout the movement, he maintains a relatively upright torso while keeping the barbell balanced across his shoulders. He goes down until his thighs are roughly parallel to the floor before standing back up to complete each repetition.
*   **Conclusion:** After completing a series of repetitions, he walks forward to re-rack the barbell, safely setting it back onto the machine's supports.

Throughout the exercise, the individual maintains good control over the barbell and consistent form, keeping his core engaged and his movements deliberate.","{
  ""exercise"": ""barbell_back_squat"",
  ""rep_count"": 1,
  ""estimated_load"": ""heavy"",
  ""overall_rating"": 8,
  ""good"": [
    {
      ""aspect"": ""Range of Motion"",
      ""detail"": ""The lifter achieves sufficient depth, with the hip crease dropping below the level of the knee joint.""
    },
    {
      ""aspect"": ""Bar Path"",
      ""detail"": ""The bar maintains a relatively vertical and stable path throughout the eccentric and concentric phases.""
    },
    {
      ""aspect"": ""Foot Stability"",
      ""detail"": ""Heels remain in firm contact with the floor throughout the entire movement, providing a solid base.""
    }
  ],
  ""needs_improvement"": [
    {
      ""aspect"": ""Lumbar Spine Control"",
      ""detail"": ""There is a minor degree of 'butt wink' at the bottom of the squat, suggesting a need for better pelvic control or increased hip mobility.""
    },
    {
      ""aspect"": ""Torso Angle"",
      ""detail"": ""The torso experiences slight forward leaning at the start of the ascent, indicating a tendency to shift the load onto the lower back rather than maintaining optimal upright positioning.""
    }
  ],
  ""visual_anchors"": {
    ""start_timestamp"": ""00:32"",
    ""end_timestamp"": ""01:00""
  }
}"
"The video shows a person performing back squats. Here are some observations regarding their form:

* **Stance and Depth:** The individual is using a wide stance and achieving significant depth, with their hips dropping below the knee level (often referred to as an ""ass-to-grass"" squat).
* **Back Position:** The athlete maintains a relatively upright torso throughout the movement, which puts a significant emphasis on the quads. 
* **Equipment:** They are utilizing a power rack for safety and wearing knee sleeves for joint support.
* **Control:** The squats appear to be performed with a deliberate tempo, focusing on a controlled descent and a powerful upward drive. 
* **Form Cues:** The feet remain flat on the floor, and the heels do not lift during the movement, which is a sign of good mobility and stability. 

Overall, the individual demonstrates a strong, technically sound squat technique with a focus on full range of motion.","{
  ""exercise"": ""barbell_back_squat"",
  ""rep_count"": 8,
  ""estimated_load"": ""moderate"",
  ""overall_rating"": 8,
  ""good"": [
    {
      ""aspect"": ""Range of Motion"",
      ""detail"": ""Consistent depth achieved on all repetitions, reaching at least parallel.""
    },
    {
      ""aspect"": ""Stability"",
      ""detail"": ""Heels remain firmly planted throughout the movement, indicating good balance.""
    },
    {
      ""aspect"": ""Safety"",
      ""detail"": ""The squat rack safety pins are properly adjusted to the correct height for safety.""
    }
  ],
  ""needs_improvement"": [
    {
      ""aspect"": ""Lumbar Stability"",
      ""detail"": ""Slight pelvic tilt ('butt wink') is observable at the bottom of the movement on several reps.""
    },
    {
      ""aspect"": ""Bar Path"",
      ""detail"": ""Minimal but noticeable forward chest fall on the ascent, causing the bar path to drift slightly forward of mid-foot.""
    }
  ],
  ""visual_anchors"": {
    ""start_timestamp"": ""00:09"",
    ""end_timestamp"": ""00:55""
  }
}"
"The user is performing barbell back squats. The barbell is resting on the traps, and the user completes multiple repetitions by lowering their hips until their thighs are parallel to the floor before standing back up. Throughout the exercise, the user maintains a neutral spine and keeps their heels flat on the floor.","```json
{
  ""exercise"": ""barbell_back_squat"",
  ""rep_count"": 8,
  ""estimated_load"": ""moderate"",
  ""overall_rating"": 7,
  ""good"": [
    {
      ""aspect"": ""Bar path"",
      ""detail"": ""The vertical bar path is consistent throughout the repetitions, showing good control and balance.""
    },
    {
      ""aspect"": ""Foot stability"",
      ""detail"": ""The heels remain firmly planted on the ground throughout the movement, providing a solid base of support.""
    }
  ],
  ""needs_improvement"": [
    {
      ""aspect"": ""Depth"",
      ""detail"": ""Most repetitions fall slightly short of the hip crease passing below the top of the patella.""
    },
    {
      ""aspect"": ""Lumbar control"",
      ""detail"": ""There is slight posterior pelvic tilt ('butt wink') noted at the bottom of the squat as depth increases.""
    },
    {
      ""aspect"": ""Upper body positioning"",
      ""detail"": ""There is minor chest fall noted during the ascent of the final repetitions, suggesting potential fatigue.""
    }
  ],
  ""visual_anchors"": {
    ""start_timestamp"": ""00:15"",
    ""end_timestamp"": ""01:16""
  }
}
```"
"The person in the video is performing a **back squat**. Here is a breakdown of their form:

**What they are doing well:**
* **Depth:** The lifter is achieving good depth, consistently reaching a position where their thighs are parallel to or below the floor.
* **Control:** Each repetition is performed with a controlled tempo on the descent (eccentric phase), which is good for muscle engagement and safety.
* **Back position:** Their spine remains in a relatively neutral, straight position throughout the movement, which is essential for protecting the lower back.

**Areas for improvement:**
* **Heel lift:** It is important to notice that the lifter's heels are lifting slightly off the ground at the bottom of the squat. This is a common issue often caused by limited ankle mobility or a need for different footwear. Keeping the heels planted firmly helps with balance, stability, and force production.
* **Knee alignment:** As the lifter descends, their knees are caving inward slightly (knee valgus). For a safer and more effective squat, you should try to push your knees outward so they track in line with your toes.

**Recommendations:**
* **Ankle Mobility:** Work on ankle mobility exercises to help keep your heels grounded during the squat.
* **Footwear:** Consider wearing lifting shoes with a raised heel, which can compensate for ankle mobility issues and provide a more stable base.
* **Form Cues:** Focus on the cue ""spread the floor with your feet"" to help keep your knees tracking correctly and prevent them from caving inward. 

Overall, this is a solid set of back squats with a good range of motion. Making these small adjustments to your stance and knee alignment will help make the exercise even more effective and safe.","```json
{
  ""exercise"": ""barbell_back_squat"",
  ""rep_count"": 8,
  ""estimated_load"": ""moderate"",
  ""overall_rating"": 7,
  ""good"": [
    {
      ""aspect"": ""Foot Stability"",
      ""detail"": ""The athlete maintains consistent heel contact with the floor throughout the movement.""
    },
    {
      ""aspect"": ""Knee Tracking"",
      ""detail"": ""Knees track well over the toes without significant valgus collapse during the eccentric or concentric phases.""
    },
    {
      ""aspect"": ""Depth"",
      ""detail"": ""The athlete achieves consistent depth, with the hip crease dropping below the top of the patella on all repetitions.""
    }
  ],
  ""needs_improvement"": [
    {
      ""aspect"": ""Upper Body / Torso Angle"",
      ""detail"": ""The athlete experiences significant chest fall during the ascent, particularly as fatigue sets in, shifting the focus towards a 'good morning' style squat.""
    },
    {
      ""aspect"": ""Pelvic Stability"",
      ""detail"": ""Mild 'butt wink' (posterior pelvic tilt) is noticeable at the bottom of the movement, likely due to limited hip/hamstring mobility.""
    },
    {
      ""aspect"": ""Bar Path"",
      ""detail"": ""Due to the torso tilting forward, the bar path moves away from the ideal vertical line over the midfoot, creating unnecessary stress on the lumbar spine.""
    }
  ],
  ""visual_anchors"": {
    ""start_timestamp"": ""00:01"",
    ""end_timestamp"": ""01:06""
  }
}
```"
"The individual in the video is performing a back squat with a barbell. Here are some observations regarding their form and potential areas for improvement:

*   **Forward Lean:** As the lifter notes, there is a noticeable forward lean of the torso during the ascent. This can be caused by a few factors:
    *   **Imbalanced Weight Distribution:** If the weight is too far forward over the toes rather than centered over the mid-foot, the body compensates by tilting the torso forward.
    *   **Weak Core/Lower Back:** Difficulty maintaining an upright posture can indicate that the core or lower back muscles are struggling to stabilize the load, causing the chest to collapse forward under tension.
    *   **Ankle Mobility:** Restricted ankle dorsiflexion (the ability to bend the ankle) can force the body to lean forward to maintain balance as the knees travel forward. 
*   **Depth:** The lifter is achieving good depth, which is excellent for full muscle engagement in the quads, glutes, and hamstrings.
*   **Bar Placement:** The barbell appears to be in a ""high bar"" position, sitting atop the trapezius muscles. This naturally requires a slightly more upright torso than a ""low bar"" squat; if the lifter intends to keep the chest very upright, they may need to focus on driving their elbows forward and maintaining high tension through their upper back.

**Recommendations:**
1.  **Lower the Weight:** To fix the form, try reducing the weight slightly to prioritize control and alignment over total load.
2.  **Focus on ""The Drive"":** On the way up, consciously think about ""driving the upper back into the bar"" and keeping the chest ""up"" throughout the entire movement. 
3.  **Check Mobility:** Perform a quick assessment of your ankle and hip mobility to ensure those aren't the limiting factors causing the compensatory forward lean.
4.  **Core Bracing:** Ensure you are properly ""bracing""—taking a deep breath into the belly and creating intra-abdominal pressure—before initiating the descent. This will provide a more stable foundation for your spine.

Always consider consulting a certified strength and conditioning coach for personalized feedback, as they can observe your mechanics in real-time and provide targeted cues.","```json
{
  ""exercise"": ""barbell_back_squat"",
  ""rep_count"": 5,
  ""estimated_load"": ""heavy"",
  ""overall_rating"": 7,
  ""good"": [
    {
      ""aspect"": ""Range of Motion"",
      ""detail"": ""Consistent depth is achieved on all reps, with the hip crease descending below the top of the patella.""
    },
    {
      ""aspect"": ""Stability"",
      ""detail"": ""The lifter maintains solid foot contact with the ground throughout the movement; no visible heel lift or shifting.""
    }
  ],
  ""needs_improvement"": [
    {
      ""aspect"": ""Torso Angle"",
      ""detail"": ""The lifter experiences significant forward chest fall during the ascent, placing unnecessary stress on the lower back.""
    },
    {
      ""aspect"": ""Hip Drive"",
      ""detail"": ""The hips rise faster than the chest at the bottom of the squat, effectively turning the lift into a 'good morning' squat.""
    },
    {
      ""aspect"": ""Bar Path"",
      ""detail"": ""The bar path shifts slightly forward of the mid-foot during the transition from the bottom of the movement, indicating a loss of core rigidity.""
    }
  ],
  ""visual_anchors"": {
    ""start_timestamp"": ""00:32"",
    ""end_timestamp"": ""01:04""
  }
}
```"
"This video features several examples of powerlifting squats, highlighting the specific reasons why a lift might be disqualified by judges. Here are the key technical points:

*   **Depth:** The athlete's hip crease must drop below the top of the knee. Failing to go deep enough, or ""cutting depth,"" results in a red light from the judges.
*   **Start Command:** Athletes must wait for the ""Start"" command before beginning the descent. Moving before this command results in a failed lift.
*   **Controlled Movement:** The bar must travel in a continuous upward motion during the lift. If the bar dips, drops, or hitches, the referees will issue a red light. 
*   **Locked Knees:** At both the start and finish of the lift, the athlete’s knees must be fully locked out.
*   **Rack Command:** Even after completing the lift, the athlete must wait for the ""Rack"" command before placing the bar back onto the uprights. Moving to rack the weight too early is a common cause for a failed attempt.","```json
{
  ""exercise"": ""barbell_back_squat"",
  ""rep_count"": 1,
  ""estimated_load"": ""heavy"",
  ""overall_rating"": 8,
  ""good"": [
    {
      ""aspect"": ""Knee Stability"",
      ""detail"": ""Athlete demonstrates strong lateral stability with no signs of medial knee collapse (valgus) during the descent or ascent phases.""
    },
    {
      ""aspect"": ""Depth Consistency"",
      ""detail"": ""Athlete clearly achieves competition standard depth, with the hip crease descending below the top of the patella.""
    }
  ],
  ""needs_improvement"": [
    {
      ""aspect"": ""Bar Path"",
      ""detail"": ""Minor forward lean in the upper torso is present, creating a slightly inefficient vertical bar path at the transition point.""
    },
    {
      ""aspect"": ""Heel Stability"",
      ""detail"": ""Very slight shifting noted at the base, potentially indicating a need for better weight distribution across the mid-foot to prevent minor heel instability.""
    }
  ],
  ""visual_anchors"": {
    ""start_timestamp"": ""00:16"",
    ""end_timestamp"": ""00:19""
  }
}
```"
"This video features a man performing a barbell back squat set in a gym. Here's a breakdown of his performance:

**Technique Analysis:**

*   **Execution:** The individual completes five repetitions with good form. He demonstrates a controlled descent, maintaining a relatively neutral spine throughout the movement. 
*   **Depth:** He achieves a solid depth on each rep, going below parallel, which is excellent for engaging the glutes and quadriceps effectively.
*   **Safety:** The use of the squat rack and safety pins is a crucial safety measure, as it provides a safety net if he were to fail a repetition.

**Suggestions for Improvement:**

*   **Heel Stability:** The man is wearing socks, which may reduce stability during the lift compared to wearing flat-soled lifting shoes. A solid, stable base is essential for power production and safety.
*   **Back Arch:** On a few repetitions, there is a slight rounding of the lower back at the bottom of the squat. To mitigate this, focusing on bracing the core (""breathing into the belly"") and maintaining a more upright chest position can help keep the spine neutral under load.

Overall, this is a solid, well-executed set of back squats performed in a safe environment. Consistent practice with an emphasis on core bracing will help refine his technique as he continues his strength training journey.","```json
{
  ""exercise"": ""barbell_back_squat"",
  ""rep_count"": 5,
  ""estimated_load"": ""moderate"",
  ""overall_rating"": 8,
  ""good"": [
    {
      ""aspect"": ""Stability"",
      ""detail"": ""Excellent heel contact throughout the movement, no visible heel lift.""
    },
    {
      ""aspect"": ""Depth"",
      ""detail"": ""Consistently achieved depth where the hip crease passes below the top of the patella.""
    },
    {
      ""aspect"": ""Controlled Eccentric"",
      ""detail"": ""Maintain a steady, controlled descent pace for all repetitions.""
    }
  ],
  ""needs_improvement"": [
    {
      ""aspect"": ""Spinal Alignment"",
      ""detail"": ""Slight 'butt wink' observed at the bottom of the squat, suggesting the need for improved pelvic control or hamstring flexibility.""
    },
    {
      ""aspect"": ""Upper Body Position"",
      ""detail"": ""Minor chest fall noticed on the 3rd and 4th repetitions, indicating potential fatigue or core stability breakdown.""
    }
  ],
  ""visual_anchors"": {
    ""start_timestamp"": ""00:15"",
    ""end_timestamp"": ""01:08""
  }
}
```"
"The exercise shown is a **Hack Squat**, a staple machine-based movement designed to isolate the quadriceps while providing the stability of a fixed path of motion.

Here is a breakdown of the specific techniques and biomechanical focuses being employed in this video:

### 1. The ""Pause"" Technique (Iso-hold)
The individual is performing **paused repetitions**. By stopping at the bottom of the movement (the point of maximum stretch), the individual removes the ""stretch reflex"" (the momentum generated by the elastic property of the muscles). This forces the quadriceps to work harder to initiate the upward phase, significantly increasing the intensity and time under tension of each rep.

### 2. Full Range of Motion (ROM)
The coach is instructing the lifter to ""drop,"" emphasizing hitting a deep depth. In a hack squat, going deeper allows for maximum knee flexion, which creates a greater stimulus for the vastus medialis (the ""teardrop"" muscle near the knee) and the other quadriceps muscles.

### 3. Progressive Overload and Mechanical Drop Sets
The video shows the lifter adjusting his foot placement to change the mechanical leverage of the exercise:
* **Foot placement:** Placing the feet on a small weight plate (or adjusting them lower on the platform) allows for greater knee travel over the toes. This increases the degree of knee flexion, shifting the emphasis away from the glutes and lower back and placing more demand directly onto the quads.
* **The ""Touch"" Cue:** The coach places a hand on the lifter's lower back as a cue. When the lifter touches the hand, they are instructed to reverse the motion immediately. This ensures the lifter doesn't ""cheat"" by stopping short or relying on the machine’s lockout mechanism at the top.

### 4. Training Stimulus
The lifter remarks that ""it felt like the quad was gonna rip off the bone."" This refers to a high level of **metabolic stress** and localized muscle fatigue. By combining deep pauses with high-intensity coaching, the goal of this workout is clearly **hypertrophy (muscle growth)** and muscular endurance.

**Safety Note:** This style of training is advanced. It requires significant ankle mobility to maintain heel contact with the platform while the knees track far forward. If mobility is lacking, the heels may lift, which increases shear force on the knee joint.","```json
{
  ""exercise"": ""hack_squat"",
  ""rep_count"": 8,
  ""estimated_load"": ""heavy"",
  ""overall_rating"": 8,
  ""good"": [
    {
      ""aspect"": ""Knee Path"",
      ""detail"": ""Excellent control of the knees; they track forward over the toes without any signs of medial collapse (valgus).""
    },
    {
      ""aspect"": ""Foot Stability"",
      ""detail"": ""The athlete maintains full contact with the platform throughout the duration of the set; no evidence of heel lift.""
    },
    {
      ""aspect"": ""Spinal Alignment"",
      ""detail"": ""The spine remains neutral, supported by the machine's back pad, preventing excessive lumbar flexion or 'butt wink'.""
    }
  ],
  ""needs_improvement"": [
    {
      ""aspect"": ""Depth"",
      ""detail"": ""While the stimulus is high, some reps could benefit from hitting a slightly deeper hip-to-crease level relative to the patella to maximize glute activation.""
    },
    {
      ""aspect"": ""Upper Body Engagement"",
      ""detail"": ""As fatigue sets in, there is a slight tendency to round the upper thoracic spine forward; maintaining a tighter core and chest-up position is critical for safety under high load.""
    }
  ],
  ""visual_anchors"": {
    ""start_timestamp"": ""00:00"",
    ""end_timestamp"": ""01:03""
  }
}
```"
"This squat is being performed on a Smith machine, which provides a fixed path for the barbell, making it a stable way to focus on the movement. Here's a breakdown of the form:

*   **Foot Placement:** The feet are positioned slightly forward, which is standard for a Smith machine squat. This setup helps to shift more emphasis to the quadriceps and allows for a more upright torso.
*   **Range of Motion:** The individual is consistently reaching a depth where the thighs are approximately parallel to the floor, which is a great target for building leg strength.
*   **Controlled Tempo:** The movement is performed with a steady, controlled tempo, which is excellent for building muscle, ensuring that momentum isn't doing the work.
*   **Torso Angle:** The torso remains relatively upright throughout the lift, which helps to maintain good spinal alignment and again, focuses the effort on the legs.

Overall, this is a solid, controlled set of squats, showing good awareness of form.","```json
{
  ""exercise"": ""barbell_back_squat"",
  ""rep_count"": 6,
  ""estimated_load"": ""moderate"",
  ""overall_rating"": 8,
  ""good"": [
    {
      ""aspect"": ""Heel Stability"",
      ""detail"": ""The lifter maintains solid contact with the ground throughout the entire set; no evidence of heel lift.""
    },
    {
      ""aspect"": ""Bar Path"",
      ""detail"": ""The barbell exhibits a consistent, vertical path over the mid-foot throughout the repetitions.""
    },
    {
      ""aspect"": ""Knee Tracking"",
      ""detail"": ""Knees track well over the toes with no visible medial collapse (valgus) during the ascent or descent.""
    }
  ],
  ""needs_improvement"": [
    {
      ""aspect"": ""Depth"",
      ""detail"": ""The hip crease does not consistently break the plane of the top of the patella; reps are slightly high.""
    },
    {
      ""aspect"": ""Chest Position"",
      ""detail"": ""There is a minor tendency for the chest to fall slightly forward as the set progresses, suggesting a need to better maintain thoracic extension.""
    }
  ],
  ""visual_anchors"": {
    ""start_timestamp"": ""00:06"",
    ""end_timestamp"": ""00:27""
  }
}
```"
"In the video, a man is performing a barbell back squat. Here's a breakdown of the movement:

*   **Setup:** He begins standing with a barbell positioned across his upper back. His feet are shoulder-width apart, and he's wearing a lifting belt for support.
*   **Descent:** He initiates the squat by pushing his hips back and bending his knees simultaneously, keeping his chest upright and his core engaged. He lowers his hips until his thighs are approximately parallel to the floor.
*   **Ascent:** After reaching the bottom position, he pushes through his heels to return to the starting standing position.

The individual maintains a controlled and steady tempo throughout the entire repetition, showcasing good form and focus.","```json
{
  ""exercise"": ""barbell_back_squat"",
  ""rep_count"": 1,
  ""estimated_load"": ""heavy"",
  ""overall_rating"": 8,
  ""good"": [
    {
      ""aspect"": ""Stability"",
      ""detail"": ""The athlete maintains excellent foot contact with the floor throughout the entire movement, showing no signs of heel lift.""
    },
    {
      ""aspect"": ""Knee Path"",
      ""detail"": ""Knees track over the toes consistently with no observable valgus (medial collapse).""
    },
    {
      ""aspect"": ""Core engagement"",
      ""detail"": ""Effective use of the lifting belt and maintained trunk rigidity through the descent and ascent.""
    }
  ],
  ""needs_improvement"": [
    {
      ""aspect"": ""Depth"",
      ""detail"": ""The hip crease does not clearly break the plane parallel to the top of the patella, making it a high squat rather than a full-depth squat.""
    },
    {
      ""aspect"": ""Bar Path"",
      ""detail"": ""There is a slight forward chest lean as the athlete initiates the drive out of the hole, indicating a potential weakness in thoracic extension under heavy load.""
    }
  ],
  ""visual_anchors"": {
    ""start_timestamp"": ""00:00"",
    ""end_timestamp"": ""00:18""
  }
}
```"
"This squat is a **back squat**, where the barbell is positioned across the upper back, specifically on the trapezius muscles. The exercise involves lowering the hips and then pushing back up to a standing position, with the weight challenging leg and core muscles. 

In this specific instance, the form is a bit off:
* **Incomplete Range of Motion:** The squats are quite shallow; the hips do not descend to parallel or below, which is typically recommended for maximizing muscle engagement in the glutes and quadriceps.
* **Back Positioning:** The forward lean of the torso is significant, suggesting the weight may be quite heavy for the person and that they might be relying more on the lower back than on the legs. 

If you are performing these exercises, ensure your form is correct to prevent injury. Consider consulting a fitness professional to ensure safe execution.","```json
{
  ""exercise"": ""barbell_back_squat"",
  ""rep_count"": 5,
  ""estimated_load"": ""heavy"",
  ""overall_rating"": 8,
  ""good"": [
    {
      ""aspect"": ""Range of Motion"",
      ""detail"": ""Consistent depth achieved on all 5 repetitions, consistently breaking parallel.""
    },
    {
      ""aspect"": ""Bar Path"",
      ""detail"": ""The barbell maintains a relatively vertical trajectory, centered over the mid-foot throughout the movement.""
    }
  ],
  ""needs_improvement"": [
    {
      ""aspect"": ""Lumbar Stability"",
      ""detail"": ""Evidence of slight 'butt wink' at the bottom of the squat, suggesting limited hamstring or glute flexibility at full depth.""
    },
    {
      ""aspect"": ""Upper Body Posture"",
      ""detail"": ""As fatigue sets in on the final rep, there is a minor amount of chest fall/forward lean during the ascent.""
    }
  ],
  ""visual_anchors"": {
    ""start_timestamp"": ""00:19"",
    ""end_timestamp"": ""00:53""
  }
}
```"
"The squat shown is a heavy barbell back squat. Key technique points include:

* **Stance:** The lifter uses a wider-than-shoulder-width stance.
* **Depth:** She reaches a good depth, with the hips dropping below the knee crease.
* **Torso/Back:** The spine is kept relatively neutral, and the chest remains upright throughout the movement.
* **Stability:** She is wearing a lifting belt and knee sleeves, which help support the core and joints under a heavy load. 
* **Control:** She performs the repetitions in a controlled, rhythmic manner, with a brief pause at the bottom of each rep.","{
  ""exercise"": ""barbell_back_squat"",
  ""rep_count"": 1,
  ""estimated_load"": ""heavy"",
  ""overall_rating"": 8,
  ""good"": [
    {
      ""aspect"": ""Bar Path"",
      ""detail"": ""The barbell maintains a consistent vertical path over the mid-foot throughout the movement.""
    },
    {
      ""aspect"": ""Foot Stability"",
      ""detail"": ""The feet remain fully planted on the floor with no visible heel lifting.""
    }
  ],
  ""needs_improvement"": [
    {
      ""aspect"": ""Depth"",
      ""detail"": ""The hip crease does not clearly break the plane of the patella, making the squat slightly high.""
    },
    {
      ""aspect"": ""Upper Body"",
      ""detail"": ""There is a slight forward lean of the torso, likely due to the difficulty of the load, shifting some stress to the lower back.""
    }
  ],
  ""visual_anchors"": {
    ""start_timestamp"": ""00:09"",
    ""end_timestamp"": ""00:15""
  }
}"
"The person in the video is performing a back squat, but with several technique errors that could lead to injury.

* **Incorrect Equipment/Setup:** They are using a Smith machine, but they are performing the movement on the wrong side of the machine (in front of the bar path instead of underneath the bar). This creates an unnatural, fixed path that doesn't align with natural human movement.
* **Bad Posture/Form:** They are arching their back significantly (lumbar hyperextension) and failing to maintain a neutral spine. The squat is also very shallow, meaning they aren't achieving full range of motion.
* **Safety Concerns:** Because of the setup and the way they are positioned, the weight is placing unnecessary stress on their lower back. 

**Recommendation:** To perform a safe and effective back squat, consider using a free-weight barbell in a squat rack and learning the proper form with a qualified trainer. You should focus on keeping your spine neutral, bracing your core, and reaching an appropriate depth for your anatomy.","{
  ""exercise"": ""barbell_back_squat"",
  ""rep_count"": 3,
  ""estimated_load"": ""moderate"",
  ""overall_rating"": 8,
  ""good"": [
    {
      ""aspect"": ""Knee Path"",
      ""detail"": ""Knees track well over the toes without significant valgus collapse throughout the reps.""
    },
    {
      ""aspect"": ""Bar Path"",
      ""detail"": ""The vertical path of the barbell remains consistent over the mid-foot.""
    },
    {
      ""aspect"": ""Safety"",
      ""detail"": ""The athlete has correctly positioned safety pins to prevent injury in case of failure.""
    }
  ],
  ""needs_improvement"": [
    {
      ""aspect"": ""Depth"",
      ""detail"": ""The athlete is consistently reaching parallel but not breaking the plane (hip crease is not clearly below the top of the patella).""
    },
    {
      ""aspect"": ""Upper Body"",
      ""detail"": ""There is a slight forward lean of the torso, which increases shear stress on the lower back.""
    },
    {
      ""aspect"": ""Foot Stability"",
      ""detail"": ""Very minor heel instability noticed; ensure weight remains firmly distributed across the entire foot.""
    }
  ],
  ""visual_anchors"": {
    ""start_timestamp"": ""00:06"",
    ""end_timestamp"": ""00:36""
  }
}"
"The user is performing a barbell back squat, but it is not a complete repetition. The movement stops well above parallel, effectively a partial squat, as the user begins ascending before their hips are at the same level as their knees.","{
  ""exercise"": ""barbell_back_squat"",
  ""rep_count"": 1,
  ""estimated_load"": ""heavy"",
  ""overall_rating"": 7,
  ""good"": [
    {
      ""aspect"": ""Bar Path"",
      ""detail"": ""The vertical path of the barbell remains relatively stable and over the mid-foot throughout the movement.""
    },
    {
      ""aspect"": ""Foot Stability"",
      ""detail"": ""Heels remain in contact with the ground throughout the duration of the lift, indicating proper weight distribution.""
    }
  ],
  ""needs_improvement"": [
    {
      ""aspect"": ""Depth"",
      ""detail"": ""The hip crease does not clearly break the plane below the top of the patella; it is a high squat.""
    },
    {
      ""aspect"": ""Chest Fall"",
      ""detail"": ""There is noticeable forward torso lean and chest drop at the bottom of the squat, shifting the load more onto the lower back than the legs.""
    },
    {
      ""aspect"": ""Safety"",
      ""detail"": ""The safety pins are set at an appropriate height, but the athlete is lifting without a spotter; while safety arms are engaged, caution is advised for near-maximal loads.""
    }
  ],
  ""visual_anchors"": {
    ""start_timestamp"": ""00:00"",
    ""end_timestamp"": ""00:06""
  }
}"
"This video shows a barbell back squat performed with poor technique, primarily due to the user not reaching the appropriate depth for the exercise.

*   **Depth:** The squat is quite shallow. To maximize muscle recruitment and overall effectiveness, a squat should reach a point where the hips are at or below the level of the knees (parallel). 
*   **Form:** Because the movement stops early, the lower back appears to be under tension, and the posterior chain is not being fully utilized. 
*   **Safety Suggestion:** To improve this movement, focus on controlled, full-range repetitions. Consider lowering the weight if necessary to ensure you can reach full depth safely. It would be beneficial to consult with a qualified personal trainer to help refine your form and alignment.","{
  ""exercise"": ""barbell_back_squat"",
  ""rep_count"": 1,
  ""estimated_load"": ""heavy"",
  ""overall_rating"": 8,
  ""good"": [
    {
      ""aspect"": ""Bar Path"",
      ""detail"": ""The bar maintains a consistent, vertical path directly over the midfoot throughout the movement.""
    },
    {
      ""aspect"": ""Foot Stability"",
      ""detail"": ""The feet remain firmly planted on the floor with no visible heel lift during the descent or ascent.""
    }
  ],
  ""needs_improvement"": [
    {
      ""aspect"": ""Depth"",
      ""detail"": ""The squat is slightly high; the hip crease does not clearly break the plane parallel to the top of the patella.""
    },
    {
      ""aspect"": ""Upper Body Angle"",
      ""detail"": ""There is a slight forward chest fall at the bottom of the movement, indicating a need for greater thoracic extension and core bracing.""
    }
  ],
  ""visual_anchors"": {
    ""start_timestamp"": ""00:00"",
    ""end_timestamp"": ""00:05""
  }
}"
"Based on the video, the user is performing what looks like a **back squat** using a Smith machine. 

Here are a few observations regarding their form:

* **Equipment Setup:** The bar path on a Smith machine is fixed, which forces a specific movement pattern. While the user is maintaining a stable base, their torso is leaning significantly forward as they descend, which creates more of a ""good morning"" style squat movement. This puts increased pressure on the lower back rather than isolating the glutes and quads.
* **Range of Motion:** They are achieving a decent depth, with their thighs reaching roughly parallel to the floor.
* **Form Tips:** To improve the squat, the user should try to keep their chest up and torso more upright throughout the movement. Shifting their feet slightly forward (away from directly under the bar) might help them maintain a better vertical posture as they descend, allowing the legs to do more of the work. 

**Disclaimer:** It is always a good idea to consult with a certified personal trainer or fitness professional to review your technique in person, especially when working with heavy weights, to ensure you are lifting safely and effectively.","```json
{
  ""exercise"": ""barbell_back_squat"",
  ""rep_count"": 5,
  ""estimated_load"": ""moderate-heavy"",
  ""overall_rating"": 8,
  ""good"": [
    {
      ""aspect"": ""Stability"",
      ""detail"": ""The athlete maintains good foot contact throughout the movement with no observable heel lift.""
    },
    {
      ""aspect"": ""Knee Mechanics"",
      ""detail"": ""Knee tracking is consistent with toes, showing no signs of valgus collapse.""
    },
    {
      ""aspect"": ""Depth"",
      ""detail"": ""Consistently reaches parallel depth, with the hip crease aligning with the top of the patella.""
    }
  ],
  ""needs_improvement"": [
    {
      ""aspect"": ""Upper Body Posture"",
      ""detail"": ""There is a slight forward lean of the torso/chest fall as the set progresses, shifting the load more onto the lower back.""
    },
    {
      ""aspect"": ""Pelvic Positioning"",
      ""detail"": ""Some minor 'butt wink' (posterior pelvic tilt) is noticeable at the bottom of the squats, likely due to limited hip mobility.""
    }
  ],
  ""visual_anchors"": {
    ""start_timestamp"": ""00:00"",
    ""end_timestamp"": ""00:40""
  }
}
```"
"The video shows a male athlete performing multiple repetitions of a barbell back squat. Here’s a breakdown of his form:

*   **Execution:** The lifter maintains a controlled tempo, lowering into a deep squat position and pushing back up to a standing position for each rep.
*   **Stance:** He uses a moderate-width stance, which is standard for a traditional back squat, providing a stable base.
*   **Back Position:** He maintains a relatively upright torso throughout the movement. While he has a slight forward lean, which is common in back squats, his back remains straight, showing good core engagement.
*   **Range of Motion:** He consistently achieves ""below parallel"" depth, where his hip crease drops below the top of his knees. This indicates excellent hip mobility and effective muscle recruitment.
*   **Overall Technique:** His form is consistent across all repetitions, reflecting good control and stability under the load.","```json
{
  ""exercise"": ""barbell_back_squat"",
  ""rep_count"": 5,
  ""estimated_load"": ""moderate"",
  ""overall_rating"": 7,
  ""good"": [
    {""aspect"": ""depth"", ""detail"": ""The athlete consistently reaches parallel or below parallel in every repetition.""},
    {""aspect"": ""bar path"", ""detail"": ""The bar maintains a relatively vertical path, indicating good control and stability.""},
    {""aspect"": ""foot stability"", ""detail"": ""Heels remain firmly planted on the ground throughout the entire range of motion.""}
  ],
  ""needs_improvement"": [
    {""aspect"": ""lumbar posture"", ""detail"": ""There is a noticeable degree of 'butt wink' at the bottom of the squat, indicating potential pelvic tilt or limited hip mobility.""},
    {""aspect"": ""knee tracking"", ""detail"": ""There is a slight tendency for medial knee collapse (valgus) during the ascent of several repetitions.""},
    {""aspect"": ""safety"", ""detail"": ""Safety pins are set appropriately low, but it is recommended to ensure they are at a height that allows for safe bailing if needed.""}
  ],
  ""visual_anchors"": {
    ""start_timestamp"": ""00:15"",
    ""end_timestamp"": ""00:39""
  }
}
```"
"The individual in the video is performing a back squat, a fundamental compound exercise that primarily targets the quadriceps, hamstrings, and glutes.

Here is a breakdown of the form:

*   **Execution:** The individual maintains an upright torso, initiating the descent by pushing their hips back while simultaneously bending their knees, keeping their heels firmly planted on the ground.
*   **Range of Motion:** They descend until their thighs are roughly parallel to the floor, at which point they reverse the motion and return to the starting position. 
*   **Technique:** The barbell is positioned securely on the upper back/trapezius area. Throughout the movement, the individual maintains a neutral spine and controlled tempo, showing good stability and core engagement. 
*   **Equipment:** The exercise is performed safely using a power rack with safety spotter arms, which is essential when squatting with a barbell to prevent injury.","```json
{
  ""exercise"": ""barbell_back_squat"",
  ""rep_count"": 1,
  ""estimated_load"": ""heavy"",
  ""overall_rating"": 8,
  ""good"": [
    {
      ""aspect"": ""Foot Stability"",
      ""detail"": ""The athlete maintains excellent contact with the ground; there is no visible heel lift during the eccentric or concentric phases.""
    },
    {
      ""aspect"": ""Bar Path"",
      ""detail"": ""The barbell maintains a consistent, vertical path over the mid-foot, indicating good center-of-mass alignment.""
    }
  ],
  ""needs_improvement"": [
    {
      ""aspect"": ""Depth"",
      ""detail"": ""The hip crease does not clearly break the plane of the knee, making the squat high/shallow.""
    },
    {
      ""aspect"": ""Upper Body Stability"",
      ""detail"": ""There is a slight forward lean in the torso at the bottom of the squat, suggesting potential tightness in the ankles or hip complex.""
    }
  ],
  ""visual_anchors"": {
    ""start_timestamp"": ""00:15"",
    ""end_timestamp"": ""00:23""
  }
}
```"
"This squat is a **front squat**, as the barbell is positioned across the front of the lifter's shoulders.

The lifter is wearing a lifting belt and lifting shoes, which can help with stability and form. They perform three repetitions of the squat with good form.","```json
{
  ""exercise"": ""barbell_back_squat"",
  ""rep_count"": 1,
  ""estimated_load"": ""heavy"",
  ""overall_rating"": 8,
  ""good"": [
    {
      ""aspect"": ""Foot Stability"",
      ""detail"": ""The athlete maintains firm contact with the ground throughout the movement with no visible heel lift.""
    },
    {
      ""aspect"": ""Bar Path"",
      ""detail"": ""The bar path remains vertical and aligned over the mid-foot throughout the execution of the squat.""
    },
    {
      ""aspect"": ""Knee Path"",
      ""detail"": ""Knee tracking is well-maintained with no evidence of medial collapse or valgus.""
    }
  ],
  ""needs_improvement"": [
    {
      ""aspect"": ""Depth"",
      ""detail"": ""The squat depth is slightly above parallel, failing to consistently pass the hip crease below the patella.""
    },
    {
      ""aspect"": ""Lumbar Stability"",
      ""detail"": ""There is slight lumbar rounding (butt wink) at the very bottom of the squat, suggesting a need for better core bracing or hip mobility.""
    }
  ],
  ""visual_anchors"": {
    ""start_timestamp"": ""00:30"",
    ""end_timestamp"": ""00:41""
  }
}
```"
"The man is performing a back squat, a fundamental compound exercise that targets the lower body, particularly the quadriceps, hamstrings, and glutes. Here is a breakdown of his form:

* **Setup:** He begins by positioning the barbell across his upper back (high bar position), establishing a stable base with his feet slightly wider than shoulder-width apart.
* **The Descent:** He initiates the movement by pushing his hips back and bending his knees simultaneously, maintaining a relatively upright torso to keep the weight centered. 
* **Depth:** He achieves a solid depth, lowering his hips until his thighs are parallel to or slightly below the floor, which is ideal for engaging the targeted muscles.
* **The Ascent:** He pushes through his heels to return to the starting position, maintaining control and balance throughout the entire range of motion.
* **Consistency:** He maintains a consistent tempo throughout the repetitions, which helps with muscle activation and form safety.

Overall, his technique is solid, with a controlled descent and powerful ascent, which is a great way to build strength in the lower body.","```json
{
  ""exercise"": ""barbell_back_squat"",
  ""rep_count"": 5,
  ""estimated_load"": ""heavy"",
  ""overall_rating"": 8,
  ""good"": [
    {
      ""aspect"": ""bar_path"",
      ""detail"": ""The bar maintains a consistent vertical path over the mid-foot throughout the repetitions.""
    },
    {
      ""aspect"": ""depth"",
      ""detail"": ""The user consistently achieves proper squat depth, with the hip crease descending below the top of the patella.""
    },
    {
      ""aspect"": ""stability"",
      ""detail"": ""No observable heel lift or medial knee collapse (valgus) detected; the base of support remains solid.""
    }
  ],
  ""needs_improvement"": [
    {
      ""aspect"": ""lumbar_spine"",
      ""detail"": ""Minor 'butt wink' or posterior pelvic tilt occurs at the bottom of the squat, suggesting a need for better core bracing or hip mobility work.""
    },
    {
      ""aspect"": ""upper_body_posture"",
      ""detail"": ""Slight forward chest lean occurs on the final repetitions due to the heavy load, indicating potential fatigue in the spinal erectors.""
    }
  ],
  ""visual_anchors"": {
    ""start_timestamp"": ""00:07"",
    ""end_timestamp"": ""00:44""
  }
}
```"
"The person in the video is performing a back squat, but with several technical issues that could lead to injury.

*   **Poor Depth:** The squats are very shallow. The individual is not reaching the necessary depth, which is generally considered to be when the crease of the hip drops below the top of the knee.
*   **Forward Lean:** As they descend, their torso leans forward excessively. This puts significant stress on the lower back rather than engaging the leg muscles properly.
*   **Foot Placement:** The person is shifting their feet around significantly between repetitions, which indicates instability and a lack of a consistent, solid base.
*   **Excessive Use of Equipment/Assistance:** The constant moving of plates suggests the individual may be unsure of the appropriate weight. Additionally, relying heavily on the rack and performing shallow squats can hinder the development of proper form and strength through a full range of motion.

For a safer and more effective squat, the individual should focus on maintaining a more upright torso, establishing a consistent and stable foot position, and working toward achieving proper depth with a manageable weight. Working with a coach or trainer to learn the correct mechanics of a squat would be highly recommended.","```json
{
  ""exercise"": ""barbell_back_squat"",
  ""rep_count"": 1,
  ""estimated_load"": ""heavy"",
  ""overall_rating"": 8,
  ""good"": [
    {
      ""aspect"": ""Foot Stability"",
      ""detail"": ""The athlete maintains solid foot contact throughout the repetition with no visible heel lift.""
    },
    {
      ""aspect"": ""Bar Path"",
      ""detail"": ""The bar maintains a relatively vertical path, indicating good control over the center of gravity.""
    },
    {
      ""aspect"": ""Controlled Eccentric"",
      ""detail"": ""The descent is well-paced and controlled, ensuring proper tension throughout the movement.""
    }
  ],
  ""needs_improvement"": [
    {
      ""aspect"": ""Depth"",
      ""detail"": ""The hip crease does not clearly break the plane of the patella, making the rep borderline parallel.""
    },
    {
      ""aspect"": ""Upper Body Positioning"",
      ""detail"": ""There is slight forward chest lean during the drive phase of the squat, suggesting a need for increased core bracing.""
    }
  ],
  ""visual_anchors"": {
    ""start_timestamp"": ""00:27"",
    ""end_timestamp"": ""00:35""
  }
}
```"
"The person in the video is performing a back squat. They start by standing with the barbell across their upper back. They then lower themselves by bending their knees and hips until their thighs are parallel to the ground. Finally, they push through their heels to stand back up, returning to their original starting position.","{
  ""exercise"": ""barbell_back_squat"",
  ""rep_count"": 1,
  ""estimated_load"": ""heavy"",
  ""overall_rating"": 8,
  ""good"": [
    {
      ""aspect"": ""Controlled descent"",
      ""detail"": ""The lifter maintains a deliberate tempo, showing good muscular control despite the heavy load.""
    },
    {
      ""aspect"": ""Bar path"",
      ""detail"": ""The barbell travels in a relatively straight vertical line over the mid-foot.""
    },
    {
      ""aspect"": ""Safety"",
      ""detail"": ""The lifter is using safety pins set at an appropriate height for the squat depth.""
    }
  ],
  ""needs_improvement"": [
    {
      ""aspect"": ""Depth"",
      ""detail"": ""The squat is slightly high; the hip crease does not clearly drop below the top of the patella.""
    },
    {
      ""aspect"": ""Lumbar stability"",
      ""detail"": ""There is a minor posterior pelvic tilt ('butt wink') at the very bottom of the range of motion.""
    },
    {
      ""aspect"": ""Upper body positioning"",
      ""detail"": ""The chest drops slightly during the ascent, placing extra strain on the lower back.""
    }
  ],
  ""visual_anchors"": {
    ""start_timestamp"": ""00:15"",
    ""end_timestamp"": ""00:23""
  }
}"
"The user is performing a low-bar barbell back squat with a spotter. Here are some observations:

*   **Setup:** The user begins by un-racking the barbell, stepping back, and setting their feet shoulder-width apart.
*   **Execution:** They descend into the squat, keeping their back straight, and push back up to the starting position. 
*   **Spotting:** A spotter is standing behind the user throughout the exercise, ready to provide assistance if needed.
*   **Form:** The user maintains a relatively stable and controlled movement throughout the repetition. 
*   **Equipment:** The user is wearing a weightlifting belt and comfortable clothing, and the barbell has standard weight plates on either side.

Overall, this is a standard back squat performed under the supervision of a spotter.","```json
{
  ""exercise"": ""barbell_back_squat"",
  ""rep_count"": 1,
  ""estimated_load"": ""heavy"",
  ""overall_rating"": 8,
  ""good"": [
    {
      ""aspect"": ""Knee Path"",
      ""detail"": ""Knees track over toes effectively without inward collapse (valgus).""
    },
    {
      ""aspect"": ""Foot Stability"",
      ""detail"": ""Heels remain firmly planted on the ground throughout the repetition.""
    }
  ],
  ""needs_improvement"": [
    {
      ""aspect"": ""Depth"",
      ""detail"": ""The hip crease does not clearly break the plane of the patella, making this a shallow/partial squat.""
    },
    {
      ""aspect"": ""Bar Path & Torso Angle"",
      ""detail"": ""There is notable forward lean of the torso as the bar descends, indicating a shift in the center of gravity.""
    }
  ],
  ""visual_anchors"": {
    ""start_timestamp"": ""00:13"",
    ""end_timestamp"": ""00:20""
  }
}
```"
"The man in the video is performing a back squat, specifically using a Smith machine. 

Here are a few observations about his form:
* **Position:** He is standing with his feet shoulder-width apart, and the barbell is positioned across his upper back.
* **Execution:** He lowers his hips until his thighs are roughly parallel to the floor, then pushes back up to the starting position. 
* **Control:** He is maintaining a relatively controlled speed, which is good for focusing on muscle activation. 
* **Safety:** He has engaged the safety mechanisms of the Smith machine, which is a recommended practice when lifting solo.

Overall, the squat appears to be performed with safe, standard form. To ensure continued progress and injury prevention, it's always a good idea to maintain a neutral spine, keep the core engaged, and ensure the heels stay planted on the ground throughout the movement.","```json
{
  ""exercise"": ""barbell_back_squat"",
  ""rep_count"": 1,
  ""estimated_load"": ""heavy"",
  ""overall_rating"": 8,
  ""good"": [
    {
      ""aspect"": ""Knee stability"",
      ""detail"": ""Knees maintain good alignment throughout the descent without evidence of valgus collapse.""
    },
    {
      ""aspect"": ""Spine posture"",
      ""detail"": ""Neutral spine is maintained during the execution; no significant posterior pelvic tilt (butt wink) observed.""
    }
  ],
  ""needs_improvement"": [
    {
      ""aspect"": ""Depth"",
      ""detail"": ""The hip crease does not clearly break the plane of the knee, falling slightly short of parallel.""
    },
    {
      ""aspect"": ""Upper body stability"",
      ""detail"": ""There is a slight forward lean in the upper torso as the rep progresses, which could be mitigated by increased core bracing.""
    }
  ],
  ""visual_anchors"": {
    ""start_timestamp"": ""00:07"",
    ""end_timestamp"": ""00:15""
  }
}
```"
"The squat performed in the video has several issues that could lead to injury. Here is a breakdown of the form:

* **Limited Range of Motion:** The squats are quite shallow. A full squat should reach at least parallel depth, where your thighs are parallel to the floor. Doing half-squats limits the effectiveness of the exercise and reduces the range of motion for your joints.
* **Lack of Control:** The descent is very fast, which suggests a lack of control and stability. This can put unnecessary stress on your joints, particularly your knees.
* **Form Consistency:** The depth of your squats varies slightly with each repetition. It's important to aim for a consistent, controlled depth with every rep to ensure proper muscle engagement and safety.

**Recommendations:**

* **Focus on Depth:** Start by practicing your squats with a lighter weight or even just your body weight, focusing on reaching a proper depth where your thighs are parallel to the ground.
* **Slow Down the Descent:** Control the bar on the way down. A slow, controlled descent helps you maintain proper form and builds more muscle. 
* **Consider Professional Guidance:** Since you are doing heavy squats, it’s a good idea to have a trainer or an experienced lifter observe your form and provide corrections. They can help you identify any specific technical issues you may be having and provide tailored advice.

Remember, safety is paramount. If you feel any pain in your joints or back, stop immediately. It’s better to train with lighter weight and good form than with heavy weight and poor technique.","```json
{
  ""exercise"": ""barbell_back_squat"",
  ""rep_count"": 5,
  ""estimated_load"": ""heavy"",
  ""overall_rating"": 8,
  ""good"": [
    {
      ""aspect"": ""Foot Stability"",
      ""detail"": ""The lifter maintains solid contact with the floor throughout all reps; no heel lift is observed.""
    },
    {
      ""aspect"": ""Depth"",
      ""detail"": ""The lifter achieves consistent depth, consistently breaking parallel with the hip crease below the patella on all five repetitions.""
    },
    {
      ""aspect"": ""Safety"",
      ""detail"": ""The squat rack is equipped with safety spotter arms, ensuring a safe training environment.""
    }
  ],
  ""needs_improvement"": [
    {
      ""aspect"": ""Upper Body / Bar Path"",
      ""detail"": ""The lifter exhibits a slight forward lean and chest collapse as fatigue sets in during the final reps, shifting the load onto the lower back.""
    },
    {
      ""aspect"": ""Pelvic Stability"",
      ""detail"": ""A minor 'butt wink' (posterior pelvic tilt) occurs at the very bottom of each rep, suggesting a need for better core bracing or increased hip mobility.""
    }
  ],
  ""visual_anchors"": {
    ""start_timestamp"": ""00:18"",
    ""end_timestamp"": ""00:44""
  }
}
```"
"This video demonstrates the 3-Count Eccentric DB Goblet Squat.

**Execution:**
* **Setup:** Stand with feet shoulder-width apart, holding a single dumbbell vertically against your chest (goblet position).
* **The Descent (Eccentric):** Lower yourself into a squat position over a slow, 3-second count. Focus on controlled, steady movement while maintaining an upright torso and keeping your heels planted.
* **The Ascent (Concentric):** Push through your mid-foot and heels to return to the starting standing position. You can perform this part more quickly than the descent.
* **Key cues:** Keep your core braced, your chest proud, and ensure your knees track in line with your toes throughout the movement.

This variation is excellent for building strength, increasing time under tension, and improving squat form.","```json
{
  ""exercise"": ""3-count eccentric dumbbell goblet squat"",
  ""rep_count"": 1,
  ""estimated_load"": ""moderate"",
  ""overall_rating"": 9,
  ""good"": [
    {
      ""aspect"": ""Foot Stability"",
      ""detail"": ""The athlete maintains full foot contact with the floor throughout the entire range of motion, with no visible heel lift.""
    },
    {
      ""aspect"": ""Knee Path"",
      ""detail"": ""Knees track perfectly over the toes with no medial collapse (valgus) during the descent or ascent.""
    },
    {
      ""aspect"": ""Depth"",
      ""detail"": ""The hip crease descends well below the top of the patella, achieving excellent full-range depth.""
    },
    {
      ""aspect"": ""Spinal Alignment"",
      ""detail"": ""Neutral spine is maintained throughout the movement; no evidence of posterior pelvic tilt (butt wink) at the bottom.""
    }
  ],
  ""needs_improvement"": [
    {
      ""aspect"": ""Torso Angle"",
      ""detail"": ""While the chest position is good, ensure the core remains braced to avoid slight forward leaning as fatigue sets in during higher rep sets.""
    }
  ],
  ""visual_anchors"": {
    ""start_timestamp"": ""00:04"",
    ""end_timestamp"": ""00:12""
  }
}
```"
"The video shows a weightlifter performing two barbell back squats at a very high intensity.

**Here is a breakdown of the performance:**

*   **Execution:** The athlete displays good control, descending slowly and with a steady tempo. The bar path is straight, indicating good technique and stability despite the heavy load. The depth appears sufficient for a standard back squat (where the hips go below the knee joint).
*   **Safety:** The lifter is using a squat rack with safety bars, which is essential when training at such high percentages of one's maximum strength. There is also a spotter nearby, which further increases the safety of the lift.
*   **Intensity:** The weights are exceptionally heavy (290kg/640lbs and 302kg/666lbs). Attempting squats of this magnitude requires a high level of physical conditioning and specialized training. 

**Important Considerations:**
This type of lifting is for advanced athletes. Attempting to lift such extreme loads without proper training, coaching, and a gradual progression is dangerous and can lead to severe injury, including spinal, joint, or muscular damage. Always prioritize form over weight, and ensure you have proper supervision when attempting near-maximal lifts.","```json
{
  ""exercise"": ""barbell_back_squat"",
  ""rep_count"": 1,
  ""estimated_load"": ""heavy"",
  ""overall_rating"": 8,
  ""good"": [
    {
      ""aspect"": ""Foot Stability"",
      ""detail"": ""The athlete maintains excellent heel contact with the floor throughout the entire movement, providing a solid base of support.""
    },
    {
      ""aspect"": ""Knee Path"",
      ""detail"": ""There is no medial collapse; the knees track correctly over the toes, demonstrating strong hip abductor stability.""
    },
    {
      ""aspect"": ""Depth"",
      ""detail"": ""The athlete achieves sufficient depth, with the hip crease descending below the top of the patella.""
    }
  ],
  ""needs_improvement"": [
    {
      ""aspect"": ""Upper Body/Torso Angle"",
      ""detail"": ""There is some forward lean at the bottom of the movement, likely due to the extreme load, which puts additional strain on the lower back.""
    },
    {
      ""aspect"": ""Safety/Form"",
      ""detail"": ""The athlete uses spotters for a lift of this magnitude; however, the lack of safety pins inside the rack increases the risk of injury during a failed rep.""
    }
  ],
  ""visual_anchors"": {
    ""start_timestamp"": ""00:41"",
    ""end_timestamp"": ""00:48""
  }
}
```"
"The person in the video is performing a back squat. Here's a breakdown of the form:

* **Setup:** The person starts by stepping under the barbell, which is positioned on the rack. They place the barbell on their upper back, across the trapezius muscles. They then unrack the bar and take a step back to get into position.
* **Execution:**
    * The person squats down, keeping their back relatively straight, and their heels planted on the ground.
    * They lower themselves until their thighs are parallel to the floor, or slightly below.
    * They then push back up through their heels to return to the starting position.
    * They perform several repetitions of this movement.
* **Completion:** Once they have completed their set, they step forward to rack the barbell safely. 

Overall, the person maintains a controlled pace and good form throughout the set.","{
  ""exercise"": ""barbell_back_squat"",
  ""rep_count"": 3,
  ""estimated_load"": ""moderate"",
  ""overall_rating"": 8,
  ""good"": [
    {
      ""aspect"": ""depth"",
      ""detail"": ""The lifter achieves consistent depth, consistently bringing the hip crease below the top of the patella.""
    },
    {
      ""aspect"": ""bar path"",
      ""detail"": ""The bar maintains a relatively vertical path directly over the mid-foot throughout the repetitions.""
    },
    {
      ""aspect"": ""stability"",
      ""detail"": ""No observable heel lift or medial knee collapse (valgus), indicating good foot stability and engagement.""
    }
  ],
  ""needs_improvement"": [
    {
      ""aspect"": ""torso angle"",
      ""detail"": ""There is a slight forward lean in the chest during the descent and ascent, which could be mitigated by increasing core bracing and ankle mobility.""
    },
    {
      ""aspect"": ""lumbar position"",
      ""detail"": ""Slight posterior pelvic tilt (butt wink) is visible at the very bottom of the squat, suggesting the range of motion may be pushing the limits of current hip mobility.""
    }
  ],
  ""visual_anchors"": {
    ""start_timestamp"": ""00:23"",
    ""end_timestamp"": ""00:43""
  }
}"
"The individual in the video performs a back squat, showing good form and control. Here's a breakdown:

*   **Execution:** The person un-racks the barbell, steps back, and initiates the squat by hinging at the hips and knees simultaneously. They reach a good depth where the thighs are roughly parallel to the floor.
*   **Form:** The back remains straight, maintaining a neutral spine throughout the movement. The core is engaged, which is critical for stability.
*   **Technique:** The heels remain planted on the floor, indicating proper weight distribution and balance. The controlled descent and powerful ascent demonstrate effective muscle engagement, particularly in the quads, glutes, and core.
*   **Equipment:** The person is wearing a weightlifting belt and knee wraps, both of which provide support and stability for heavy squats.

Overall, it's a solid, controlled rep that demonstrates proper squat technique.","{
  ""exercise"": ""barbell_back_squat"",
  ""rep_count"": 1,
  ""estimated_load"": ""heavy"",
  ""overall_rating"": 8,
  ""good"": [
    {
      ""aspect"": ""Depth"",
      ""detail"": ""The lifter achieved excellent depth, with the hip crease clearly breaking the plane below the top of the patella.""
    },
    {
      ""aspect"": ""Foot stability"",
      ""detail"": ""The heels remained planted firmly throughout the entire repetition, providing a stable base.""
    },
    {
      ""aspect"": ""Safety"",
      ""detail"": ""The lifter is using safety pins appropriately adjusted to the correct height, showing good safety awareness.""
    }
  ],
  ""needs_improvement"": [
    {
      ""aspect"": ""Lumbar & Pelvic control"",
      ""detail"": ""There is a slight 'butt wink' at the bottom of the squat, suggesting a need for better core bracing or hip mobility work to maintain a neutral spine.""
    },
    {
      ""aspect"": ""Bar path"",
      ""detail"": ""The bar path slightly shifts forward during the transition from descent to ascent, causing the torso to lean forward more than necessary.""
    }
  ],
  ""visual_anchors"": {
    ""start_timestamp"": ""00:03"",
    ""end_timestamp"": ""00:15""
  }
}"
"This is a classic back squat performed on a Smith machine. 

In this exercise, the user is positioned under the barbell, which is fixed to a vertical rail system. The user initiates the movement by unhooking the bar from the safety catches, then lowers their body by bending at the hips and knees while keeping their torso upright. After reaching the bottom of the squat, the user pushes back up to the starting position before re-hooking the bar.","{
  ""exercise"": ""barbell_back_squat"",
  ""rep_count"": 1,
  ""estimated_load"": ""heavy"",
  ""overall_rating"": 8,
  ""good"": [
    {""aspect"": ""depth"", ""detail"": ""The athlete achieves solid depth, with the hip crease descending below the top of the patella.""},
    {""aspect"": ""stability"", ""detail"": ""Stable foot placement with no visible heel lift during the descent or ascent.""},
    {""aspect"": ""posture"", ""detail"": ""The chest remains upright throughout the movement, with minimal forward lean.""}
  ],
  ""needs_improvement"": [
    {""aspect"": ""bar_path"", ""detail"": ""There is a slight forward trajectory of the bar path, indicating the weight may be slightly shifted toward the toes, though it remains under control.""},
    {""aspect"": ""technique"", ""detail"": ""The transition from the bottom of the squat to the ascent shows a slight momentary pause, which is acceptable but suggests the load is challenging.""}
  ],
  ""visual_anchors"": {
    ""start_timestamp"": ""00:53"",
    ""end_timestamp"": ""01:10""
  }
}"
"The person in the video is performing a squat while holding a barbell on their back. Here is a breakdown of the form:

*   **Setup:** The individual is positioned inside a squat rack with their feet shoulder-width apart, toes slightly turned out.
*   **Execution:** 
    *   They begin the descent by hinging at the hips and bending their knees, lowering their torso while maintaining a neutral spine. 
    *   As they descend, their knees track over their toes. 
    *   They reach the bottom of the squat, where their thighs are approximately parallel to the ground.
    *   They then drive through their heels to return to the standing position.
*   **Support:** A spotter is standing behind the lifter, ready to provide assistance if needed.

The squat appears to be controlled, with the lifter maintaining good core engagement and balance throughout the movement.","{
  ""exercise"": ""barbell_back_squat"",
  ""rep_count"": 1,
  ""estimated_load"": ""heavy"",
  ""overall_rating"": 8,
  ""good"": [
    {
      ""aspect"": ""Depth"",
      ""detail"": ""The lifter achieved full depth, with the hip crease dropping clearly below the top of the patella.""
    },
    {
      ""aspect"": ""Stability"",
      ""detail"": ""The bar path remains largely vertical, and the lifter demonstrates excellent core bracing and overall control throughout the eccentric and concentric phases.""
    }
  ],
  ""needs_improvement"": [
    {
      ""aspect"": ""Torso angle"",
      ""detail"": ""There is a slight forward lean at the bottom of the movement, likely due to the heavy load, but it remains well-controlled.""
    }
  ],
  ""visual_anchors"": {
    ""start_timestamp"": ""00:08"",
    ""end_timestamp"": ""00:16""
  }
}"
"The person in the video is performing a back squat, but with incorrect form that could lead to injury. They are utilizing a very wide stance, and their heels are noticeably elevated, causing them to lean forward excessively. This puts significant, unnecessary strain on the lower back rather than engaging the leg muscles effectively. It is recommended to perform back squats with feet roughly shoulder-width apart, keeping the heels planted firmly on the ground to maintain proper balance and spinal alignment.","```json
{
  ""exercise"": ""barbell_back_squat"",
  ""rep_count"": 1,
  ""estimated_load"": ""heavy"",
  ""overall_rating"": 8,
  ""good"": [
    {
      ""aspect"": ""Range of Motion"",
      ""detail"": ""The athlete achieves excellent depth, with the hip crease clearly breaking the parallel plane of the knees.""
    },
    {
      ""aspect"": ""Bar Path"",
      ""detail"": ""The bar maintains a relatively vertical path, suggesting good center-of-mass alignment throughout the lift.""
    }
  ],
  ""needs_improvement"": [
    {
      ""aspect"": ""Lumbopelvic control"",
      ""detail"": ""There is a slight 'butt wink' at the bottom of the squat, indicating a potential limitation in hip mobility or pelvic control under heavy load.""
    },
    {
      ""aspect"": ""Safety"",
      ""detail"": ""While the rack has safety pins, they are set significantly lower than the bottom of the squat range, providing no protection in case of failure.""
    }
  ],
  ""visual_anchors"": {
    ""start_timestamp"": ""00:00"",
    ""end_timestamp"": ""00:10""
  }
}
```"
"The individual in the video is performing a back squat, but their technique is improper and unsafe. Here is an analysis of the form issues:

*   **Excessive Forward Lean:** The individual is leaning too far forward during the squat. This is likely because the bar is placed too high on their upper back, shifting their center of gravity forward and putting unnecessary strain on their lower back.
*   **Incomplete Range of Motion:** The individual is not reaching a proper squat depth. They are performing what is often referred to as ""half squats,"" where the thighs do not come close to being parallel to the ground. This limits the effectiveness of the exercise and reduces the recruitment of the targeted muscle groups.
*   **Lack of Stability:** The individual seems to be struggling with balance throughout the movement, evidenced by their shifting feet and inability to maintain a controlled tempo.
*   **Potential Risk:** These form errors combined make the exercise significantly less effective and, more importantly, increase the risk of injury, particularly to the lower back and knees.

**Recommendations:**

*   **Lower the Bar:** Adjust the bar position to a lower point on the traps or rear delts to encourage a more upright torso.
*   **Increase Depth:** Focus on squatting until the hips are below the level of the knees. If mobility is an issue, incorporate exercises to improve hip and ankle flexibility.
*   **Reduce Weight:** Start with a weight that allows for proper, full-range-of-motion squats before adding more load. Focus on mastering the technique first.
*   **Seek Guidance:** If you are unsure about proper form, consider consulting with a qualified fitness professional to ensure safety and effectiveness.","```json
{
  ""exercise"": ""barbell_back_squat"",
  ""rep_count"": 6,
  ""estimated_load"": ""heavy"",
  ""overall_rating"": 8,
  ""good"": [
    {
      ""aspect"": ""Foot Stability"",
      ""detail"": ""The athlete maintains excellent floor contact throughout each repetition with no observable heel lift.""
    },
    {
      ""aspect"": ""Knee Path"",
      ""detail"": ""Knee tracking is consistent, showing no signs of medial valgus; knees track reliably over the toes.""
    },
    {
      ""aspect"": ""Safety"",
      ""detail"": ""The squat rack is correctly equipped with safety pins set at an appropriate height for safe bailing.""
    }
  ],
  ""needs_improvement"": [
    {
      ""aspect"": ""Lumbar Stability"",
      ""detail"": ""Minor posterior pelvic tilt ('butt wink') is visible at the very bottom of the deeper repetitions, suggesting a need for better hip mobility or core bracing.""
    },
    {
      ""aspect"": ""Upper Body"",
      ""detail"": ""There is a slight forward lean of the torso in the later reps as the athlete fatigues, which shifts the center of gravity slightly forward.""
    }
  ],
  ""visual_anchors"": {
    ""start_timestamp"": ""00:08"",
    ""end_timestamp"": ""00:34""
  }
}
```"
"This squat is a **low-bar back squat**, performed with the support of several spotters and the use of heavy-duty equipment. 

Here are the key technical aspects of the lift:

*   **Bar Positioning:** The lifter has placed the barbell low on his rear deltoids, which allows for a slightly more forward torso angle. This technique shifts more of the workload to the posterior chain (glutes and hamstrings) rather than just the quadriceps.
*   **Stance and Equipment:** The lifter uses a **wide, sumo-style stance**, which reduces the depth required to complete the movement and emphasizes the adductors and glutes. He is also wearing a **weightlifting belt**, knee sleeves, and wrist wraps, which provide stability and support under heavy load.
*   **Safety Measures:** Given the extreme weight, the athlete utilizes **""monolift"" racks** (which allow the bar to be un-racked without walking it out) and is surrounded by spotters—two on the sides to assist with stability and one directly behind him to intervene in case of failure.
*   **Execution:** The lift is characterized by a controlled, deliberate descent, a brief pause at the bottom to stabilize, and an explosive drive upward. The spotter behind the lifter helps maintain the athlete's balance and provides motivational support throughout the lift.","```json
{
  ""exercise"": ""barbell_back_squat"",
  ""rep_count"": 1,
  ""estimated_load"": ""heavy"",
  ""overall_rating"": 8,
  ""good"": [
    {
      ""aspect"": ""Foot Stability"",
      ""detail"": ""The athlete maintained full foot contact with the ground throughout the duration of the lift with no observable heel lift.""
    },
    {
      ""aspect"": ""Depth"",
      ""detail"": ""The athlete successfully reached and slightly exceeded the required depth, with the hip crease dipping below the top of the patella.""
    },
    {
      ""aspect"": ""Bar Path"",
      ""detail"": ""The bar maintains a fairly vertical path, showing controlled descent and explosive ascent without significant shifting.""
    }
  ],
  ""needs_improvement"": [
    {
      ""aspect"": ""Lumbar & Pelvic Stability"",
      ""detail"": ""There is a minor degree of 'butt wink' observed at the bottom of the squat, suggesting potential limitations in hip mobility or core bracing.""
    },
    {
      ""aspect"": ""Upper Body Posture"",
      ""detail"": ""Slight forward chest fall occurred at the transition from the eccentric to the concentric phase, requiring increased engagement of the thoracic extensors.""
    }
  ],
  ""visual_anchors"": {
    ""start_timestamp"": ""00:29"",
    ""end_timestamp"": ""00:41""
  }
}
```"
"The woman in the video performs a squat with very poor form and technique. Her form is unsafe for several reasons:

* **Inadequate Depth:** She barely bends her knees, failing to reach the necessary depth for a proper squat, which limits the exercise's effectiveness.
* **Rounded Back:** Her back is significantly rounded throughout the movement, which places extreme stress on her lumbar spine and increases the risk of serious injury.
* **Heels Off the Ground:** She leans forward and lifts her heels, shifting the weight onto the balls of her feet and knees instead of grounding her feet firmly. This instability is dangerous when handling heavy weight.
* **Lack of Control:** Her movement is jerky and appears to be driven by the rhythm of the counting rather than controlled strength.

The spotter's constant counting and encouragement seem to focus more on completing a high number of repetitions rather than ensuring the athlete uses proper, safe form. This encourages ""ego lifting,"" where the emphasis is placed on quantity over quality, significantly increasing the likelihood of injury. It is strongly recommended that this individual stop adding weight, focus on mastering the correct squatting technique with just the bar or very light weight, and prioritize form over rep count.","```json
{
  ""exercise"": ""barbell_back_squat"",
  ""rep_count"": 1,
  ""estimated_load"": ""heavy"",
  ""overall_rating"": 8,
  ""good"": [
    {
      ""aspect"": ""bar path"",
      ""detail"": ""The bar maintains a mostly vertical path directly over the midfoot, suggesting good control.""
    },
    {
      ""aspect"": ""depth"",
      ""detail"": ""The lifter achieves significant depth, with the hip crease clearly dropping below the top of the patella.""
    }
  ],
  ""needs_improvement"": [
    {
      ""aspect"": ""spinal neutrality"",
      ""detail"": ""There is a slight 'butt wink' at the very bottom of the squat, suggesting potential pelvic rotation under load.""
    },
    {
      ""aspect"": ""lumbar stability"",
      ""detail"": ""The chest drops slightly during the descent, which can place extra stress on the lumbar spine with heavy loads.""
    }
  ],
  ""visual_anchors"": {
    ""start_timestamp"": ""00:03"",
    ""end_timestamp"": ""00:15""
  }
}
```"
"The man in the video is performing a squat using a Smith machine. He stands with his feet shoulder-width apart, lowers his hips by bending his knees, and then pushes back up to the starting position. He is wearing a white tank top and red shorts.","```json
{
  ""exercise"": ""barbell_back_squat"",
  ""rep_count"": 1,
  ""estimated_load"": ""heavy"",
  ""overall_rating"": 7,
  ""good"": [
    {
      ""aspect"": ""Knee alignment"",
      ""detail"": ""The knees are tracking well with the toes and demonstrate no obvious medial collapse (valgus) throughout the eccentric or concentric phases.""
    },
    {
      ""aspect"": ""Bar path"",
      ""detail"": ""Using the Smith machine forces a vertical bar path, which the athlete adheres to effectively.""
    }
  ],
  ""needs_improvement"": [
    {
      ""aspect"": ""Depth"",
      ""detail"": ""The squat is slightly shallow; the hip crease does not clearly break the plane of the patella at the lowest point of the rep.""
    },
    {
      ""aspect"": ""Lumbar stability"",
      ""detail"": ""There is a slight anterior pelvic tilt/rounding at the bottom of the movement, commonly referred to as 'butt wink', suggesting a need for improved ankle mobility or better bracing.""
    },
    {
      ""aspect"": ""Upper body positioning"",
      ""detail"": ""The chest drops slightly forward as the athlete exits the bottom of the rep, shifting unnecessary load onto the lower back.""
    }
  ],
  ""visual_anchors"": {
    ""start_timestamp"": ""00:14"",
    ""end_timestamp"": ""00:18""
  }
}
```"
"The video shows an athlete performing a set of back squats using a ""cluster set"" training method.

In this protocol, the athlete performs single reps followed by a short rest period (re-racking the bar). This allows for more time under tension and ensures better form and intensity throughout the set by breaking the volume into smaller, more manageable clusters. Throughout the video, the athlete maintains a consistent squat depth and a neutral spine, demonstrating good technique.","{
  ""exercise"": ""barbell_back_squat"",
  ""rep_count"": 5,
  ""estimated_load"": ""moderate-to-heavy"",
  ""overall_rating"": 8,
  ""good"": [
    {
      ""aspect"": ""depth"",
      ""detail"": ""The athlete consistently achieves parallel or slightly below-parallel hip crease relative to the knee, ensuring full range of motion.""
    },
    {
      ""aspect"": ""spinal alignment"",
      ""detail"": ""The lumbar spine maintains a neutral position throughout the eccentric and concentric phases, with no observable 'butt wink'.""
    }
  ],
  ""needs_improvement"": [
    {
      ""aspect"": ""heel stability"",
      ""detail"": ""There is a minor lift of the heels off the ground during the deeper parts of the squat, suggesting limited ankle mobility or weight distribution shift.""
    },
    {
      ""aspect"": ""bar path"",
      ""detail"": ""The torso leans slightly forward during the ascent, which can shift the center of gravity; maintaining a more vertical torso could optimize the load on the quads.""
    }
  ],
  ""visual_anchors"": {
    ""start_timestamp"": ""00:00"",
    ""end_timestamp"": ""00:29""
  }
}"
"The video captures a individual performing several sets of barbell back squats in a home gym setting. 

*   **Exercise Execution:** The subject is performing a standard back squat. They start by standing with the barbell across their shoulders. They proceed to initiate a downward movement by flexing their hips and knees until their thighs are roughly parallel to the floor, at which point they return to an upright position.
*   **Technique:** The movement appears to be performed with a controlled tempo. The subject exhibits a decent range of motion, consistently hitting a parallel or near-parallel depth. Their form remains relatively consistent across all the reps shown, with the torso angle adjusted to maintain balance under the load.
*   **Safety and Form Considerations:** 
    *   The subject is utilizing proper safety measures, including a weightlifting belt for core support and knee sleeves to aid in joint stability.
    *   The use of a power rack with safety arms in place is a critical and highly recommended safety practice, as it provides a fail-safe in the event of a failed repetition.
    *   The subject appears to maintain a neutral spine position throughout the movement, which is essential for minimizing injury risk.

Overall, this is a textbook demonstration of a heavy back squat performed with an emphasis on safety and consistent technique.","{
  ""exercise"": ""barbell_back_squat"",
  ""rep_count"": 1,
  ""estimated_load"": ""heavy"",
  ""overall_rating"": 8,
  ""good"": [
    {
      ""aspect"": ""Foot stability"",
      ""detail"": ""The athlete maintains excellent heel contact with the floor throughout the entire movement, indicating proper weight distribution.""
    },
    {
      ""aspect"": ""Knee tracking"",
      ""detail"": ""There is no evidence of valgus collapse; the knees track well over the toes throughout the descent and ascent.""
    },
    {
      ""aspect"": ""Safety protocol"",
      ""detail"": ""The athlete uses a power rack with appropriately set safety pins, demonstrating good training safety.""
    }
  ],
  ""needs_improvement"": [
    {
      ""aspect"": ""Depth"",
      ""detail"": ""The hip crease fails to consistently break the parallel plane of the top of the patella, making this a high squat.""
    },
    {
      ""aspect"": ""Lumbar integrity"",
      ""detail"": ""There is slight evidence of 'butt wink' at the very bottom of the squat, suggesting the athlete is nearing the limit of their current pelvic mobility.""
    }
  ],
  ""visual_anchors"": {
    ""start_timestamp"": ""00:16"",
    ""end_timestamp"": ""00:26""
  }
}"
"Based on the video provided, here is an analysis of your squat form:

**Positives:**
* **Depth:** You are consistently reaching good depth, getting your hips down to or below parallel. 
* **Consistency:** Your tempo and range of motion remain very stable throughout the set, showing good control.

**Areas for Improvement:**
* **Spine Neutrality (Butt Wink):** At the bottom of each squat, there is noticeable lumbar flexion (often called ""butt wink""). This happens when the pelvis tilts forward as you reach the bottom, causing the lower back to round. To address this, try focusing on ""bracing"" your core more aggressively before the descent and experiment with a slightly wider stance or turning your toes out slightly to see if it allows for better hip clearance.
* **Bar Path and Balance:** You are shifting a bit forward during the descent, which puts extra strain on your knees and lower back. Ensure your weight is distributed across your entire foot (heels and mid-foot), rather than shifting toward your toes.
* **Core Bracing:** Ensure you are taking a deep breath into your stomach (diaphragmatic breathing) and holding that pressure throughout the entire repetition. This will help stabilize your spine and prevent the rounding seen at the bottom.

**Recommendations:**
* **Warm-up:** Incorporate more hip mobility exercises before you begin your working sets to help keep your spine neutral at depth.
* **Practice:** Consider doing some box squats to help you learn how to ""sit back"" into the movement rather than just squatting straight down, which may help with your balance and lumbar posture.

Always prioritize quality over weight. If you feel any sharp pain or discomfort, reduce the load and work on the movement patterns first.","```json
{
  ""exercise"": ""barbell_back_squat"",
  ""rep_count"": 8,
  ""estimated_load"": ""moderate"",
  ""overall_rating"": 8,
  ""good"": [
    {
      ""aspect"": ""Range of Motion"",
      ""detail"": ""The athlete consistently hits sufficient depth, with the hip crease dropping below the patella on every repetition.""
    },
    {
      ""aspect"": ""Knee Stability"",
      ""detail"": ""Knee tracking is excellent with no signs of valgus collapse (inward knee cave) throughout the set.""
    },
    {
      ""aspect"": ""Foot Stability"",
      ""detail"": ""Heels remain in contact with the ground throughout the movement, indicating solid weight distribution.""
    }
  ],
  ""needs_improvement"": [
    {
      ""aspect"": ""Bar Path"",
      ""detail"": ""There is a slight forward shift of the bar during the descent, likely due to a minor shift in the center of gravity; keeping the bar path more vertical would increase efficiency.""
    },
    {
      ""aspect"": ""Spinal Neutrality"",
      ""detail"": ""There is slight pelvic tucking ('butt wink') at the very bottom of the range of motion, suggesting a need for better core bracing or hamstring mobility work.""
    }
  ],
  ""visual_anchors"": {
    ""start_timestamp"": ""00:08"",
    ""end_timestamp"": ""00:27""
  }
}
```"
"The user is performing a squat exercise with a barbell. Here are some observations:

* **Stance:** The user is using a shoulder-width stance, which is a common and generally safe position for back squats.
* **Range of Motion:** The user is squatting down to parallel, which is the recommended depth for squats.
* **Form:** The user’s spine is straight and in a neutral position, which is crucial for preventing back injuries.
* **Controlled movement:** The user is performing the exercise in a controlled manner, avoiding jerky movements that could lead to injury.
* **Equipment:** The user is using a squat rack, which is essential for safely performing squats, especially with heavier weights.

Overall, the user is performing a squat with good technique and is following important safety guidelines, such as using a squat rack and maintaining a neutral spine. They are also being observed by a spotter, which is excellent practice when lifting heavy weights.

However, for a comprehensive assessment of the user's squat technique, it's recommended to consult with a qualified fitness professional who can provide personalized guidance based on their individual needs and goals.","```json
{
  ""exercise"": ""barbell_back_squat"",
  ""rep_count"": 4,
  ""estimated_load"": ""heavy"",
  ""overall_rating"": 8,
  ""good"": [
    {
      ""aspect"": ""Bar Path"",
      ""detail"": ""The vertical path of the barbell remains consistent and centered over the midfoot throughout each repetition.""
    },
    {
      ""aspect"": ""Depth"",
      ""detail"": ""The athlete consistently hits a deep position, with the hip crease descending below the top of the patella.""
    },
    {
      ""aspect"": ""Safety"",
      ""detail"": ""The rack pins are properly positioned and a spotter is actively engaged, ensuring a safe training environment.""
    }
  ],
  ""needs_improvement"": [
    {
      ""aspect"": ""Upper Body Stability"",
      ""detail"": ""There is a slight forward lean of the torso/chest as the athlete approaches the bottom of the squat, suggesting potential fatigue or a need for increased thoracic extension.""
    },
    {
      ""aspect"": ""Heel Stability"",
      ""detail"": ""While mostly stable, there is minor shift in weight toward the toes at the deepest point of some repetitions, which could impact long-term force production.""
    }
  ],
  ""visual_anchors"": {
    ""start_timestamp"": ""00:00"",
    ""end_timestamp"": ""00:51""
  }
}
```"
"This is an impressive display of strength, commonly known as a **back squat**.

In this video, the person is performing a heavy squat, which is considered one of the foundational compound exercises for building leg strength. Here are a few technical aspects of the movement as seen here:

*   **Execution:** The individual starts with the barbell racked on their upper back (traps). They perform a controlled descent, reaching a depth where their thighs are at or below parallel to the floor, and then drive upward to return to a standing position.
*   **Safety:** The lifter is using a power rack, which is essential for safety, especially when lifting heavy weights alone, as it prevents the barbell from falling onto the lifter if they are unable to complete the repetition.
*   **Equipment:** The athlete is wearing a weightlifting belt and wrist supports, which are commonly used to provide core stability and joint support when handling near-maximal or personal record (PR) loads.

The on-screen text confirms that this is indeed a personal record (PR) attempt, indicated by the list of warm-up sets leading up to the final weight, which highlights the intensity and effort put into the lift.","```json
{
  ""exercise"": ""barbell_back_squat"",
  ""rep_count"": 1,
  ""estimated_load"": ""heavy"",
  ""overall_rating"": 8,
  ""good"": [
    {
      ""aspect"": ""Foot Stability"",
      ""detail"": ""The athlete maintains excellent ground contact with no visible heel lift throughout the eccentric and concentric phases.""
    },
    {
      ""aspect"": ""Knee Path"",
      ""detail"": ""Knees track consistently over the toes without medial collapse (valgus), maintaining proper alignment.""
    },
    {
      ""aspect"": ""Depth"",
      ""detail"": ""The hip crease clearly descends below the top of the patella, achieving competition-standard depth.""
    }
  ],
  ""needs_improvement"": [
    {
      ""aspect"": ""Spinal Neutrality"",
      ""detail"": ""There is a minor degree of pelvic posterior tilt ('butt wink') at the very bottom of the squat as the hips reach maximum depth.""
    },
    {
      ""aspect"": ""Bar Path"",
      ""detail"": ""The torso leans forward slightly more than necessary at the bottom of the movement, which is a common compensation for heavy loads.""
    }
  ],
  ""visual_anchors"": {
    ""start_timestamp"": ""00:04"",
    ""end_timestamp"": ""00:10""
  }
}
```"
"The video shows a man performing a banded barbell back squat. Here is a breakdown of his form:

**Technique:**
* **Setup:** He begins by attaching resistance bands to the ends of the barbell and anchoring them securely under heavy kettlebells placed on the floor. He then assumes a back squat position with the bar resting on his upper traps.
* **Movement:** He maintains a controlled pace throughout the repetitions. As he lowers into the squat, the resistance from the bands decreases, and as he rises, the tension increases, creating ""accommodating resistance.""
* **Posture:** He maintains a relatively upright torso with a neutral spine, and his heels remain planted on the floor during the entire range of motion, which is excellent for stability and power.
* **Depth:** He achieves a solid, full squat depth where his thighs are roughly parallel to the floor, ensuring good engagement of the glutes and quads.

**Benefits of this variation:**
* **Accommodating Resistance:** By adding bands, the exercise becomes harder at the top of the movement (the ""lockout""), where you are typically strongest, and easier at the bottom, which helps in working through ""sticking points"" and improving explosive power.
* **Core Activation:** The destabilizing force of the bands forces the core muscles to work harder to maintain balance, leading to better overall stability.

Overall, this is an advanced training technique performed with high-quality form. It's a great way to overload the muscles differently than a traditional straight-weight squat.","{
  ""exercise"": ""barbell_back_squat"",
  ""rep_count"": 1,
  ""estimated_load"": ""moderate"",
  ""overall_rating"": 8,
  ""good"": [
    {
      ""aspect"": ""Heel stability"",
      ""detail"": ""Heels maintain solid contact with the floor throughout the entire movement.""
    },
    {
      ""aspect"": ""Knee alignment"",
      ""detail"": ""No signs of medial collapse (valgus); the knees track consistently over the toes.""
    },
    {
      ""aspect"": ""Back positioning"",
      ""detail"": ""Maintains a neutral spine with no significant lumbar rounding or 'butt wink' at the bottom of the squat.""
    }
  ],
  ""needs_improvement"": [
    {
      ""aspect"": ""Depth"",
      ""detail"": ""The hip crease does not clearly break the plane of the patella, making this a slightly high squat.""
    },
    {
      ""aspect"": ""Upper body stability"",
      ""detail"": ""Slight forward lean of the chest at the transition point, which could be mitigated by increased thoracic extension.""
    }
  ],
  ""visual_anchors"": {
    ""start_timestamp"": ""00:15"",
    ""end_timestamp"": ""00:28""
  }
}"
"The man in the video is performing barbell back squats using resistance bands. The bands are anchored to heavy dumbbells on the floor and attached to the ends of the barbell, which increases the resistance throughout the movement. He is wearing weightlifting gear, including knee sleeves and wrist wraps, to provide support and stability during the lift. The exercise is taking place in a gym setting.","```json
{
  ""exercise"": ""barbell_back_squat"",
  ""rep_count"": 1,
  ""estimated_load"": ""heavy"",
  ""overall_rating"": 8,
  ""good"": [
    {
      ""aspect"": ""Bar Path"",
      ""detail"": ""The barbell maintains a relatively vertical path directly over the midfoot throughout the movement.""
    },
    {
      ""aspect"": ""Foot Stability"",
      ""detail"": ""Heels remain in firm contact with the floor, indicating good weight distribution.""
    }
  ],
  ""needs_improvement"": [
    {
      ""aspect"": ""Lumbar Stability"",
      ""detail"": ""Slight posterior pelvic tilt ('butt wink') is observed at the very bottom of the squat, suggesting the depth might be exceeding the current limits of hip mobility.""
    },
    {
      ""aspect"": ""Depth"",
      ""detail"": ""The hip crease depth is significant; ensuring spinal neutrality should be prioritized over achieving excessive depth if 'butt wink' persists.""
    }
  ],
  ""visual_anchors"": {
    ""start_timestamp"": ""00:15"",
    ""end_timestamp"": ""00:23""
  }
}
```"
"The person in the video is performing Smith machine squats, which target the quadriceps, glutes, and core.

Here's a breakdown of the exercise:

*   **Setup:** The individual is using a Smith machine, which stabilizes the barbell's path. They are wearing a weightlifting belt for support.
*   **Technique:** The person squats by lowering their hips until their thighs are at least parallel to the floor, then returns to the starting position. 
*   **Safety:** It’s important to note that the Smith machine forces a fixed range of motion, which may not be optimal for everyone. Proper form, such as keeping the back straight and knees aligned with toes, is critical to avoid injury.

If you're interested in incorporating this exercise into your workout, it's generally recommended to learn the technique with a coach or experienced trainer to ensure you're performing the movement safely and effectively.","```json
{
  ""exercise"": ""barbell_back_squat"",
  ""rep_count"": 6,
  ""estimated_load"": ""heavy"",
  ""overall_rating"": 7,
  ""good"": [
    {""aspect"": ""Bar Path"", ""detail"": ""Consistent vertical path throughout all repetitions.""},
    {""aspect"": ""Heel Stability"", ""detail"": ""Feet remain planted firmly on the floor with no visible heel lift.""},
    {""aspect"": ""Knee Path"", ""detail"": ""Knees track over the toes with no medial collapse (valgus).""}
  ],
  ""needs_improvement"": [
    {""aspect"": ""Depth"", ""detail"": ""Several repetitions reach parallel or just above; hip crease should ideally drop slightly below the top of the patella.""},
    {""aspect"": ""Lumbar Stability"", ""detail"": ""Minor rounding of the lower back (butt wink) is visible at the bottom of the repetitions, suggesting a need for increased core bracing or improved hip mobility.""},
    {""aspect"": ""Upper Body"", ""detail"": ""There is a slight forward lean of the chest as the repetitions fatigue, increasing stress on the lower back.""}
  ],
  ""visual_anchors"": {
    ""start_timestamp"": ""00:00"",
    ""end_timestamp"": ""00:23""
  }
}
```"
"The person in the video is demonstrating a barbell back squat, focusing on proper form. She starts by standing with her feet shoulder-width apart, ensuring her core is engaged. As she begins the squat, she keeps her chest up, maintains a neutral spine, and pushes her hips back, as if sitting into a chair. She descends until her thighs are parallel to the floor, making sure her knees stay aligned over her toes. Throughout the movement, she keeps her weight balanced on her feet and focuses on driving through her heels to return to the starting position. This controlled motion helps ensure she is effectively targeting her quadriceps, hamstrings, and glutes while minimizing the risk of injury.","```json
{
  ""exercise"": ""barbell_back_squat"",
  ""rep_count"": 1,
  ""estimated_load"": ""heavy"",
  ""overall_rating"": 8,
  ""good"": [
    {
      ""aspect"": ""depth"",
      ""detail"": ""Excellent depth, with the hip crease consistently passing below the top of the patella.""
    },
    {
      ""aspect"": ""torso angle"",
      ""detail"": ""Maintained a controlled forward lean without excessive chest collapse.""
    },
    {
      ""aspect"": ""stability"",
      ""detail"": ""Feet remain firmly planted throughout the movement with no visible heel lift.""
    }
  ],
  ""needs_improvement"": [
    {
      ""aspect"": ""bar path"",
      ""detail"": ""Slight forward shift of the bar path as the load increases, putting more strain on the lower back.""
    },
    {
      ""aspect"": ""pelvic control"",
      ""detail"": ""Minor evidence of 'butt wink' at the very bottom of the squat, suggesting the need for slightly more active core bracing or deeper posterior chain mobility.""
    }
  ],
  ""visual_anchors"": {
    ""start_timestamp"": ""00:17"",
    ""end_timestamp"": ""00:25""
  }
}
```"
"This squat is essentially a back squat performed inside a power rack, but with a specific setup that significantly changes the exercise's intent. 

The individual is performing a **""box squat""** variant, but rather than using a standard plyo box or bench, they are using the **spotter arms (or pins) of the power rack**. 

Here is a breakdown of the mechanics observed:

*   **Fixed Depth:** The height of the pins determines the depth of the squat. In this instance, the pins are set at a position that allows the user to perform a partial or near-parallel squat.
*   **Breaking the Momentum:** By descending until the barbell rests momentarily on the pins, the user eliminates the ""stretch reflex"" (the elastic energy built up during the descent). This forces the muscles—specifically the quads, glutes, and core—to generate power from a static, ""dead stop"" position. This is an excellent way to build explosive power and overcome sticking points in the squat.
*   **Safety:** The power rack pins are designed to catch the bar in case of failure, ensuring safety throughout the set.
*   **Execution:** The user maintains a relatively upright torso. As they descend, they control the weight down to the pins, pause briefly to ensure all tension is supported by the pins, and then drive upward explosively to return to the starting position.

**Pros of this variation:** It effectively trains the concentric (lifting) portion of the squat and helps teach the user to initiate the upward movement using their hips and glutes. It is a common technique used by powerlifters to increase raw strength.","```json
{
  ""exercise"": ""barbell_back_squat"",
  ""rep_count"": 1,
  ""estimated_load"": ""heavy"",
  ""overall_rating"": 8,
  ""good"": [
    {
      ""aspect"": ""Foot Stability"",
      ""detail"": ""The athlete maintains consistent contact with the floor; no heel lift is observed throughout the movement.""
    },
    {
      ""aspect"": ""Safety"",
      ""detail"": ""The squat rack is equipped with safety pins set at an appropriate height, ensuring the athlete can bail safely if needed.""
    }
  ],
  ""needs_improvement"": [
    {
      ""aspect"": ""Depth"",
      ""detail"": ""The hip crease does not clearly pass below the top of the patella, making this a high-depth squat.""
    },
    {
      ""aspect"": ""Lumbar Stability"",
      ""detail"": ""Minor 'butt wink' (posterior pelvic tilt) is noticeable at the bottom of the movement as the spine begins to lose its neutral position.""
    }
  ],
  ""visual_anchors"": {
    ""start_timestamp"": ""00:05"",
    ""end_timestamp"": ""00:16""
  }
}
```"
"The user is performing a standard barbell back squat using a squat rack for safety and support. Here is a breakdown of their form:

**Technique Analysis:**
*   **Stance:** The user has a stable, shoulder-width stance, which is ideal for a standard back squat to maintain balance.
*   **Depth:** They are achieving good depth, with the thighs reaching parallel to the floor at the bottom of the movement.
*   **Posture:** Throughout the descent and ascent, the user maintains a relatively neutral spine with their chest up, which is critical for reducing stress on the lower back.
*   **Execution:** The movement is controlled and deliberate. The user does not rush the descent, allowing for better muscle engagement and safety.

**Safety Considerations:**
*   **Rack Usage:** The use of a ""walk-in"" squat rack provides an essential safety net. 
*   **Spot Catchers:** The video specifically highlights the ""adjustable safety spot catchers."" These are positioned at a height that would catch the barbell if the user were to fail a rep, preventing them from being pinned under the weight. This is a key safety feature for anyone training alone or at their limit.
*   **Collars:** The user is using collars on the bar to secure the weight plates, preventing them from sliding during the movement.

Overall, the user demonstrates solid, safe form, aided by the functional safety features of the equipment.","```json
{
  ""exercise"": ""barbell_back_squat"",
  ""rep_count"": 1,
  ""estimated_load"": ""heavy"",
  ""overall_rating"": 8,
  ""good"": [
    {
      ""aspect"": ""Bar Path"",
      ""detail"": ""The vertical bar path is consistent, showing excellent control and stabilization throughout the eccentric and concentric phases.""
    },
    {
      ""aspect"": ""Depth"",
      ""detail"": ""The hip crease descends below the top of the patella, achieving full range of motion for a standard squat.""
    },
    {
      ""aspect"": ""Foot Stability"",
      ""detail"": ""The athlete maintains full contact of the feet with the ground; no evidence of heel lift or shifting.""
    }
  ],
  ""needs_improvement"": [
    {
      ""aspect"": ""Upper Body Posture"",
      ""detail"": ""There is a minor degree of chest fall as the athlete descends; maintaining a more upright thoracic spine could improve force transfer.""
    },
    {
      ""aspect"": ""Lumbar Stability"",
      ""detail"": ""A slight posterior pelvic tilt (butt wink) is visible at the very bottom of the squat, likely due to limited ankle or hip mobility.""
    }
  ],
  ""visual_anchors"": {
    ""start_timestamp"": ""00:30"",
    ""end_timestamp"": ""00:43""
  }
}
```"
"The user is performing two repetitions of a **back squat**. Here is a breakdown of their form:

*   **Execution:** The individual begins by unracking the barbell, stepping back into a stable stance, and lowering themselves into a squat. They then drive upward to a standing position, briefly pause, perform a second repetition, and return the barbell to the rack. 
*   **Form:** Their depth appears to be excellent, reaching or breaking parallel (hips below the top of the knees). They maintain a relatively upright torso throughout the movement, which is characteristic of a high-bar back squat, and keep their heels planted on the floor. 
*   **Equipment:** The individual is utilizing a power rack for safety, wearing a weightlifting belt for core support, knee sleeves for joint stability, and weightlifting shoes, which help with depth and stability due to the elevated heel. 

Overall, this is a well-controlled, technically sound squat that demonstrates good mobility and strength.","{
  ""exercise"": ""barbell_back_squat"",
  ""rep_count"": 1,
  ""estimated_load"": ""heavy"",
  ""overall_rating"": 8,
  ""good"": [
    {
      ""aspect"": ""Depth"",
      ""detail"": ""The lifter achieved excellent depth, with the hip crease clearly breaking the plane of the knee.""
    },
    {
      ""aspect"": ""Bar Path"",
      ""detail"": ""The bar path remained vertical and balanced over the midfoot throughout the movement.""
    },
    {
      ""aspect"": ""Stability"",
      ""detail"": ""The heels remained planted throughout the descent and ascent, showing good ankle mobility and weight distribution.""
    }
  ],
  ""needs_improvement"": [
    {
      ""aspect"": ""Lumbar Stability"",
      ""detail"": ""There is a slight amount of posterior pelvic tilt ('butt wink') at the very bottom of the squat, suggesting the lifter reached the end of their current range of motion.""
    },
    {
      ""aspect"": ""Knee Path"",
      ""detail"": ""While controlled, there is a minor amount of knee instability during the ascent that could be mitigated with more active engagement of the gluteus medius.""
    }
  ],
  ""visual_anchors"": {
    ""start_timestamp"": ""00:04"",
    ""end_timestamp"": ""00:32""
  }
}"
"The speaker in this video demonstrates a way to train new athletes to hit the proper depth in a barbell squat without relying on a bench or a box. To do this, he creates a marker for his squat depth using two tall sticks and a resistance band set at his parallel depth. 

As he performs the squat with the barbell, he drops down until his hamstrings just touch the resistance band. This lets him know when he has reached the proper depth without allowing him to rest any of his weight on the band. When he touches the band, he knows it is time to come back up. This training method helps athletes learn where parallel depth is, without changing the squat itself.","{
  ""exercise"": ""barbell_back_squat"",
  ""rep_count"": 1,
  ""estimated_load"": ""moderate"",
  ""overall_rating"": 8,
  ""good"": [
    {
      ""aspect"": ""depth"",
      ""detail"": ""The athlete successfully reaches and slightly passes the parallel depth marker established by the resistance band.""
    },
    {
      ""aspect"": ""bar path"",
      ""detail"": ""The bar maintains a relatively vertical path throughout the descent and ascent.""
    },
    {
      ""aspect"": ""heel stability"",
      ""detail"": ""Heels remain in full contact with the floor throughout the entire repetition.""
    }
  ],
  ""needs_improvement"": [
    {
      ""aspect"": ""torso angle"",
      ""detail"": ""There is a slight forward lean of the chest at the bottom of the squat, suggesting potential ankle mobility or core tension limitations.""
    },
    {
      ""aspect"": ""butt wink"",
      ""detail"": ""Minor posterior pelvic tilt is visible at the very bottom of the range of motion, indicating slight loss of lumbar neutral.""
    }
  ],
  ""visual_anchors"": {
    ""start_timestamp"": ""00:40"",
    ""end_timestamp"": ""00:50""
  }
}"
"The man in the video is performing a **Smith machine back squat**. Here is a breakdown of his form:

*   **Setup:** He starts by standing with his feet shoulder-width apart, ensuring the bar rests comfortably on his upper traps rather than his neck. He maintains a neutral spine with his core engaged.
*   **The Descent:** As he initiates the squat, he keeps his chest up and pushes his hips back as if sitting in an invisible chair. He maintains a controlled pace throughout the lowering phase.
*   **Range of Motion:** He consistently reaches a depth where his thighs are roughly parallel to the floor, which is the standard goal for a full-range squat.
*   **The Ascent:** He drives upward through his mid-foot and heels, keeping the bar path aligned with the machine's fixed track. He extends his hips and knees fully at the top of each repetition.
*   **Safety Considerations:** The use of the Smith machine provides a fixed path, which can be useful for stability; however, he is careful to position his feet slightly in front of the bar to ensure proper biomechanics and avoid undue stress on the knees. He also makes sure to safely lock the bar back into the machine's rack hooks after completing his final rep.

Overall, it is a controlled and technically sound set of squats.","```json
{
  ""exercise"": ""barbell_back_squat"",
  ""rep_count"": 5,
  ""estimated_load"": ""heavy"",
  ""overall_rating"": 7,
  ""good"": [
    {
      ""aspect"": ""Range of Motion"",
      ""detail"": ""Consistent depth achieved across all reps, with the hip crease consistently dropping below the top of the patella.""
    },
    {
      ""aspect"": ""Knee Tracking"",
      ""detail"": ""Knees track over the toes well without any visible medial collapse (valgus) throughout the sets.""
    }
  ],
  ""needs_improvement"": [
    {
      ""aspect"": ""Torso Stability"",
      ""detail"": ""There is noticeable forward lean (chest fall) as the set progresses, shifting the load more toward the lower back.""
    },
    {
      ""aspect"": ""Bar Path"",
      ""detail"": ""The bar path drifts slightly forward away from the mid-foot, likely caused by the upper body tilting forward during the ascent.""
    },
    {
      ""aspect"": ""Butt Wink"",
      ""detail"": ""Minor posterior pelvic tilt is visible at the very bottom of the squat, indicating a potential reach in end-range hip mobility.""
    }
  ],
  ""visual_anchors"": {
    ""start_timestamp"": ""00:27"",
    ""end_timestamp"": ""01:07""
  }
}
```"
"In the video, Chris Bumstead is shown performing a squat using a **Smith machine**.

Key features of this exercise in the video include:

* **Equipment:** He is using a Smith machine, which involves a barbell that is attached to a vertical rail system. This keeps the bar path fixed in a set movement pattern.
* **Stance:** He is adopting a stance that places his feet slightly forward of the bar. This is a common technique when using a Smith machine to help isolate the quadriceps by allowing for more forward knee travel while keeping the torso upright.
* **Mechanics:** He is performing the eccentric phase (the lowering portion) of the squat with a controlled tempo and a good range of motion, focusing on deep knee flexion. 
* **Focus:** This setup helps minimize the need for the stabilizer muscles required in a free-weight squat, allowing him to place more direct, isolated tension on his quadriceps.","```json
{
  ""exercise"": ""barbell_back_squat"",
  ""rep_count"": 1,
  ""estimated_load"": ""heavy"",
  ""overall_rating"": 8,
  ""good"": [
    {
      ""aspect"": ""Foot Stability"",
      ""detail"": ""Excellent heel contact with the floor throughout the entire movement, no signs of heel lift under load.""
    },
    {
      ""aspect"": ""Knee Tracking"",
      ""detail"": ""Good alignment with the toes, showing no sign of medial knee collapse (valgus).""
    },
    {
      ""aspect"": ""Bar Path"",
      ""detail"": ""Stable and vertical bar path, demonstrating good core engagement.""
    }
  ],
  ""needs_improvement"": [
    {
      ""aspect"": ""Depth"",
      ""detail"": ""The lifter hits parallel but does not demonstrate clear depth below the top of the patella.""
    },
    {
      ""aspect"": ""Pelvic Stability"",
      ""detail"": ""Slight posterior pelvic tilt (butt wink) observed at the very bottom of the range of motion.""
    }
  ],
  ""visual_anchors"": {
    ""start_timestamp"": ""00:39"",
    ""end_timestamp"": ""00:44""
  }
}
```"
"The individual performs a ""goblet squat to overhead squat"" transition. Here's a breakdown of the sequence:

1. **Goblet Squat**: He begins by holding a kettlebell against his chest and performing a squat.
2. **Transition**: At the bottom of the squat, he places the kettlebell on the floor and picks up a bar located in front of him.
3. **Overhead Squat**: Keeping the bar above his head, he performs a full squat while keeping his arms extended straight up.
4. **Completion**: He returns to the bottom position, places the bar back down, grabs the kettlebell, and performs another curl and squat to complete the motion.","```json
{
  ""exercise"": ""Goblet-to-Overhead Squat"",
  ""rep_count"": 1,
  ""estimated_load"": ""moderate"",
  ""overall_rating"": 7,
  ""good"": [
    {
      ""aspect"": ""Range of Motion"",
      ""detail"": ""The athlete achieves excellent depth, with the hip crease descending well below the knee line throughout the movement.""
    },
    {
      ""aspect"": ""Core Stability"",
      ""detail"": ""The athlete maintains a neutral spine with no significant lumbar rounding or 'butt wink' at the bottom of the squat.""
    }
  ],
  ""needs_improvement"": [
    {
      ""aspect"": ""Upper Body Positioning"",
      ""detail"": ""There is a slight forward lean of the chest during the overhead portion of the movement, likely due to limited thoracic mobility or overhead stability.""
    },
    {
      ""aspect"": ""Knee Path"",
      ""detail"": ""There is slight inward knee tracking (valgus) during the transition from the goblet squat to the overhead position.""
    }
  ],
  ""visual_anchors"": {
    ""start_timestamp"": ""00:51"",
    ""end_timestamp"": ""01:08""
  }
}
```"
"In this clip, David Laid performs a heavy back squat. Here’s a breakdown of the form he uses:

* **Setup:** He begins by positioning the barbell across his upper traps, setting his feet roughly shoulder-width apart, and maintaining a tight, upright posture. 
* **The Descent:** He initiates the movement by pushing his hips back and bending his knees simultaneously, ensuring he maintains a stable core and keeps his chest up. 
* **Depth:** He reaches a depth where his thighs are roughly parallel to the floor, which is the standard range of motion for a proper squat.
* **The Ascent:** With a controlled explosive motion, he drives through his heels to return to the standing position, keeping his back straight throughout the entire lift. 

He is lifting 465 lbs, showing impressive strength and solid technique.","```json
{
  ""exercise"": ""barbell_back_squat"",
  ""rep_count"": 1,
  ""estimated_load"": ""heavy"",
  ""overall_rating"": 8,
  ""good"": [
    {
      ""aspect"": ""Bar Path"",
      ""detail"": ""The vertical path of the barbell remains well-aligned over the mid-foot throughout the entire eccentric and concentric phases.""
    },
    {
      ""aspect"": ""Depth"",
      ""detail"": ""The athlete achieves sufficient depth, with the hip crease dropping clearly below the top of the patella.""
    },
    {
      ""aspect"": ""Foot Stability"",
      ""detail"": ""There is no visible heel lift, indicating solid foot contact and proper weight distribution.""
    }
  ],
  ""needs_improvement"": [
    {
      ""aspect"": ""Lumbar Stability"",
      ""detail"": ""A minor degree of 'butt wink' (posterior pelvic tilt) is noticeable at the bottom of the movement, suggesting a slight limitation in ankle or hip mobility.""
    },
    {
      ""aspect"": ""Upper Body"",
      ""detail"": ""The torso experiences slight forward inclination as the weight becomes challenging, placing increased demand on the lower back.""
    }
  ],
  ""visual_anchors"": {
    ""start_timestamp"": ""00:26"",
    ""end_timestamp"": ""00:34""
  }
}
```"
"This video shows a demonstration of how to position the barbell on your shoulders for a back squat.

The speaker emphasizes that if you feel pain or excessive pressure on your spine/bones during a back squat, it is likely because the bar is resting on your bone rather than your muscle. To correct this, he advises the following:

1. **Create a ""shelf"":** When you get under the bar to begin your squat, you should actively pull the bar down.
2. **Retract and depress your shoulder blades:** Engage your back muscles by pulling your shoulder blades back and down. This action pushes the muscles of your upper back out.
3. **Rest the bar on muscle:** Because your muscles are now protruding, the bar will rest comfortably on them instead of directly on your neck or spine.

By following these cues, you can create a stable platform for the barbell, reducing discomfort and potential strain.","```json
{
  ""exercise"": ""barbell_back_squat"",
  ""rep_count"": 1,
  ""estimated_load"": ""light"",
  ""overall_rating"": 9,
  ""good"": [
    {""aspect"": ""Upper Back Engagement"", ""detail"": ""Effective cueing of scapular retraction and depression to create a stable muscle shelf for the bar.""},
    {""aspect"": ""Bar Positioning"", ""detail"": ""Correct demonstration of high-bar placement on the trapezius rather than resting on the cervical vertebrae.""}
  ],
  ""needs_improvement"": [
    {""aspect"": ""Depth Consistency"", ""detail"": ""The demonstration is incomplete; the athlete does not perform a full range of motion squat to hip-crease depth.""}
  ],
  ""visual_anchors"": {
    ""start_timestamp"": ""00:16"",
    ""end_timestamp"": ""00:48""
  }
}
```"
"The man in the video is performing a **barbell back squat** using a rack. He is lifting a heavy weight, which is identified in the video as 520 lb / 235 kg. He squats down, allowing his hips to descend until his thighs are roughly parallel to the floor, and then drives back up to the starting position.","```json
{
  ""exercise"": ""barbell_back_squat"",
  ""rep_count"": 1,
  ""estimated_load"": ""heavy"",
  ""overall_rating"": 8,
  ""good"": [
    {
      ""aspect"": ""Foot Stability"",
      ""detail"": ""The athlete maintains excellent connection with the floor; no visible heel lift throughout the descent or ascent.""
    },
    {
      ""aspect"": ""Knee Path"",
      ""detail"": ""The knees track well over the toes with no visible medial collapse (valgus) during the exertion phase.""
    },
    {
      ""aspect"": ""Bar Path"",
      ""detail"": ""The barbell follows a mostly vertical, efficient path over the mid-foot, indicating good center of mass management.""
    }
  ],
  ""needs_improvement"": [
    {
      ""aspect"": ""Depth"",
      ""detail"": ""While the depth is close, the hip crease does not clearly break the plane below the top of the patella, making it a high squat rather than a full competition-depth squat.""
    },
    {
      ""aspect"": ""Lumbar Stability"",
      ""detail"": ""A slight 'butt wink' (posterior pelvic tilt) is noticeable at the bottom of the movement, likely due to tight hamstrings or depth limits.""
    }
  ],
  ""visual_anchors"": {
    ""start_timestamp"": ""00:06"",
    ""end_timestamp"": ""00:15""
  }
}
```"
"This is a goblet squat. The lifter starts with their feet shoulder-width apart, toes pointing slightly outwards. They hold a dumbbell vertically against their chest, keeping their core engaged and shoulder blades retracted. As they descend into the squat, they keep their chest up and back straight, driving their hips back and down. They then push through their heels to return to a standing position, squeezing their glutes at the top.","```json
{
  ""exercise"": ""goblet_squat"",
  ""rep_count"": 1,
  ""estimated_load"": ""moderate"",
  ""overall_rating"": 9,
  ""good"": [
    {
      ""aspect"": ""Heel Stability"",
      ""detail"": ""Heels remain in constant, firm contact with the floor throughout the entire movement.""
    },
    {
      ""aspect"": ""Upper Body Position"",
      ""detail"": ""The torso remains upright with excellent chest position and proper spinal alignment.""
    },
    {
      ""aspect"": ""Knee Path"",
      ""detail"": ""Knees track perfectly over the toes without any signs of medial collapse or valgus.""
    }
  ],
  ""needs_improvement"": [
    {
      ""aspect"": ""Depth"",
      ""detail"": ""The hip crease does not clearly break the plane of the patella, resulting in a slightly shallow squat.""
    }
  ],
  ""visual_anchors"": {
    ""start_timestamp"": ""00:00"",
    ""end_timestamp"": ""00:06""
  }
}
```"
"This video demonstrates how to perform a **dumbbell goblet squat**. 

Here is a breakdown of the proper form shown:

*   **Setup:** The athlete starts by holding a dumbbell vertically against their chest with both palms facing up, ensuring the weight is close to their body.
*   **Stance:** Feet are positioned at about shoulder-width apart, with toes pointed slightly outward.
*   **The Movement:** 
    *   **Descending:** As the athlete squats, they engage their hips to push their knees outward, keeping the knees aligned with their toes. They maintain a neutral, flat spine throughout the descent.
    *   **Depth:** They squat down to a comfortable depth where they can maintain proper posture and stability.
    *   **Ascending:** On the way up, the athlete drives through their feet, squeezing their glutes and flexing their abs to return to the starting standing position.

**Key Form Tips highlighted:**
*   Keep the chest up and shoulders pulled back.
*   Keep the weight held tight against the sternum.
*   Ensure knees track over the toes throughout the entire movement.","```json
{
  ""exercise"": ""dumbbell_goblet_squat"",
  ""rep_count"": 8,
  ""estimated_load"": ""moderate"",
  ""overall_rating"": 9,
  ""good"": [
    {
      ""aspect"": ""Foot Stability"",
      ""detail"": ""Full foot contact maintained throughout the entire movement with no heel lifting.""
    },
    {
      ""aspect"": ""Spine Neutrality"",
      ""detail"": ""Excellent maintenance of a neutral lumbar spine throughout the full range of motion.""
    },
    {
      ""aspect"": ""Knee Mechanics"",
      ""detail"": ""Good tracking of the knees over the toes with no signs of medial valgus collapse.""
    }
  ],
  ""needs_improvement"": [
    {
      ""aspect"": ""Depth"",
      ""detail"": ""While depth is adequate for a goblet squat, the hip crease does not consistently break the plane below the top of the patella on every repetition.""
    },
    {
      ""aspect"": ""Chest Position"",
      ""detail"": ""A slight forward lean of the torso is observed at the bottom of the squat, common in this variation, but could be mitigated by further thoracic extension.""
    }
  ],
  ""visual_anchors"": {
    ""start_timestamp"": ""00:18"",
    ""end_timestamp"": ""00:39""
  }
}
```"
"The squat shown in the video is a back squat. The individual performing the exercise demonstrates good form, with their back straight, heels on the ground, and their knees tracking outward over their toes. They complete multiple repetitions, maintaining control throughout each movement. Overall, this is a well-executed back squat.","{
  ""exercise"": ""barbell_back_squat"",
  ""rep_count"": 8,
  ""estimated_load"": ""moderate"",
  ""overall_rating"": 8,
  ""good"": [
    {
      ""aspect"": ""Bar Path"",
      ""detail"": ""The vertical path of the barbell is consistent and remains over the mid-foot throughout the repetitions.""
    },
    {
      ""aspect"": ""Depth"",
      ""detail"": ""The athlete consistently achieves parallel depth with each rep, ensuring proper hip engagement.""
    },
    {
      ""aspect"": ""Stability"",
      ""detail"": ""No visible heel lift or lateral knee instability (valgus collapse) observed during the descent or ascent.""
    }
  ],
  ""needs_improvement"": [
    {
      ""aspect"": ""Lumbar Stability"",
      ""detail"": ""Minor 'butt wink' (posterior pelvic tilt) is noticeable at the bottom of some reps, indicating a need to work on ankle or hip mobility.""
    },
    {
      ""aspect"": ""Torso Inclination"",
      ""detail"": ""There is a slight forward chest lean as the fatigue sets in, which may shift some load away from the quads and increase stress on the lower back.""
    }
  ],
  ""visual_anchors"": {
    ""start_timestamp"": ""00:05"",
    ""end_timestamp"": ""00:55""
  }
}"
"This squat is a **heel-elevated goblet squat**, a variation of the traditional squat designed to emphasize the quadriceps.

In this exercise:
* **Heel Elevation:** Placing the heels on small, stable weight plates increases the range of motion for the ankles. This allows for a more upright torso, which places the primary load on the quadriceps rather than the hips or lower back.
* **Goblet Hold:** Holding the weight in front of the chest encourages proper posture, requiring the individual to engage their core and keep their chest upright.
* **Technique:** The goal is to drive the knees forward and downward while maintaining an upright posture. This focus helps isolate the quads, whereas shifting the weight back (and tilting the torso) would engage more of the glutes and lower back.","```json
{
  ""exercise"": ""heel_elevated_goblet_squat"",
  ""rep_count"": 5,
  ""estimated_load"": ""moderate"",
  ""overall_rating"": 9,
  ""good"": [
    {
      ""aspect"": ""Heel Stability"",
      ""detail"": ""The use of plates provides excellent elevation, maintaining full contact between the heels and the plates throughout the entire range of motion.""
    },
    {
      ""aspect"": ""Upper Body Posture"",
      ""detail"": ""The athlete maintains a very upright torso, keeping the dumbbell close to the chest, which effectively shifts the load to the quadriceps.""
    },
    {
      ""aspect"": ""Knee Tracking"",
      ""detail"": ""Knees track consistently over the toes without medial collapse, maintaining optimal joint alignment.""
    }
  ],
  ""needs_improvement"": [
    {
      ""aspect"": ""Range of Motion"",
      ""detail"": ""While depth is good, the athlete could further emphasize the eccentric phase to ensure full hip crease depth below the patella line consistently.""
    }
  ],
  ""visual_anchors"": {
    ""start_timestamp"": ""00:29"",
    ""end_timestamp"": ""00:54""
  }
}
```"
"This squat is performed with good form and emphasizes the following key points:

*   **Proper Stance:** The feet are slightly wider than shoulder-width apart.
*   **Arm Positioning:** The arms are crossed in front of the chest, with hands touching the opposite shoulders, which helps maintain balance and posture.
*   **Weight Distribution:** The weight is shifted toward the balls of the feet as the movement begins.
*   **Form:** As she squats, she keeps her back straight and her eyes focused forward, aiming to reach a 90-degree angle with her knees.
*   **Controlled Movement:** The transition from the squat position back to the standing starting position is smooth and controlled.

This exercise is excellent for strengthening the quadriceps and glutes while also improving posture.","{
  ""exercise"": ""bodyweight_squat"",
  ""rep_count"": 6,
  ""estimated_load"": ""light"",
  ""overall_rating"": 8,
  ""good"": [
    {""aspect"": ""Posture"", ""detail"": ""The athlete maintains a neutral spine and upright chest throughout the movement.""},
    {""aspect"": ""Knee Mechanics"", ""detail"": ""Knees track over the toes consistently without medial collapse or valgus movement.""},
    {""aspect"": ""Heel Stability"", ""detail"": ""The heels remain in constant contact with the floor, indicating proper weight distribution.""}
  ],
  ""needs_improvement"": [
    {""aspect"": ""Squat Depth"", ""detail"": ""The hip crease remains slightly above the top of the patella, failing to hit parallel depth in some repetitions.""},
    {""aspect"": ""Ankle Mobility"", ""detail"": ""There is slight restriction in ankle range of motion, leading to a minor forward lean of the torso to maintain balance.""}
  ],
  ""visual_anchors"": {
    ""start_timestamp"": ""00:19"",
    ""end_timestamp"": ""00:41""
  }
}"
"The video demonstrates proper elbow positioning for a back squat to maximize upper-back engagement and stability. 

**The Common Mistake:**
The instructor highlights a frequent error where lifters pull their elbows too far back behind them. This creates a false sense of back tension by relying on a ""shelf"" for the barbell, but it actually causes the shoulders to hunch forward and prevents the upper back from being properly activated for stabilization.

**The Correct Technique:**
*   **Elbow Position:** Maintain your elbows closer to your body rather than flared back. 
*   **Upper-Back Engagement:** Focus on pulling your shoulder blades together to create a stable shelf for the bar and maintain consistent tension across the upper back. 
*   **Performance Benefit:** By keeping the elbows more ""under"" you, it helps prevent the body from pitching forward at the bottom of the squat, allowing you to maintain an upright torso and drive upward more efficiently.","```json
{
  ""exercise"": ""barbell_back_squat"",
  ""rep_count"": 1,
  ""estimated_load"": ""heavy"",
  ""overall_rating"": 8,
  ""good"": [
    {
      ""aspect"": ""Upper Body Alignment"",
      ""detail"": ""The subject maintains a neutral spine and an upright torso throughout the movement.""
    },
    {
      ""aspect"": ""Bar Path"",
      ""detail"": ""The vertical bar path stays centered over the mid-foot, indicating good center of mass control.""
    }
  ],
  ""needs_improvement"": [
    {
      ""aspect"": ""Elbow Positioning"",
      ""detail"": ""The subject's initial setup shows elbows pushed too far behind the torso, which can limit back tension and potentially shift the shoulders forward.""
    },
    {
      ""aspect"": ""Range of Motion"",
      ""detail"": ""While a standard back squat, the depth is stopped just at parallel; slightly more depth could be achieved for full posterior chain engagement.""
    }
  ],
  ""visual_anchors"": {
    ""start_timestamp"": ""00:06"",
    ""end_timestamp"": ""00:15""
  }
}
```"
"The person in the video is performing a back squat. They start by standing under the barbell and placing it on their shoulders. They then lower their hips until their thighs are parallel to the floor, before returning to the starting position.","{
  ""exercise"": ""barbell_back_squat"",
  ""rep_count"": 1,
  ""estimated_load"": ""heavy"",
  ""overall_rating"": 8,
  ""good"": [
    {
      ""aspect"": ""Range of Motion"",
      ""detail"": ""The lifter achieves sufficient depth, with the hip crease falling below the top of the patella.""
    },
    {
      ""aspect"": ""Bar Path"",
      ""detail"": ""The barbell maintains a relatively vertical, efficient path throughout the concentric and eccentric phases.""
    },
    {
      ""aspect"": ""Safety"",
      ""detail"": ""The lifter utilizes a power rack with safety spotter arms properly positioned, ensuring a safe training environment.""
    }
  ],
  ""needs_improvement"": [
    {
      ""aspect"": ""Torso Angle"",
      ""detail"": ""There is a slight forward lean of the chest as the lifter reaches the bottom of the squat, potentially shifting the center of mass too far forward.""
    },
    {
      ""aspect"": ""Heel Stability"",
      ""detail"": ""At the bottom of the movement, there is minor instability in the feet, with slight potential for heel lifting due to the aggressive forward knee travel.""
    }
  ],
  ""visual_anchors"": {
    ""start_timestamp"": ""00:08"",
    ""end_timestamp"": ""00:26""
  }
}"
"The user is performing hack squats on a machine. Throughout the exercise, the user maintains a generally good, upright posture, though their knees cave in slightly during the ascent of most repetitions. Their heels remain in contact with the platform, and their depth is consistent, consistently reaching at least parallel. To potentially improve, the user could focus on keeping their knees aligned with their toes to avoid the inward collapse, which might also allow for a more stable and effective movement.","```json
{
  ""exercise"": ""barbell_back_squat"",
  ""rep_count"": 5,
  ""estimated_load"": ""moderate"",
  ""overall_rating"": 8,
  ""good"": [
    {
      ""aspect"": ""Knee Path"",
      ""detail"": ""Knees track well over the toes without significant valgus collapse throughout the range of motion.""
    },
    {
      ""aspect"": ""Torso Stability"",
      ""detail"": ""Upright torso position is maintained well throughout the set, preventing excessive forward lean.""
    }
  ],
  ""needs_improvement"": [
    {
      ""aspect"": ""Depth"",
      ""detail"": ""While the depth is sufficient for a hack squat machine, ensure consistent hip crease below the patella on all repetitions for optimal glute engagement.""
    },
    {
      ""aspect"": ""Controlled Eccentric"",
      ""detail"": ""Some repetitions exhibit a slightly rapid descent; focusing on a more controlled eccentric phase will increase time under tension and stability.""
    }
  ],
  ""visual_anchors"": {
    ""start_timestamp"": ""00:00"",
    ""end_timestamp"": ""00:27""
  }
}
```"
"This video demonstrates a **Front Squat + Back Squat Complex**, a training exercise often used in Olympic weightlifting. 

Here is a breakdown of the movement performed in the video:

*   **The Front Squat Component:** The lifter begins with the barbell in the front rack position (resting across the front deltoids and clavicle, with elbows raised high). They perform 1–3 reps, moving through a full squat while keeping their torso upright.
*   **The Transition:** After finishing the front squats, the lifter racks the barbell, transitions it behind their head onto their upper back (trapezius), and sets up for the back squat.
*   **The Back Squat Component:** Once the bar is on their back, the lifter performs additional reps of the back squat. 

**Why do this complex?**
The narration explains that this combination allows an athlete to push their legs and hips beyond the capacity of a standard front squat. Because the front squat is often limited by trunk/upper back strength (keeping the bar from falling forward), moving to the back squat—which places less strain on the trunk—allows the legs and hips to continue working until they reach their own point of failure. This helps increase total training volume and muscle stimulation.","```json
{
  ""exercise"": ""barbell_back_squat"",
  ""rep_count"": 1,
  ""estimated_load"": ""heavy"",
  ""overall_rating"": 8,
  ""good"": [
    {
      ""aspect"": ""depth"",
      ""detail"": ""The lifter achieves excellent depth, with the hip crease clearly descending below the top of the patella.""
    },
    {
      ""aspect"": ""torso angle"",
      ""detail"": ""The athlete maintains an upright torso throughout the descent and ascent, indicating good thoracic stability.""
    },
    {
      ""aspect"": ""bar path"",
      ""detail"": ""The vertical path of the barbell remains consistent over the mid-foot.""
    }
  ],
  ""needs_improvement"": [
    {
      ""aspect"": ""spinal neutrality"",
      ""detail"": ""There is a slight 'butt wink' (posterior pelvic tilt) observed at the very bottom of the squat, suggesting the current depth might be pushing the limits of the lifter's active hamstring and glute mobility.""
    }
  ],
  ""visual_anchors"": {
    ""start_timestamp"": ""00:20"",
    ""end_timestamp"": ""00:24""
  }
}
```"
"The individual in the video is performing barbell front squats. Here is a breakdown of their form:

* **Stance:** The lifter uses a shoulder-width stance, which is standard for this exercise.
* **Bar Positioning:** The barbell is positioned on the anterior deltoids, providing the necessary stability for the movement. 
* **Depth:** The lifter reaches an appropriate depth, with their thighs nearly parallel to the floor, indicating a good range of motion.
* **Control:** They demonstrate good control throughout the repetitions, which is crucial for safety and effectiveness.
* **Form:** The back remains straight, and the knees are correctly aligned with the toes throughout each repetition, minimizing the risk of injury. 

Overall, the lifter is performing the front squat with good form and technique.","```json
{
  ""exercise"": ""barbell_back_squat"",
  ""rep_count"": 5,
  ""estimated_load"": ""moderate"",
  ""overall_rating"": 7,
  ""good"": [
    {
      ""aspect"": ""Bar Path"",
      ""detail"": ""The vertical bar path is consistent, showing good control throughout the descent and ascent phases.""
    },
    {
      ""aspect"": ""Foot Stability"",
      ""detail"": ""The athlete maintains full contact with the floor; there is no noticeable heel lifting during the repetitions.""
    }
  ],
  ""needs_improvement"": [
    {
      ""aspect"": ""Depth"",
      ""detail"": ""The squat depth is inconsistent; many reps appear to be at or slightly above parallel rather than consistently breaking parallel.""
    },
    {
      ""aspect"": ""Upper Body"",
      ""detail"": ""There is a slight forward lean in the torso as the fatigue sets in during the later repetitions, indicating a need for better core bracing.""
    }
  ],
  ""visual_anchors"": {
    ""start_timestamp"": ""00:03"",
    ""end_timestamp"": ""00:17""
  }
}
```"
"The video captures a person performing a set of back squats using a squat rack in a gym. Here's a breakdown of the movement:

* **Setup:** The person is wearing a blue shirt and plaid shorts. They position themselves under the barbell, which is loaded with weight plates, and secure it across their upper back.
* **Execution:**
    * The person lowers their body by bending their knees and hips, maintaining a relatively upright torso.
    * They descend until their thighs are approximately parallel to the floor.
    * From the bottom position, they explosively push back up to return to the starting standing position.
* **Consistency:** The individual repeats this movement pattern for several repetitions, demonstrating controlled pacing and consistent form throughout the set.
* **Environment:** The setting is a standard gym with other fitness equipment visible in the background, such as benches and weight racks. There is music playing in the background.","{
  ""exercise"": ""barbell_back_squat"",
  ""rep_count"": 10,
  ""estimated_load"": ""moderate"",
  ""overall_rating"": 7,
  ""good"": [
    {
      ""aspect"": ""Bar path"",
      ""detail"": ""The barbell maintains a consistent vertical path over the mid-foot throughout the repetitions.""
    },
    {
      ""aspect"": ""Depth"",
      ""detail"": ""The athlete consistently achieves parallel or just below parallel hip crease depth relative to the knee.""
    }
  ],
  ""needs_improvement"": [
    {
      ""aspect"": ""Upper body stability"",
      ""detail"": ""There is noticeable forward chest lean throughout the eccentric phase of the movement, indicating a need for greater core engagement.""
    },
    {
      ""aspect"": ""Lumbar control"",
      ""detail"": ""Mild posterior pelvic tilt ('butt wink') is visible at the bottom of several repetitions due to insufficient ankle or hip mobility.""
    },
    {
      ""aspect"": ""Safety"",
      ""detail"": ""While the rack is present, the safety pins are set extremely low, rendering them ineffective in the event of a failed repetition.""
    }
  ],
  ""visual_anchors"": {
    ""start_timestamp"": ""00:00"",
    ""end_timestamp"": ""00:43""
  }
}"
"The squat demonstrated in the video is a **Goblet Squat**.

This is a versatile, beginner-friendly exercise that helps build leg strength and improves squat mechanics. Here is a breakdown of why this specific variation is effective:

*   **Core Engagement:** Because you are holding the weight in front of your chest, your core must work hard to keep you upright. This helps stabilize your spine and prevents you from leaning too far forward.
*   **Improved Form:** The forward weight acts as a counterbalance. If you try to round your back or lift your heels, you’ll likely feel off-balance. This forces you to keep your chest up and weight back on your heels, promoting a deeper, more upright squat position.
*   **Glute and Quad Activation:** By maintaining a proper squat depth—where your thighs are at least parallel to the floor—you effectively recruit your quads and glutes throughout the full range of motion.
*   **Accessibility:** Unlike a back squat, which requires a barbell and rack, this variation can be performed with a single dumbbell or kettlebell, making it excellent for home or gym workouts.

To get the most out of this movement, focus on the cues mentioned in the video: keep your feet slightly wider than hip-width with toes pointed slightly outward, sit back into your hips, maintain a slight forward lean of the torso, and keep your core engaged to protect your lower back.","```json
{
  ""exercise"": ""goblet_squat"",
  ""rep_count"": 5,
  ""estimated_load"": ""moderate"",
  ""overall_rating"": 9,
  ""good"": [
    {
      ""aspect"": ""Heel stability"",
      ""detail"": ""The athlete maintains excellent contact between the entire foot and the floor, with no visible heel lifting during any repetition.""
    },
    {
      ""aspect"": ""Spinal alignment"",
      ""detail"": ""The spine remains in a neutral, stable position throughout the range of motion without signs of 'butt wink' at the bottom of the squat.""
    },
    {
      ""aspect"": ""Knee tracking"",
      ""detail"": ""The knees track consistently over the toes without medial collapse, maintaining good alignment with the direction of the feet.""
    }
  ],
  ""needs_improvement"": [
    {
      ""aspect"": ""Depth"",
      ""detail"": ""While the depth is good, the hip crease could drop slightly lower past the top of the patella to maximize glute recruitment as per the stated goal of the exercise.""
    },
    {
      ""aspect"": ""Torso angle"",
      ""detail"": ""As fatigue sets in, there is a minor tendency to lean the torso slightly further forward; maintaining a more upright chest would further optimize the load distribution.""
    }
  ],
  ""visual_anchors"": {
    ""start_timestamp"": ""00:00"",
    ""end_timestamp"": ""00:58""
  }
}
```"
"The exercise being performed is a **box goblet squat**. Here's a breakdown of the key elements:

*   **Setup:** The person stands in front of a box, holding a kettlebell against their chest with both hands.
*   **Movement:** They begin by bending their knees and hips to lower their body into a squat position, keeping their chest upright.
*   **The Box:** They descend until their glutes make light contact with the top of the box. The box serves as both a target for depth and a ""safety net,"" allowing the individual to pause at the bottom of the movement without the fear of being unable to stand back up.
*   **Purpose:** This variation is excellent for practicing form, ensuring consistent depth, and building confidence and stability at the bottom of the squat, which is often the most challenging part of the lift.","{
  ""exercise"": ""goblet_squat_with_box"",
  ""rep_count"": 9,
  ""estimated_load"": ""light"",
  ""overall_rating"": 9,
  ""good"": [
    {
      ""aspect"": ""Heel Stability"",
      ""detail"": ""The athlete maintains complete foot-to-floor contact throughout the movement; no heel lift is observed.""
    },
    {
      ""aspect"": ""Knee Mechanics"",
      ""detail"": ""Knees track over the toes consistently with no medial collapse (valgus).""
    },
    {
      ""aspect"": ""Upper Body Posture"",
      ""detail"": ""The chest remains upright throughout the descent, maintaining a neutral spine.""
    },
    {
      ""aspect"": ""Depth"",
      ""detail"": ""The athlete uses the box to ensure consistent, accurate depth on every repetition.""
    }
  ],
  ""needs_improvement"": [
    {
      ""aspect"": ""Pelvic Tilt"",
      ""detail"": ""Minimal 'butt wink' is present as the athlete reaches the lowest point, likely due to tight hamstrings or hip mobility limitations.""
    }
  ],
  ""visual_anchors"": {
    ""start_timestamp"": ""00:03"",
    ""end_timestamp"": ""00:46""
  }
}"
"This exercise is a **goblet squat**. It is performed by holding a weight (such as a kettlebell or dumbbell) at chest height while squatting down to a box. Here are the key technical points highlighted in the video:

*   **Hand placement:** Hold the weight close to your chest, ensuring your elbows are on the outside of the weight.
*   **Shoulder mechanics:** You should feel your shoulder blades ""wrap around"" your rib cage, creating a sense of space between your shoulder blades and your spine.
*   **Breathing and movement:**
    *   **Inhale** while standing, feeling the expansion between your shoulder blades.
    *   **Exhale** as you squat down, maintaining control.
    *   **Inhale** at the bottom of the squat.
    *   **Exhale** as you return to the starting standing position.","{
  ""exercise"": ""kettlebell_goblet_squat"",
  ""rep_count"": 1,
  ""estimated_load"": ""moderate"",
  ""overall_rating"": 9,
  ""good"": [
    {
      ""aspect"": ""Posture"",
      ""detail"": ""Upright torso maintained throughout the movement, preventing unnecessary spinal loading.""
    },
    {
      ""aspect"": ""Knee Mechanics"",
      ""detail"": ""Knees track over the toes consistently without signs of valgus collapse.""
    },
    {
      ""aspect"": ""Stability"",
      ""detail"": ""Heels remain firmly planted on the ground with no visible lifting during the descent or ascent.""
    }
  ],
  ""needs_improvement"": [
    {
      ""aspect"": ""Depth"",
      ""detail"": ""The squat ends at a box seat; while controlled, full depth without the box would better demonstrate hip mobility and glute recruitment.""
    }
  ],
  ""visual_anchors"": {
    ""start_timestamp"": ""00:35"",
    ""end_timestamp"": ""00:41""
  }
}"
"The Goblet Squat is a lower-body strength exercise that targets the quadriceps, glutes, and hamstrings, while also engaging the core. It serves as an excellent foundational move for those transitioning from bodyweight squats to more complex exercises like barbell squats.

**How to perform the Goblet Squat:**

1.  **Preparation:** Stand with your feet slightly wider than shoulder-width apart, toes pointed outward about 10–30 degrees.
2.  **Hold the Weight:** Stand over a kettlebell, hinge at the hips, and grab the handle. Bring the kettlebell up to your chest, holding it by the ""horns"" (the vertical sides of the handle).
3.  **Positioning:** Maintain an upright torso and keep the weight close to your chest.
4.  **Breathing:** Take a big breath in through your nose.
5.  **Execution:** As you begin to descend, blow your air out, which helps engage your core and keeps your ribcage down. 
6.  **Movement:** Drive your knees out as you sit back, aiming to lower your hips. Keep your torso tall and your spine neutral throughout the movement.
7.  **Depth:** Ideally, squat until your thighs are parallel to the floor. However, your ideal depth may vary based on your personal mobility and anatomy. If you are new to this exercise, start with a shallower squat and work your way deeper as you gain strength and flexibility.","{
  ""exercise"": ""goblet_squat"",
  ""rep_count"": 2,
  ""estimated_load"": ""moderate"",
  ""overall_rating"": 9,
  ""good"": [
    {
      ""aspect"": ""torso angle"",
      ""detail"": ""Excellent upright posture throughout the eccentric and concentric phases.""
    },
    {
      ""aspect"": ""knee tracking"",
      ""detail"": ""Good alignment; knees track over toes with no evidence of medial collapse.""
    },
    {
      ""aspect"": ""foot stability"",
      ""detail"": ""Full contact maintained with the floor throughout the movement, no heel lifting.""
    }
  ],
  ""needs_improvement"": [
    {
      ""aspect"": ""depth"",
      ""detail"": ""The depth is slightly above parallel, though acceptable given the instructional context.""
    }
  ],
  ""visual_anchors"": {
    ""start_timestamp"": ""00:39"",
    ""end_timestamp"": ""01:03""
  }
}"
"The exercise shown is a **goblet squat**. 

Here’s a breakdown of the key elements seen in the video:

*   **Setup:** The athlete holds a single kettlebell at chest height, gripping it by the horns (the sides of the handle). His feet are approximately shoulder-width apart.
*   **The Descent:** He initiates the movement by pushing his hips back and bending his knees simultaneously, maintaining a tall, upright torso throughout.
*   **The Depth:** He squats down until his thighs are roughly parallel to the floor, ensuring his heels remain planted firmly on the ground.
*   **The Ascent:** He drives through his mid-foot and heels to return to a full standing position, fully extending his hips at the top. 

**Why it’s effective:** This movement is a classic foundational exercise that builds lower-body strength while helping to improve mobility and balance. By holding the weight in front of the chest, it naturally encourages the person to keep their spine neutral and their chest up, which is great for learning proper squat mechanics.","```json
{
  ""exercise"": ""goblet_squat"",
  ""rep_count"": 5,
  ""estimated_load"": ""moderate"",
  ""overall_rating"": 9,
  ""good"": [
    {
      ""aspect"": ""Heel Stability"",
      ""detail"": ""The heels remain firmly planted throughout the entire movement, providing a solid base of support.""
    },
    {
      ""aspect"": ""Lumbar & Pelvic Integrity"",
      ""detail"": ""The spine maintains a neutral position throughout the full range of motion, with no noticeable lumbar rounding or excessive pelvic tilt (butt wink).""
    },
    {
      ""aspect"": ""Knee Path"",
      ""detail"": ""The knees track correctly over the toes with no medial collapse or valgus movement.""
    }
  ],
  ""needs_improvement"": [
    {
      ""aspect"": ""Upper Body Positioning"",
      ""detail"": ""There is a slight forward lean of the torso at the bottom of the squat as the weight increases, though this is typical for the goblet squat variation to maintain balance.""
    }
  ],
  ""visual_anchors"": {
    ""start_timestamp"": ""00:00"",
    ""end_timestamp"": ""00:07""
  }
}
```"
"The exercise shown in the video is known as a ""Goblet Squat Curl Combo,"" but as the instructor points out, it is not actually a bicep-strengthening movement.

The exercise is performed as follows:
* **The Setup:** Hold a kettlebell by its ""horns"" (the vertical sides of the handle) against your chest.
* **The Movement:** Lower into a deep squat position while keeping your chest upright. Once in the bottom position, you keep your back straight and push your knees outward with your elbows to help maintain stability and depth.
* **The ""Curl"":** While holding the deep squat, lower the kettlebell away from your chest toward the floor and then curl it back up to your chest. 

According to the instructor, the primary benefit of this move is to improve hip, ankle, and lower back mobility, as well as to help athletes learn how to reach a greater depth in their squats.","```json
{
  ""exercise"": ""goblet_squat"",
  ""rep_count"": 1,
  ""estimated_load"": ""light"",
  ""overall_rating"": 9,
  ""good"": [
    {
      ""aspect"": ""Heel Stability"",
      ""detail"": ""The lifter maintains solid, flat-footed contact with the ground throughout the entire range of motion.""
    },
    {
      ""aspect"": ""Depth"",
      ""detail"": ""The lifter achieves excellent depth, with the hip crease significantly below the knee line (below the top of the patella).""
    },
    {
      ""aspect"": ""Upper Body Position"",
      ""detail"": ""The chest remains high throughout the descent, indicating good thoracic posture.""
    }
  ],
  ""needs_improvement"": [
    {
      ""aspect"": ""Lumbar & Pelvic Stability"",
      ""detail"": ""Minor posterior pelvic tilt (butt wink) is present at the very bottom of the squat, common at such extreme depth.""
    }
  ],
  ""visual_anchors"": {
    ""start_timestamp"": ""00:29"",
    ""end_timestamp"": ""00:57""
  }
}
```"
"This is a demonstration of a **goblet squat**, an exercise that works the entire lower body, with a particular focus on the quads, glutes, and core. 

Key elements of the movement shown in the video include:

* **Holding the weight:** The kettlebell is held by the horns (the sides) with the palms facing each other, positioned close to the sternum. This forward placement helps maintain an upright, tall posture.
* **Foot placement:** The athlete’s feet are placed slightly wider than hip-width apart, with toes angled slightly outward. This stance helps to ensure balance and stability.
* **The motion:** As the athlete descends, they keep their feet flat and stable on the ground. The movement is controlled, emphasizing core engagement and keeping the back flat throughout.
* **The pause:** A brief pause at the bottom of the movement is shown to demonstrate stability and ensure proper muscle engagement through the core and back before pushing back up to the starting position.","```json
{
  ""exercise"": ""kettlebell_goblet_squat"",
  ""rep_count"": 5,
  ""estimated_load"": ""moderate"",
  ""overall_rating"": 9,
  ""good"": [
    {
      ""aspect"": ""Heel Stability"",
      ""detail"": ""Heels remain in constant contact with the platform throughout the entire range of motion.""
    },
    {
      ""aspect"": ""Spinal Alignment"",
      ""detail"": ""The lumbar spine maintains a neutral position; no evidence of posterior pelvic tilt or 'butt wink' at the bottom of the movement.""
    },
    {
      ""aspect"": ""Chest Positioning"",
      ""detail"": ""The torso remains upright throughout the descent, preventing chest fall.""
    }
  ],
  ""needs_improvement"": [
    {
      ""aspect"": ""Knee Tracking"",
      ""detail"": ""While knee tracking is generally good, the athlete could focus slightly more on driving the knees outward to fully engage the external hip rotators, especially during the ascent.""
    }
  ],
  ""visual_anchors"": {
    ""start_timestamp"": ""00:21"",
    ""end_timestamp"": ""00:39""
  }
}
```"
"The exercise shown in the video is a **goblet squat**. 

Here is a breakdown of the steps demonstrated:

1. **Setup:** Start with your feet shoulder-width apart and a kettlebell placed on the floor between your feet.
2. **Execution:** 
    * Lower your hips into a deep squat position.
    * Use your elbows to push your knees outward, which helps ensure proper alignment and a deep, authentic squat.
    * Grasp the kettlebell by its handle with both hands, holding it close to your chest.
3. **The Lift:** Maintaining a tall, upright posture, push through your heels and squeeze your glutes to stand back up, keeping the kettlebell securely against your chest throughout the entire movement.","```json
{
  ""exercise"": ""kettlebell_goblet_squat"",
  ""rep_count"": 2,
  ""estimated_load"": ""moderate"",
  ""overall_rating"": 9,
  ""good"": [
    {
      ""aspect"": ""Knee alignment"",
      ""detail"": ""The subject actively uses their elbows to push the knees outward, effectively preventing valgus collapse throughout the eccentric and concentric phases.""
    },
    {
      ""aspect"": ""Depth"",
      ""detail"": ""The subject achieves excellent depth, with the hip crease consistently dropping well below the top of the patella.""
    },
    {
      ""aspect"": ""Spine mechanics"",
      ""detail"": ""The torso remains upright with no significant signs of 'butt wink' or excessive lumbar flexion, indicating good hip mobility and core control.""
    }
  ],
  ""needs_improvement"": [
    {
      ""aspect"": ""Heel stability"",
      ""detail"": ""While the feet remain planted, there is slight shifting of weight distribution during the descent, though this does not result in a loss of balance.""
    }
  ],
  ""visual_anchors"": {
    ""start_timestamp"": ""00:10"",
    ""end_timestamp"": ""00:31""
  }
}
```"
"The person in the video is performing a **dumbbell goblet squat**. This exercise is performed by holding a single dumbbell vertically against the chest with both hands. The athlete maintains an upright posture and descends by dropping the hips while pushing the knees outward in line with the toes, keeping the heels firmly planted on the ground until the hips are below the level of the knees. It is a full-body exercise that effectively targets the core, shoulders, and legs.","```json
{
  ""exercise"": ""dumbbell_goblet_squat"",
  ""rep_count"": 1,
  ""estimated_load"": ""light"",
  ""overall_rating"": 9,
  ""good"": [
    {
      ""aspect"": ""Heel Stability"",
      ""detail"": ""The heels maintain full contact with the floor throughout the entire movement.""
    },
    {
      ""aspect"": ""Depth"",
      ""detail"": ""The hip crease clearly descends below the top of the patella.""
    },
    {
      ""aspect"": ""Upper Body Alignment"",
      ""detail"": ""The chest stays upright and does not collapse forward during the descent.""
    }
  ],
  ""needs_improvement"": [
    {
      ""aspect"": ""Knee Path"",
      ""detail"": ""There is a slight tendency for the knees to track inward momentarily at the bottom of the squat.""
    }
  ],
  ""visual_anchors"": {
    ""start_timestamp"": ""00:23"",
    ""end_timestamp"": ""00:32""
  }
}
```"
"The man is performing a squat thrust combined with a push-up and a punch. Starting from a standing position, he drops into a deep squat, places his hands on the floor, and kicks his legs back into a plank position. He then completes a push-up, jumps his feet back toward his hands, returns to a standing position, and delivers a quick double punch to the heavy bag. He repeats this sequence in a fluid motion.","{
  ""exercise"": ""squat_thrust_push_up"",
  ""rep_count"": 1,
  ""estimated_load"": ""bodyweight"",
  ""overall_rating"": 8,
  ""good"": [
    {
      ""aspect"": ""Core Stability"",
      ""detail"": ""Maintains a rigid plank position during the push-up phase with no visible lumbar sagging.""
    },
    {
      ""aspect"": ""Range of Motion"",
      ""detail"": ""Reaches a deep, controlled squat depth before transitioning to the floor.""
    }
  ],
  ""needs_improvement"": [
    {
      ""aspect"": ""Landing Mechanics"",
      ""detail"": ""The landing from the jump back to the feet should be slightly more controlled to protect the lower back upon standing.""
    }
  ],
  ""visual_anchors"": {
    ""start_timestamp"": ""00:09"",
    ""end_timestamp"": ""00:26""
  }
}"
"The exercise shown is a **clean and jerk**, a two-part movement commonly used in weightlifting and CrossFit. Here is a breakdown of the specific ""squat"" portion:

*   **The Movement:** This is a **Front Squat**, which occurs as the second part of the ""clean."" After the athlete pulls the barbell from the floor to their shoulders (the clean), they catch the weight in a deep, front-rack position, immediately transitioning into a front squat to recover and stand up with the weight.
*   **Technique:** The athlete displays excellent form by keeping their chest upright and elbows high throughout the movement. This is crucial for maintaining the bar's position on the front deltoids.
*   **Depth:** The athlete achieves a full range of motion, reaching a depth where the hip crease is below the top of the knee, which is considered a proper squat depth in strength training.
*   **Progressive Loading:** The video displays the athlete performing this lift at various weights, starting from 100 kg and progressing up to 135 kg. 

The front squat is a highly demanding exercise that requires significant core strength and mobility, as the weight is positioned in front of the body, which tends to pull the lifter forward.","```json
{
  ""exercise"": ""barbell_clean_and_jerk"",
  ""rep_count"": 1,
  ""estimated_load"": ""heavy"",
  ""overall_rating"": 8,
  ""good"": [
    {
      ""aspect"": ""Foot Stability"",
      ""detail"": ""The athlete maintains solid heel contact with the floor throughout the entire descent and ascent, indicating good ankle mobility and weight distribution.""
    },
    {
      ""aspect"": ""Knee Path"",
      ""detail"": ""Knees track perfectly over the toes with no signs of valgus collapse, showing excellent lower limb control.""
    },
    {
      ""aspect"": ""Depth"",
      ""detail"": ""The athlete consistently reaches and passes the parallel threshold, ensuring the hip crease is well below the top of the patella.""
    }
  ],
  ""needs_improvement"": [
    {
      ""aspect"": ""Lumbar & Pelvic Stability"",
      ""detail"": ""There is a slight 'butt wink' at the very bottom of the squat, suggesting the lumbar spine loses some neutral position at maximum depth.""
    },
    {
      ""aspect"": ""Upper Body & Bar Path"",
      ""detail"": ""The chest drops slightly during the transition, which is common with heavy Olympic lifting, but keeping the thoracic spine more extended would improve efficiency.""
    }
  ],
  ""visual_anchors"": {
    ""start_timestamp"": ""00:33"",
    ""end_timestamp"": ""00:43""
  }
}
```"
"This is a goblet squat. The individual holds a single dumbbell vertically against their chest, keeping their back straight and core engaged as they perform the squatting motion. This exercise is excellent for improving squat form, core strength, and overall stability.","```json
{
  ""exercise"": ""goblet_squat"",
  ""rep_count"": 5,
  ""estimated_load"": ""moderate"",
  ""overall_rating"": 8,
  ""good"": [
    {
      ""aspect"": ""Foot stability"",
      ""detail"": ""The athlete maintains solid contact with the ground throughout the movement without any noticeable heel lift.""
    },
    {
      ""aspect"": ""Spinal alignment"",
      ""detail"": ""The lumbar spine remains neutral, and there is no significant 'butt wink' at the bottom of the squats.""
    },
    {
      ""aspect"": ""Knee tracking"",
      ""detail"": ""Knees track consistently over the toes without signs of valgus collapse.""
    }
  ],
  ""needs_improvement"": [
    {
      ""aspect"": ""Depth"",
      ""detail"": ""The athlete consistently squats just to parallel; reaching a slightly lower depth would improve glute engagement.""
    },
    {
      ""aspect"": ""Chest position"",
      ""detail"": ""There is a minor tendency for the chest to fall forward slightly during the ascent, likely due to the weight distribution of the dumbbell.""
    }
  ],
  ""visual_anchors"": {
    ""start_timestamp"": ""00:04"",
    ""end_timestamp"": ""00:27""
  }
}
```"
"In this clip, the athlete performs a barbell back squat as part of a powerlifting competition. After being handed the barbell, he carefully steps back to position himself for the squat. He takes a deep breath and initiates the movement by descending into a squat until his hips are below his knees (hitting depth). Finally, he performs a controlled concentric phase to return to the starting standing position. Throughout the lift, spotters stand nearby for safety.","```json
{
  ""exercise"": ""barbell_back_squat"",
  ""rep_count"": 1,
  ""estimated_load"": ""heavy"",
  ""overall_rating"": 9,
  ""good"": [
    {
      ""aspect"": ""Depth"",
      ""detail"": ""Excellent depth achievement; the hip crease clearly passes below the level of the patella.""
    },
    {
      ""aspect"": ""Stability"",
      ""detail"": ""Heels remain firmly planted throughout the concentric and eccentric phases, ensuring optimal force transfer.""
    },
    {
      ""aspect"": ""Bar Path"",
      ""detail"": ""Vertical bar path is maintained, demonstrating high technical proficiency under a heavy load.""
    }
  ],
  ""needs_improvement"": [
    {
      ""aspect"": ""Lumbar Stability"",
      ""detail"": ""Minor evidence of 'butt wink' at the absolute bottom of the movement; suggest focusing on hip mobility and bracing to maintain neutral spine.""
    }
  ],
  ""visual_anchors"": {
    ""start_timestamp"": ""00:03"",
    ""end_timestamp"": ""00:09""
  }
}
```"
"This is a **goblet squat**, a popular lower-body exercise that targets the quadriceps, glutes, and core. 

Here are the key aspects of the technique shown in the video:

*   **Heel Elevation:** The user places his heels on a weight plate. This modification is often used to increase the range of motion in the ankles, allowing for a deeper squat while maintaining a more upright torso. It is particularly helpful for individuals with limited ankle mobility.
*   **Goblet Hold:** He holds a single dumbbell vertically against his chest. This positioning challenges the core and upper back, as the body must work to stabilize the weight and prevent the torso from leaning forward.
*   **Form & Mechanics:** 
    *   The back remains straight and relatively upright throughout the movement.
    *   The hips travel down and back in a controlled motion.
    *   He descends until his thighs are roughly parallel to the floor, ensuring full engagement of the target muscles.
    *   His elbows stay tucked in, positioned directly below his hands to support the weight securely.

This variation is excellent for building leg strength and improving squat form, as the anterior (front) loading naturally forces the lifter to keep their chest up and back straight.","```json
{
  ""exercise"": ""goblet_squat"",
  ""rep_count"": 1,
  ""estimated_load"": ""moderate"",
  ""overall_rating"": 7,
  ""good"": [
    {
      ""aspect"": ""Heel elevation"",
      ""detail"": ""Utilizing a weight plate under the heels improves ankle dorsiflexion and encourages a more upright torso.""
    },
    {
      ""aspect"": ""Core engagement"",
      ""detail"": ""The athlete maintains a tight core and keeps the dumbbell close to the chest, preventing excessive forward lean.""
    }
  ],
  ""needs_improvement"": [
    {
      ""aspect"": ""Squat depth"",
      ""detail"": ""The hip crease does not significantly descend below the top of the patella, limiting the full range of motion for this variation.""
    },
    {
      ""aspect"": ""Knee stability"",
      ""detail"": ""Minor inward movement of the knees (valgus) is observed during the transition out of the bottom position.""
    }
  ],
  ""visual_anchors"": {
    ""start_timestamp"": ""00:08"",
    ""end_timestamp"": ""00:41""
  }
}
```"
"The exercise being demonstrated is a **heels-elevated goblet squat**.

Here is a breakdown of the form:

*   **Heel Elevation:** The person's heels are placed on a small, raised platform. This elevates the heels relative to the toes, which shifts the emphasis of the squat more onto the quadriceps (the front of the thighs) and allows for a more upright torso position while maintaining depth.
*   **Goblet Hold:** The person is holding a dumbbell vertically against their chest with both hands. This is the ""goblet"" position, which acts as a counterbalance and helps maintain an upright posture throughout the movement.
*   **Movement:** 
    *   **Descending:** The individual maintains a neutral spine and an upright chest as they squat down, focusing on keeping their weight distributed through their mid-foot and heel.
    *   **Ascending:** They push through the floor to return to the starting position, fully extending the hips and knees at the top. 

This variation is often used to improve squat depth and target the quadriceps more directly, especially for individuals with limited ankle mobility.","{
  ""exercise"": ""heels_elevated_goblet_squat"",
  ""rep_count"": 2,
  ""estimated_load"": ""light"",
  ""overall_rating"": 9,
  ""good"": [
    {
      ""aspect"": ""Knee Path"",
      ""detail"": ""Knee tracking is excellent, with consistent alignment over the toes throughout the range of motion.""
    },
    {
      ""aspect"": ""Spine Neutrality"",
      ""detail"": ""The lumbar and thoracic spine remain neutral and well-braced throughout the descent and ascent.""
    },
    {
      ""aspect"": ""Heel Stability"",
      ""detail"": ""The elevated platform provides consistent contact and stability for the heels, preventing any excessive shifting.""
    }
  ],
  ""needs_improvement"": [
    {
      ""aspect"": ""Depth"",
      ""detail"": ""While the depth is sufficient for a standard squat, achieving a slightly deeper hip crease below the patella would maximize the efficacy of the elevation.""
    }
  ],
  ""visual_anchors"": {
    ""start_timestamp"": ""00:05"",
    ""end_timestamp"": ""00:13""
  }
}"
"The person in the video is performing a barbell back squat, a common weightlifting exercise. Here's a breakdown of the movement:

* **Starting Position:** The person begins by standing tall with the barbell positioned across their upper back/shoulders. Their feet are shoulder-width apart.
* **The Squat (Descending phase):** They hinge at the hips and bend their knees to lower their body into a squatting position. 
* **The Squat (Ascending phase):** Once they reach the bottom of the squat, they drive through their heels and extend their hips and knees to return to the starting, standing position.

They perform several repetitions of this movement, demonstrating a controlled and consistent range of motion. After finishing the set, they carefully replace the barbell onto the squat rack.","```json
{
  ""exercise"": ""barbell_back_squat"",
  ""rep_count"": 5,
  ""estimated_load"": ""moderate"",
  ""overall_rating"": 7,
  ""good"": [
    {""aspect"": ""Depth"", ""detail"": ""The athlete consistently breaks parallel in all reps, reaching a good depth.""},
    {""aspect"": ""Bar Path"", ""detail"": ""The vertical path of the barbell remains relatively stable over the mid-foot throughout the movement.""}
  ],
  ""needs_improvement"": [
    {""aspect"": ""Lumbar Stability"", ""detail"": ""There is noticeable 'butt wink' at the bottom of the squat, suggesting the athlete is slightly exceeding their active range of lumbar flexion.""},
    {""aspect"": ""Heel Stability"", ""detail"": ""The heels are not fully anchored throughout the motion, showing a slight tendency to shift weight onto the mid-to-forefoot at the bottom of the rep.""},
    {""aspect"": ""Safety"", ""detail"": ""The athlete is performing heavy barbell squats inside a rack without the safety pins adjusted to an appropriate height, creating a risk if they fail a repetition.""}
  ],
  ""visual_anchors"": {
    ""start_timestamp"": ""00:12"",
    ""end_timestamp"": ""00:35""
  }
}
```"
"This video features a person performing a set of barbell back squats inside a power rack at a gym. Here is a breakdown of the form:

**What they are doing right:**
* **Stable Base:** The individual maintains a consistent foot placement throughout the set, providing a solid foundation.
* **Controlled Tempo:** Each repetition is performed with a steady, controlled tempo, which is essential for muscle engagement and safety.
* **Effective Depth:** The person achieves a good range of motion, consistently hitting an appropriate depth for their squats.
* **Engagement:** The core appears to be engaged throughout, which is crucial for stabilizing the spine during the exercise.

**Suggestions for improvement:**
* **Spinal Alignment:** As the lifter descends into the squat, there is a noticeable rounding of the lower back (lumbar spine). It is important to maintain a ""neutral spine"" by keeping the chest up and bracing the core tightly to protect the back from excessive strain.
* **Head Positioning:** The lifter is looking slightly upward during the movement. It is generally safer to maintain a neutral neck position by picking a point to look at on the floor a few feet in front of you. This prevents unnecessary strain on the cervical spine.
* **Butt Wink:** You can see a slight ""butt wink"" (where the pelvis tucks under at the bottom of the squat) in some repetitions. While this can be a common anatomical issue, focusing on improved hip mobility can help maintain a more neutral pelvis throughout the entire movement.

As always, if you are new to squats or working with heavy loads, consider consulting with a certified personal trainer to help you fine-tune your form and ensure you are lifting safely.","{
  ""exercise"": ""barbell_back_squat"",
  ""rep_count"": 5,
  ""estimated_load"": ""moderate"",
  ""overall_rating"": 8,
  ""good"": [
    {
      ""aspect"": ""Range of Motion"",
      ""detail"": ""The athlete consistently reaches parallel depth or slightly below on each repetition.""
    },
    {
      ""aspect"": ""Bar Path"",
      ""detail"": ""The vertical path of the barbell remains stable and centered over the mid-foot throughout the movement.""
    },
    {
      ""aspect"": ""Foot Stability"",
      ""detail"": ""Heels remain firmly planted on the ground, indicating good posterior chain engagement and mobility.""
    }
  ],
  ""needs_improvement"": [
    {
      ""aspect"": ""Lumbar Stability"",
      ""detail"": ""There is a minor degree of 'butt wink' at the bottom of the movement, suggesting potential limitations in pelvic control or hip mobility at maximum depth.""
    },
    {
      ""aspect"": ""Knee Tracking"",
      ""detail"": ""There is slight inward knee movement (valgus) on the ascent during the final repetitions as fatigue sets in.""
    }
  ],
  ""visual_anchors"": {
    ""start_timestamp"": ""00:01"",
    ""end_timestamp"": ""00:29""
  }
}"
"The person in the video is performing a quadriped hip mobility assessment, which is a test used to determine a person's optimal squat depth. 

Here are the key points of the exercise:

* **Starting Position:** Kneel on the floor facing a wall with your feet flat against it, maintaining a neutral spine in a quadruped (all-fours) position.
* **Movement:** From this position, rock your hips back toward your heels. 
* **Goal:** The objective is to identify the furthest point you can rock back comfortably without causing your lower back to round or your pelvis to tuck excessively (also known as a ""butt wink"").
* **Finding Your Stance:** The presenter suggests experimenting with different foot widths—starting narrow and gradually widening—to see which stance feels most comfortable and allows for the greatest depth.

The presenter explains that finding the position where you can squat the deepest while maintaining a neutral spine and comfort is the ideal stance for your anatomy.","```json
{
  ""exercise"": ""quadruped_rocking_hip_mobility_assessment"",
  ""rep_count"": 3,
  ""estimated_load"": ""none"",
  ""overall_rating"": 9,
  ""good"": [
    {""aspect"": ""spinal_alignment"", ""detail"": ""The subject maintains a neutral spine throughout the quadruped rocking, avoiding excessive lumbar flexion or extension.""},
    {""aspect"": ""stability"", ""detail"": ""Foot placement against the wall provides a stable base for isolating hip mobility without compensations from the ankle or knee joints.""}
  ],
  ""needs_improvement"": [
    {""aspect"": ""pelvic_control"", ""detail"": ""Toward the deepest point of the rock, the subject experiences a noticeable posterior pelvic tilt ('butt wink') due to reaching the end-range of hip joint mobility.""}
  ],
  ""visual_anchors"": {
    ""start_timestamp"": ""00:32"",
    ""end_timestamp"": ""01:05""
  }
}
```"
"The user in the video is performing a ""1 1/4 dumbbell goblet squat."" 

This exercise is a variation of a standard goblet squat, designed to increase the time under tension for the muscles, particularly the quadriceps. 

**Steps for proper form:**

1. **Holding the dumbbell:** Stand with your feet shoulder-width apart, toes slightly pointed outward. Hold the dumbbell vertically in front of your chest, with both hands cupping the top head of the weight. Keep your elbows tucked in close to your body.
2. **Descending:** Begin the movement by breathing in and pushing your hips back as if sitting into a chair. Ensure your knees track outward over your toes throughout the entire movement. 
3. **Reaching the bottom:** Lower your hips until you reach the lowest point you can maintain comfortably while keeping a ""neutral spine"" (back straight, not rounding). 
4. **The ""1/4"" movement:** From the bottom, drive back up about a quarter of the way—stopping just above parallel—before sinking back down into the deepest part of the squat again. 
5. **The finish:** Finally, drive all the way up to the starting standing position.

**Key Tips:**
* **Mobility:** Only squat as deep as your own personal mobility allows. Do not force a deep squat if your back starts to round or if your heels lift off the ground.
* **Breathing:** Maintain a steady breath throughout the movement to support your core and stabilize your spine.
* **Control:** Perform the movement in a controlled manner, avoiding momentum to ensure maximum muscle engagement.","{
  ""exercise"": ""1 1/4 dumbbell goblet squat"",
  ""rep_count"": 2,
  ""estimated_load"": ""moderate"",
  ""overall_rating"": 8,
  ""good"": [
    {
      ""aspect"": ""Foot and Ankle Stability"",
      ""detail"": ""Heels remain in contact with the floor throughout the entire movement.""
    },
    {
      ""aspect"": ""Spinal Alignment"",
      ""detail"": ""The lumbar spine maintains a neutral position with no visible 'butt wink' at the bottom of the squat.""
    },
    {
      ""aspect"": ""Controlled Tempo"",
      ""detail"": ""The 1 1/4 tempo is executed with consistent control, effectively managing the load.""
    }
  ],
  ""needs_improvement"": [
    {
      ""aspect"": ""Knee Path"",
      ""detail"": ""There is slight medial knee movement as the athlete transitions out of the bottom position, suggesting a need for increased glute engagement.""
    },
    {
      ""aspect"": ""Upper Body Stability"",
      ""detail"": ""There is a minor degree of forward chest lean during the deepest part of the descent.""
    }
  ],
  ""visual_anchors"": {
    ""start_timestamp"": ""00:08"",
    ""end_timestamp"": ""00:37""
  }
}"
"The user is performing a **barbell back squat**, a compound resistance exercise that primarily targets the quadriceps, glutes, and core.

Here's a breakdown of the key elements seen in the video:

*   **Setup:** The user begins by positioning the barbell on their upper back, specifically across the traps (high-bar position). They maintain a neutral spine, feet shoulder-width apart, and toes slightly pointed outward to ensure stability and proper alignment.
*   **Execution:** 
    *   **Breathing:** Before initiating the movement, the user takes a deep, diaphragmatic breath to create intra-abdominal pressure, which helps stabilize the spine under the load.
    *   **The Descent:** As they descend, the user pushes their hips back, mimicking the action of sitting into a chair, while simultaneously driving the knees out to track in line with the toes. This is crucial for engaging the glutes and preventing knee valgus (knees caving inward).
    *   **The Ascent:** Upon reaching the bottom of the squat, the user drives through their mid-foot and heels to return to a standing position. As they pass the halfway point of the ascent, they exhale.
*   **Safety and Form:**
    *   The user keeps their chest up and a neutral spine throughout the entire range of motion, which is essential to prevent injury.
    *   By using a power rack, the user ensures safety if they were to lose control of the weight at any point.
    *   The movement is rhythmic and controlled, focusing on proper form rather than rushing through the repetitions.","```json
{
  ""exercise"": ""barbell_back_squat"",
  ""rep_count"": 6,
  ""estimated_load"": ""heavy"",
  ""overall_rating"": 8,
  ""good"": [
    {
      ""aspect"": ""Heel stability"",
      ""detail"": ""Heels remain in firm contact with the floor throughout all repetitions, showing good ankle mobility.""
    },
    {
      ""aspect"": ""Knee path"",
      ""detail"": ""No evidence of valgus collapse; knees track consistently over the toes.""
    },
    {
      ""aspect"": ""Depth"",
      ""detail"": ""Consistent depth achieved with hip crease clearly breaking parallel (below the patella).""
    }
  ],
  ""needs_improvement"": [
    {
      ""aspect"": ""Lumbar control"",
      ""detail"": ""Slight pelvic tilt ('butt wink') is visible at the very bottom of the squat, suggesting potential limitations in hip mobility or core bracing.""
    },
    {
      ""aspect"": ""Upper body posture"",
      ""detail"": ""Some minor forward chest fall during the initiation of the ascent, indicating a slight shift of the center of mass forward.""
    }
  ],
  ""visual_anchors"": {
    ""start_timestamp"": ""00:01"",
    ""end_timestamp"": ""00:52""
  }
}
```"
"The video shows a person performing a barbell back squat. Here’s a breakdown of the movement:

*   **Setup:** The person stands with their feet shoulder-width apart, holding the barbell across their upper back (trapezius area).
*   **The Descent:** They begin by pushing their hips back and bending their knees, as if sitting back into an invisible chair. They keep their chest up and back straight while lowering their body until their thighs are approximately parallel to the floor.
*   **The Ascent:** After reaching the bottom of the squat, they drive through their heels to return to the starting standing position.

The person maintains a controlled pace, emphasizing proper form throughout the repetitions.","{
  ""exercise"": ""barbell_back_squat"",
  ""rep_count"": 2,
  ""estimated_load"": ""moderate"",
  ""overall_rating"": 8,
  ""good"": [
    {
      ""aspect"": ""Knee Path"",
      ""detail"": ""Knees track consistently over the toes without significant valgus collapse.""
    },
    {
      ""aspect"": ""Heel Stability"",
      ""detail"": ""Heels remain in firm contact with the floor throughout the entire movement.""
    },
    {
      ""aspect"": ""Bar Path"",
      ""detail"": ""The bar travels in a vertical, efficient path over the mid-foot.""
    }
  ],
  ""needs_improvement"": [
    {
      ""aspect"": ""Lumbar Stability"",
      ""detail"": ""There is a slight pelvic tilt at the bottom of the squat, commonly known as 'butt wink,' indicating a need for better core bracing or increased hip mobility.""
    },
    {
      ""aspect"": ""Depth"",
      ""detail"": ""The hip crease is parallel with the knee at the bottom, which is standard, but deeper range could be targeted for greater glute recruitment.""
    }
  ],
  ""visual_anchors"": {
    ""start_timestamp"": ""00:00"",
    ""end_timestamp"": ""00:11""
  }
}"
"The exercise demonstrated in the video is a **dumbbell goblet squat**, a foundational strength-training movement. Here is a breakdown of how it's performed:

*   **Setup:** Stand with your feet slightly wider than shoulder-width apart. Hold a single dumbbell vertically against your chest, cupping the top end with both hands.
*   **The Movement:** 
    *   Initiate the squat by pushing your hips back as if you are sitting in a chair, while simultaneously bending your knees.
    *   Maintain an upright torso with a natural arch in your lower back.
    *   Descend until your thighs are roughly parallel to the floor, or as low as your flexibility comfortably allows.
    *   Pause briefly at the bottom of the movement.
*   **The Return:** Push through your heels to return to the starting standing position. 

This exercise is particularly effective for targeting your quadriceps, glutes, and hamstrings, while also engaging your core for stability.","```json
{
  ""exercise"": ""dumbbell_goblet_squat"",
  ""rep_count"": 5,
  ""estimated_load"": ""moderate"",
  ""overall_rating"": 9,
  ""good"": [
    {
      ""aspect"": ""Heel Stability"",
      ""detail"": ""Full foot contact with the ground throughout the entire range of motion; no heel lift detected.""
    },
    {
      ""aspect"": ""Knee Path"",
      ""detail"": ""Excellent control; no signs of medial knee collapse (valgus).""
    },
    {
      ""aspect"": ""Depth"",
      ""detail"": ""Consistent hip crease depth below the top of the patella.""
    },
    {
      ""aspect"": ""Spinal Alignment"",
      ""detail"": ""Neutral spine maintained throughout, with no visible pelvic tilt or 'butt wink' at the bottom of the squat.""
    }
  ],
  ""needs_improvement"": [
    {
      ""aspect"": ""Upper Body Posture"",
      ""detail"": ""Very slight forward lean of the torso, common in goblet squats due to weight placement, but the athlete does well to keep the chest upright.""
    }
  ],
  ""visual_anchors"": {
    ""start_timestamp"": ""00:05"",
    ""end_timestamp"": ""00:34""
  }
}
```"
"The person in the video is performing goblet squats. Holding a kettlebell at chest height, she maintains a straight back and keeps her core engaged while lowering her hips until her thighs are parallel to the floor. This exercise is highly effective for building strength in the quads, glutes, and core.","{
  ""exercise"": ""kettlebell_goblet_squat"",
  ""rep_count"": 4,
  ""estimated_load"": ""moderate"",
  ""overall_rating"": 9,
  ""good"": [
    {
      ""aspect"": ""Knee Path"",
      ""detail"": ""Excellent control; knees track consistently over the toes without medial collapse.""
    },
    {
      ""aspect"": ""Upper Body"",
      ""detail"": ""Chest remains upright throughout the movement, preventing unnecessary forward lean.""
    },
    {
      ""aspect"": ""Foot Stability"",
      ""detail"": ""Heels maintain firm contact with the ground throughout all repetitions.""
    }
  ],
  ""needs_improvement"": [
    {
      ""aspect"": ""Depth"",
      ""detail"": ""While the depth is consistent, the athlete could benefit from reaching a slightly deeper hip crease position for maximal glute engagement.""
    }
  ],
  ""visual_anchors"": {
    ""start_timestamp"": ""00:00"",
    ""end_timestamp"": ""00:27""
  }
}"
"This is a **Goblet Squat**, a strength exercise that primarily targets the quadriceps, glutes, and core.

Here is a breakdown of how the exercise is performed in the video:

*   **Setup:** The athlete starts by picking up a single dumbbell and placing it upright on a bench. She lifts one knee onto the bench to bring the dumbbell up to her chest, cradling it securely against her torso with both hands. This ""goblet"" position helps keep the chest upright during the squat.
*   **Stance:** Her feet are positioned slightly wider than shoulder-width apart, with her toes turned slightly outward.
*   **The Movement:** 
    *   She maintains a tight core and takes a deep breath into her belly, which helps stabilize and protect the spine.
    *   She lowers her hips into a squat, holding her breath during the descent.
    *   At the bottom of the movement, she drives through her feet to stand back up.
    *   She begins to exhale once she is about halfway through the ascent, fully resetting at the top before the next repetition.","```json
{
  ""exercise"": ""goblet_squat"",
  ""rep_count"": 5,
  ""estimated_load"": ""moderate"",
  ""overall_rating"": 9,
  ""good"": [
    {
      ""aspect"": ""Heel Stability"",
      ""detail"": ""Heels remain in constant, solid contact with the floor throughout all repetitions.""
    },
    {
      ""aspect"": ""Knee Path"",
      ""detail"": ""Knees track perfectly in line with the toes; no sign of valgus collapse.""
    },
    {
      ""aspect"": ""Upper Body Positioning"",
      ""detail"": ""Torso remains upright with minimal forward lean, maintaining a neutral spine throughout the movement.""
    },
    {
      ""aspect"": ""Range of Motion"",
      ""detail"": ""Consistent depth is achieved with the hip crease falling below the knee joint line.""
    }
  ],
  ""needs_improvement"": [
    {
      ""aspect"": ""Butt Wink"",
      ""detail"": ""There is a minor posterior pelvic tilt ('butt wink') at the very bottom of the squat, suggesting the end-range of her current hip mobility.""
    }
  ],
  ""visual_anchors"": {
    ""start_timestamp"": ""00:15"",
    ""end_timestamp"": ""00:46""
  }
}
```"
"The man in the video is performing a **goblet squat**. 

Here is a breakdown of his form:
* **Starting Position:** He stands with his feet slightly wider than shoulder-width apart, holding a single kettlebell close to his chest with both hands. His back is straight, and his eyes are looking forward.
* **The Squat:** He initiates the movement by pushing his hips back and bending his knees simultaneously, as if sitting in a chair. 
* **Depth:** He lowers his hips until his thighs are roughly parallel to the floor, ensuring his knees track over his toes without collapsing inward.
* **Return:** He drives through his heels to push himself back up to the starting standing position. 
* **Key Technique:** Throughout the entire movement, he maintains an upright torso and keeps the kettlebell hugged tight against his chest, which helps engage the core and keeps his balance centered.","```json
{
  ""exercise"": ""goblet_squat"",
  ""rep_count"": 6,
  ""estimated_load"": ""moderate"",
  ""overall_rating"": 9,
  ""good"": [
    {
      ""aspect"": ""Foot stability"",
      ""detail"": ""Heels remain firmly planted on the ground throughout every repetition, showing excellent balance.""
    },
    {
      ""aspect"": ""Knee tracking"",
      ""detail"": ""Knees track perfectly over the toes without any signs of medial collapse (valgus).""
    },
    {
      ""aspect"": ""Torso alignment"",
      ""detail"": ""The chest remains upright and the lumbar spine is maintained in a neutral position throughout the full range of motion.""
    }
  ],
  ""needs_improvement"": [
    {
      ""aspect"": ""Squat depth"",
      ""detail"": ""While the depth is sufficient, the hip crease could pass slightly lower to maximize the range of motion for a full goblet squat.""
    }
  ],
  ""visual_anchors"": {
    ""start_timestamp"": ""00:03"",
    ""end_timestamp"": ""00:26""
  }
}
```"
"This is a **Smith machine back squat**.

The Smith machine is a weight-training machine that features a barbell fixed within steel rails. Because the barbell's path is locked in a vertical, straight-up-and-down motion, it requires less stabilization from your muscles compared to a free-weight back squat. 

This makes the exercise a great option for:
* **Beginners:** The fixed path makes it easier to learn the proper form for a squat without worrying about balance.
* **Isolation:** Because you don't need to focus as much on stabilizing the weight, you can focus more on the contraction of your quadriceps, glutes, hamstrings, and calves. 

**Key safety tip:** To start the set, be sure to twist the bar to release the safety hooks, and perform the same action to re-rack the bar once you've finished your reps.","{
  ""exercise"": ""smith_machine_back_squat"",
  ""rep_count"": 1,
  ""estimated_load"": ""moderate"",
  ""overall_rating"": 8,
  ""good"": [
    {
      ""aspect"": ""Knee alignment"",
      ""detail"": ""Knees track well over the toes with no signs of medial collapse (valgus).""
    },
    {
      ""aspect"": ""Back positioning"",
      ""detail"": ""Maintained a relatively neutral spine throughout the descent.""
    }
  ],
  ""needs_improvement"": [
    {
      ""aspect"": ""Foot stability"",
      ""detail"": ""There is a slight forward weight shift, and while not severe, the heels appear to be losing full contact with the floor at the bottom of the squat.""
    },
    {
      ""aspect"": ""Depth"",
      ""detail"": ""While the hips reach parallel, slightly more depth could be achieved for full range of motion, though this is dependent on the individual's current mobility level.""
    }
  ],
  ""visual_anchors"": {
    ""start_timestamp"": ""00:00"",
    ""end_timestamp"": ""00:05""
  }
}"
"This is a goblet squat. 

The person in the video is holding a single dumbbell vertically against her chest, with her feet shoulder-width apart and toes pointed forward. As she descends into the squat, she keeps her chest lifted and back straight, as if sitting into an imaginary chair. She continues to maintain this posture while performing the exercise, ensuring her knees track with her toes throughout the movement.","```json
{
  ""exercise"": ""goblet_squat"",
  ""rep_count"": 14,
  ""estimated_load"": ""moderate"",
  ""overall_rating"": 9,
  ""good"": [
    {
      ""aspect"": ""Foot Stability"",
      ""detail"": ""Heels remain firmly planted on the mat throughout the entire range of motion.""
    },
    {
      ""aspect"": ""Knee Tracking"",
      ""detail"": ""Excellent control over knee alignment; no signs of medial valgus collapse.""
    },
    {
      ""aspect"": ""Torso Positioning"",
      ""detail"": ""The athlete maintains a consistent, upright chest throughout the movement, preventing premature forward lean.""
    }
  ],
  ""needs_improvement"": [
    {
      ""aspect"": ""Depth Consistency"",
      ""detail"": ""While depth is good, some repetitions are slightly shallower than others, just reaching the level of the patella.""
    }
  ],
  ""visual_anchors"": {
    ""start_timestamp"": ""00:06"",
    ""end_timestamp"": ""00:46""
  }
}
```"
"This exercise is a **goblet squat**. It is a compound movement primarily targeting the legs and glutes, while the positioning of the weight (the dumbbell) engages the core and upper back.

Here’s a breakdown of the proper technique as described in the video:

1.  **Starting Position:** Stand with your feet about shoulder-width apart, with your toes pointed slightly outward.
2.  **The Grip:** Hold the dumbbell vertically against your chest, cupping the top end with your hands. Keep your shoulders forward and underneath the weight to support it properly.
3.  **The Descent:** Lower yourself by pushing your hips down and back. Maintain a straight back throughout the movement—avoid rounding your spine or arching it excessively.
4.  **Knee Alignment:** As you squat down, your elbows should track toward the inside of your knees. Use this to help ensure your knees stay pushed out rather than caving inward.
5.  **Weight Distribution:** Keep your weight focused on your heels.
6.  **The Ascent:** Push through the ground to return to a standing position, ensuring you finish with a ""racked"" posture at the top. The constant engagement of the core while maintaining this upright, controlled form is what makes the goblet squat effective.","```json
{
  ""exercise"": ""goblet_squat"",
  ""rep_count"": 1,
  ""estimated_load"": ""moderate"",
  ""overall_rating"": 9,
  ""good"": [
    {
      ""aspect"": ""Foot and Heel Stability"",
      ""detail"": ""The lifter maintains excellent contact with the ground throughout the entire descent and ascent, with no visible heel lift.""
    },
    {
      ""aspect"": ""Spine Neutrality"",
      ""detail"": ""The lumbar spine remains neutral with no evidence of posterior pelvic tilt or 'butt wink' at the bottom of the movement.""
    },
    {
      ""aspect"": ""Upper Body Position"",
      ""detail"": ""The lifter maintains an upright torso throughout the lift, aided by the anterior loading of the goblet squat.""
    }
  ],
  ""needs_improvement"": [
    {
      ""aspect"": ""Depth"",
      ""detail"": ""While the depth is sufficient for general hypertrophy, the hip crease does not significantly drop below the patella line.""
    }
  ],
  ""visual_anchors"": {
    ""start_timestamp"": ""00:34"",
    ""end_timestamp"": ""00:54""
  }
}
```"
"The goblet squat shown in the video is a full-range squat that focuses on depth and control. Here are the key technical points:

*   **Weight Placement:** The kettlebell is held vertically against the chest, with the hands cupping the bottom of the weight and the elbows tucked in close to the torso. This position helps keep the chest upright throughout the movement.
*   **Depth:** The performer emphasizes ""breaking parallel,"" meaning the hips drop lower than the knees at the bottom of the squat. He explicitly mentions focusing on ""range of motion"" and going ""slightly below parallel.""
*   **Form:** 
    *   The torso remains mostly vertical, which reduces strain on the lower back and shifts the focus toward the quads and core.
    *   The feet appear to be roughly shoulder-width apart.
    *   The movement is slow and controlled on the descent, ensuring proper engagement and stability throughout the rep.
*   **Focus:** The instructor highlights that this exercise is excellent for strengthening both the legs and the core simultaneously.","```json
{
  ""exercise"": ""kettlebell_goblet_squat"",
  ""rep_count"": 1,
  ""estimated_load"": ""moderate"",
  ""overall_rating"": 9,
  ""good"": [
    {
      ""aspect"": ""Range of Motion"",
      ""detail"": ""Demonstrates excellent depth, consistently reaching below parallel with the hip crease significantly lower than the knee.""
    },
    {
      ""aspect"": ""Torso Positioning"",
      ""detail"": ""Maintains a vertical torso throughout the eccentric and concentric phases, effectively minimizing unnecessary shear stress on the lower back.""
    },
    {
      ""aspect"": ""Knee Mechanics"",
      ""detail"": ""Excellent knee tracking; there is no evidence of valgus collapse, and the knees track well over the toes.""
    }
  ],
  ""needs_improvement"": [
    {
      ""aspect"": ""Foot Stability"",
      ""detail"": ""There is a slight instability in the forefoot during the lowest point of the squat; maintaining full tripod foot contact (heel, big toe, pinky toe) would further improve ground force transfer.""
    }
  ],
  ""visual_anchors"": {
    ""start_timestamp"": ""00:23"",
    ""end_timestamp"": ""00:35""
  }
}
```"
"This exercise is called a ""goblet squat stretch to isometric hold."" It is a squat variation designed to improve mobility, coordination, and muscle activation before a workout.

Here's how to perform the movement:

1.  **Start:** Begin in a standing position, holding a weight plate or other weighted object close to your chest.
2.  **Squat:** Descend into a deep squat, keeping your chest upright and your back straight. The weight held in front of you helps act as a counterbalance, allowing you to squat deeper and maintain proper form.
3.  **Hold:** Once at the bottom of the squat, pause and maintain the position. This ""isometric hold"" helps mobilize your hips and prepares your glute muscles for the squatting movement.
4.  **Stand:** Drive through your heels to return to the standing position.

By including the hold at the bottom, this exercise helps ensure your muscles are primed and ready to perform the squatting motion effectively.","```json
{
  ""exercise"": ""goblet_squat"",
  ""rep_count"": 1,
  ""estimated_load"": ""light"",
  ""overall_rating"": 9,
  ""good"": [
    {
      ""aspect"": ""Foot Stability"",
      ""detail"": ""Heels remain in full contact with the ground throughout the entire range of motion.""
    },
    {
      ""aspect"": ""Knee Path"",
      ""detail"": ""Excellent control of lateral stability; no evidence of medial collapse (valgus).""
    },
    {
      ""aspect"": ""Spine Neutrality"",
      ""detail"": ""Maintains a strong, upright torso position throughout the descent and isometric hold, preventing chest fall.""
    },
    {
      ""aspect"": ""Depth"",
      ""detail"": ""Demonstrates excellent mobility by breaking parallel, as the hip crease drops below the top of the patella.""
    }
  ],
  ""needs_improvement"": [
    {
      ""aspect"": ""Pelvic Alignment"",
      ""detail"": ""Minor rounding of the lower back (butt wink) is visible at the very bottom of the squat, common in deep mobility-focused holds.""
    }
  ],
  ""visual_anchors"": {
    ""start_timestamp"": ""00:00"",
    ""end_timestamp"": ""00:25""
  }
}
```"
"The exercise shown in the video is a **goblet squat**. 

Here is a breakdown of the form:

*   **Setup:** Stand with your feet about shoulder-width apart. Position a dumbbell (or kettlebell) on a bench or box in front of you so that it is at a convenient height to grab.
*   **Grip:** Hold the dumbbell vertically with both hands, with your palms flat against the top plate and your elbows tucked in close to your torso.
*   **Execution:** 
    *   Maintain a stable, upright posture and brace your core.
    *   Initiate the movement by hinging at the hips and shifting your weight back, as if you are sitting down into a chair.
    *   Lower yourself until your thighs are roughly parallel to the floor, or as far as you can comfortably go while maintaining a neutral spine and keeping your heels flat on the ground.
    *   Drive through your heels to return to a standing position, keeping your chest up and your core tight throughout the entire motion.

**Key Benefits:**
The goblet squat is often recommended for beginners because the front-loaded weight acts as a counterbalance, which helps encourage proper posture, a neutral spine, and a deeper range of motion. It is also an effective movement for targeting the quadriceps and glutes.","```json
{
  ""exercise"": ""goblet_squat"",
  ""rep_count"": 1,
  ""estimated_load"": ""moderate"",
  ""overall_rating"": 9,
  ""good"": [
    {
      ""aspect"": ""Knee Path"",
      ""detail"": ""Knees track perfectly in line with the toes, showing no signs of medial collapse (valgus).""
    },
    {
      ""aspect"": ""Upper Body Posture"",
      ""detail"": ""The chest remains upright throughout the descent and ascent due to the anterior load of the dumbbell.""
    },
    {
      ""aspect"": ""Lumbar Stability"",
      ""detail"": ""The spine maintains a neutral position with no visible posterior pelvic tilt (butt wink) at the bottom of the movement.""
    }
  ],
  ""needs_improvement"": [
    {
      ""aspect"": ""Depth"",
      ""detail"": ""While the depth is sufficient, the hip crease stops slightly above the top of the patella rather than descending into a full, deep squat range.""
    }
  ],
  ""visual_anchors"": {
    ""start_timestamp"": ""01:04"",
    ""end_timestamp"": ""01:19""
  }
}
```"
"This exercise is called a **dumbbell goblet squat**. It's a compound movement that primarily targets your quadriceps, glutes, hamstrings, and core.

**Here's a breakdown of the proper form demonstrated in the video:**

* **Setup:** Start with your feet slightly wider than shoulder-width apart, with your toes pointed slightly outward. This provides a stable base.
* **Holding the Dumbbell:** Hold a single dumbbell vertically against your chest, just under your chin. Keep your elbows tucked in. This position forces you to keep your chest up and core engaged throughout the movement.
* **The Squat:**
    * **Descending:** Begin the movement by hinging at your hips, followed by bending your knees. It's crucial that your knees track over your toes, not caving inward. Focus on keeping the weight centered over your heels as you descend; the forward weight of the dumbbell will naturally try to pull you forward, so you must use your core and posterior chain to counterbalance this.
    * **Depth:** Aim for full depth, where your hips go slightly below your knee level.
    * **Ascending:** Drive through your heels to return to the standing position. As you ascend, focus on pushing the floor away, ensuring your knees don't cave in and your hips extend fully at the top.
* **Tempo:** Maintain a slow, controlled tempo, especially during the downward (eccentric) phase.","```json
{
  ""exercise"": ""dumbbell_goblet_squat"",
  ""rep_count"": 5,
  ""estimated_load"": ""moderate"",
  ""overall_rating"": 9,
  ""good"": [
    {
      ""aspect"": ""Heel Stability"",
      ""detail"": ""The athlete maintains excellent ground contact throughout the movement with no observable heel lift.""
    },
    {
      ""aspect"": ""Knee Path"",
      ""detail"": ""Excellent knee tracking; there is no evidence of valgus collapse as the knees align perfectly with the toes.""
    },
    {
      ""aspect"": ""Spinal Alignment"",
      ""detail"": ""Neutral spine is maintained throughout the full range of motion with no visible 'butt wink' at the bottom of the squat.""
    }
  ],
  ""needs_improvement"": [
    {
      ""aspect"": ""Upper Body Position"",
      ""detail"": ""On the final repetition, there is a slight increase in torso lean forward; keeping the core tighter can help maintain a more vertical chest position.""
    }
  ],
  ""visual_anchors"": {
    ""start_timestamp"": ""00:41"",
    ""end_timestamp"": ""01:08""
  }
}
```"
"The exercise shown is a **goblet squat**, which is an excellent movement for building leg and core strength while improving mobility.

Here is a step-by-step breakdown of how to perform it correctly:

### **Setup**
*   **Weight Positioning:** Hold a dumbbell (or kettlebell) close to your chest with both hands. Your elbows should point downward.
*   **Stance:** Stand with your feet slightly wider than shoulder-width apart, with your toes turned slightly outward.
*   **Engagement:** Brace your core before beginning the movement to provide stability.

### **The Movement**
*   **The Descent:** Initiate the squat by pushing your hips back as you bend your knees. Keep your chest up throughout the movement.
*   **Depth:** Lower yourself until your thighs are at least parallel to the floor (or lower, if your mobility allows).
*   **Tracking:** Actively push your knees outward so they track in line with your toes. Do not let your knees cave inward.
*   **The Ascent:** Push back up to the starting position through your heels, keeping the weight centered over your mid-foot.

### **Common Mistakes to Avoid**
*   **Leaning Forward:** Keep the weight close to your chest; holding it too far away can cause you to lean forward and lose balance.
*   **Knee Caving:** Ensure your knees remain in alignment with your toes throughout the entire movement. 
*   **Weight Distribution:** Keep your weight shifted toward your heels rather than your toes to maximize muscle activation and reduce joint strain.","```json
{
  ""exercise"": ""goblet_squat"",
  ""rep_count"": 1,
  ""estimated_load"": ""moderate"",
  ""overall_rating"": 9,
  ""good"": [
    {
      ""aspect"": ""Foot Stability"",
      ""detail"": ""Full foot contact with the floor; heels remain grounded throughout the entire range of motion.""
    },
    {
      ""aspect"": ""Depth"",
      ""detail"": ""Excellent depth; hip crease clearly drops below the top of the patella.""
    },
    {
      ""aspect"": ""Spinal Alignment"",
      ""detail"": ""Maintained neutral lumbar spine with no signs of posterior pelvic tilt or 'butt wink'.""
    },
    {
      ""aspect"": ""Knee Path"",
      ""detail"": ""Perfect lateral tracking; knees remain aligned with toes, avoiding medial collapse (valgus).""
    }
  ],
  ""needs_improvement"": [
    {
      ""aspect"": ""Torso Angle"",
      ""detail"": ""While the chest remains upright, there is a very slight forward lean near the bottom of the descent, which is typical for deep squat mechanics but could be slightly minimized for optimal verticality.""
    }
  ],
  ""visual_anchors"": {
    ""start_timestamp"": ""00:27"",
    ""end_timestamp"": ""00:43""
  }
}
```"
"The video features a female fitness instructor demonstrating the **Booty Builder V-Squat**, a specialized exercise machine designed to target the glutes and lower body. 

Here is a breakdown of the key features and exercises shown:

**The Machine:**
* **Adjustable Platform:** The platform can be moved to different angles, allowing for variations in squat depth and focus.
* **Padding:** There are dedicated pads for both chest and back support, enabling different squat positions.
* **Loading:** The machine uses weight plates loaded onto the sides of the arm.
* **Safety Mechanism:** It features handles that allow the user to lock or release the machine, ensuring safety while getting into position.

**The Exercises Demonstrated:**
1.  **Back Squat:** The user stands with their back against the padding, facing away from the machine. They place their hands on the forward-facing handles and execute a squat.
2.  **Squat Reverse (often called a Front Squat or Facing V-Squat):** The user faces the machine, leaning their chest against the pads. They hold the handles and perform a squat while looking toward the machine, which helps keep the chest upright and emphasizes the glutes.

The instructor emphasizes maintaining form by keeping the weight in the heels throughout both movements.","```json
{
  ""exercise"": ""machine_v_squat"",
  ""rep_count"": 2,
  ""estimated_load"": ""moderate"",
  ""overall_rating"": 9,
  ""good"": [
    {
      ""aspect"": ""Range of Motion"",
      ""detail"": ""Consistent and effective depth throughout both variations (front and back squat).""
    },
    {
      ""aspect"": ""Stability"",
      ""detail"": ""The machine provides excellent support, allowing for a vertical torso and minimal lumbar strain.""
    },
    {
      ""aspect"": ""Joint Mechanics"",
      ""detail"": ""Knees track properly over the toes; no sign of valgus collapse or heel lifting.""
    }
  ],
  ""needs_improvement"": [
    {
      ""aspect"": ""Eccentric Control"",
      ""detail"": ""The descent is slightly rapid in the first set; slowing the eccentric phase would increase time under tension.""
    },
    {
      ""aspect"": ""Spinal Neutrality"",
      ""detail"": ""Ensure full head contact with the pad to avoid cervical strain during the ascent.""
    }
  ],
  ""visual_anchors"": {
    ""start_timestamp"": ""00:23"",
    ""end_timestamp"": ""01:08""
  }
}
```"
"This is a **Heel-Elevated Barbell Back Squat**. 

By placing the heels on an elevated surface (like the wedges shown in the video), you shift the center of gravity forward. This allows for greater forward knee travel, which emphasizes the quadriceps more than a traditional barbell back squat. 

Key aspects shown in the video include:
* **Setup:** The bar should be positioned just below shoulder height in the rack. 
* **Placement:** The bar rests across the upper traps, not the neck, with the back muscles squeezed together to create a stable ""shelf.""
* **Form:** The movement involves a neutral spine, with knees tracking forward and the hips moving back slightly. 
* **Execution:** Throughout the movement, the individual is encouraged to push through the entire foot—the big toe, little toe, and heel—to maintain full-body tension and stability.","```json
{
  ""exercise"": ""barbell_back_squat"",
  ""rep_count"": 1,
  ""estimated_load"": ""heavy"",
  ""overall_rating"": 8,
  ""good"": [
    {
      ""aspect"": ""Heel Stability"",
      ""detail"": ""The use of heel elevation ramps ensures zero heel lift, keeping the center of mass stable.""
    },
    {
      ""aspect"": ""Neutral Spine"",
      ""detail"": ""The athlete maintains a solid, neutral lumbar spine throughout the descent and ascent.""
    },
    {
      ""aspect"": ""Bar Path"",
      ""detail"": ""The barbell moves vertically in a consistent path directly over the mid-foot.""
    }
  ],
  ""needs_improvement"": [
    {
      ""aspect"": ""Depth"",
      ""detail"": ""While the depth is sufficient for general hypertrophy, ensure the hip crease consistently breaks the plane of the patella if training for full competition depth.""
    },
    {
      ""aspect"": ""Core Engagement"",
      ""detail"": ""Small amounts of core tension could be increased to prevent slight forward lean of the torso at the lowest point of the squat.""
    }
  ],
  ""visual_anchors"": {
    ""start_timestamp"": ""00:27"",
    ""end_timestamp"": ""00:48""
  }
}
```"
"The woman in the video is performing a **dumbbell goblet box squat**.

Here is a breakdown of the movement and technique being demonstrated:

*   **Setup:** Her feet are shoulder-width apart with her toes slightly turned out. She is holding a single dumbbell vertically against her chest, supported by both hands under the top lip of the weight.
*   **The Descent:** She initiates the movement by pushing her hips back (hinging) while simultaneously allowing her knees to track forward. The goal is to control the descent as if ""dropping underwater.""
*   **The Contact:** She lowers herself until she makes light contact with the box or bench behind her. Crucially, she maintains tension in her core and keeps her feet planted firmly on the floor throughout the entire movement.
*   **The Ascent:** She stands back up by pushing through the entire foot—engaging the big toe, little toe, and heel—to return to a full, upright starting position.

**Key cues from the instructor:**
*   Keep the chest up and the dumbbell close to your body.
*   ""Sit back"" onto the bench rather than just dropping straight down.
*   Maintain full-body tension even when sitting on the bench.","```json
{
  ""exercise"": ""dumbbell_goblet_box_squat"",
  ""rep_count"": 1,
  ""estimated_load"": ""light"",
  ""overall_rating"": 9,
  ""good"": [
    {
      ""aspect"": ""Heel Stability"",
      ""detail"": ""The athlete maintains complete foot contact with the floor throughout the entire range of motion, with no visible heel lift.""
    },
    {
      ""aspect"": ""Knee Path"",
      ""detail"": ""Knees track perfectly over the toes with no signs of valgus collapse.""
    },
    {
      ""aspect"": ""Upper Body Alignment"",
      ""detail"": ""The torso remains upright throughout the squat, indicating excellent control of the dumbbell and core engagement.""
    }
  ],
  ""needs_improvement"": [
    {
      ""aspect"": ""Depth Consistency"",
      ""detail"": ""The movement is a box squat; while performed correctly for this variation, it does not reach deep-squat depth, which is standard for the variation but should be noted as limited by the box height.""
    }
  ],
  ""visual_anchors"": {
    ""start_timestamp"": ""00:26"",
    ""end_timestamp"": ""00:39""
  }
}
```"
"The individual in the video is performing a **barbell back squat** with a wide stance.

Key observations about her form:
* **Stance:** She has a wide stance with her toes pointed outward, which helps emphasize the glute muscles during the movement.
* **Depth:** She is achieving significant depth, with her hips dropping well below the level of her knees.
* **Posture:** She keeps her torso relatively upright, which is common in wide-stance squats, allowing her to target the lower body effectively.
* **Execution:** She is performing the movement in a controlled, rhythmic manner, with a brief pause at the bottom of each rep.

This variation is commonly known as a **sumo squat** or a wide-stance back squat, and it is a highly effective exercise for targeting the glutes, hamstrings, and inner thighs.","```json
{
  ""exercise"": ""barbell_back_squat"",
  ""rep_count"": 5,
  ""estimated_load"": ""moderate"",
  ""overall_rating"": 8,
  ""good"": [
    {
      ""aspect"": ""Foot Stability"",
      ""detail"": ""Excellent heel contact with the ground throughout all repetitions; no evidence of shifting or lifting.""
    },
    {
      ""aspect"": ""Knee Mechanics"",
      ""detail"": ""Consistent knee tracking with toes; no visible medial collapse (valgus) during the descent or ascent.""
    },
    {
      ""aspect"": ""Depth"",
      ""detail"": ""Consistently achieved and maintained optimal depth with the hip crease falling below the top of the patella on every rep.""
    }
  ],
  ""needs_improvement"": [
    {
      ""aspect"": ""Lumbar Stability"",
      ""detail"": ""Mild 'butt wink' (posterior pelvic tilt) observed at the very bottom of the squat, suggesting the end-range is nearing the limit of current lumbar mobility.""
    },
    {
      ""aspect"": ""Bar Path"",
      ""detail"": ""The torso experiences slight forward lean throughout the reps; maintaining a slightly more upright thoracic position could improve load distribution.""
    }
  ],
  ""visual_anchors"": {
    ""start_timestamp"": ""00:00"",
    ""end_timestamp"": ""00:26""
  }
}
```"
"The video shows a man performing a barbell squat. He begins in a standing position, with his feet slightly wider than shoulder-width apart and the barbell resting on his upper back. He then lowers his body by bending his knees and hips, keeping his back straight and chest up, until his thighs are roughly parallel to the floor. Finally, he pushes back up to the starting position.","```json
{
  ""exercise"": ""barbell_back_squat"",
  ""rep_count"": 1,
  ""estimated_load"": ""heavy"",
  ""overall_rating"": 7,
  ""good"": [
    {
      ""aspect"": ""Foot stability"",
      ""detail"": ""The athlete maintains consistent heel contact with the floor throughout the entire range of motion.""
    },
    {
      ""aspect"": ""Knee alignment"",
      ""detail"": ""No medial knee collapse (valgus) was observed, indicating good tracking and hip stability.""
    }
  ],
  ""needs_improvement"": [
    {
      ""aspect"": ""Depth"",
      ""detail"": ""The squat depth is slightly shallow; the hip crease does not clearly break the plane parallel to the top of the patella.""
    },
    {
      ""aspect"": ""Spine posture"",
      ""detail"": ""There is a slight forward tilt of the torso, likely due to limited ankle mobility or a lower bar position preference, which requires careful monitoring to ensure thoracic bracing is maintained.""
    }
  ],
  ""visual_anchors"": {
    ""start_timestamp"": ""00:15"",
    ""end_timestamp"": ""00:23""
  }
}
```"
"This video shows an athlete performing a set of back squats with a specialized ""safety squat bar."" 

Here is a breakdown of the movement:

* **Setup:** The athlete uses a specialized safety squat bar, which features pads that rest on the shoulders and handles that extend forward. This design shifts the load slightly forward compared to a traditional barbell, placing more emphasis on the quads and requiring more core stability.
* **Movement:** The athlete performs multiple repetitions. During each rep, they initiate the squat by hinging at the hips and bending the knees, descending until their thighs are roughly parallel to the ground before pushing back up to a standing position.
* **Form:** The athlete maintains a relatively upright torso throughout the lift. This is a common advantage of the safety squat bar, as the forward handles make it easier to stay upright and keep the bar centered over the midfoot. 
* **Safety:** The athlete is performing the exercise inside a power rack with safety spotter arms set to an appropriate height. This is a critical safety measure, ensuring that if they were to fail a repetition, the bar would land on the safety arms rather than on the athlete.","```json
{
  ""exercise"": ""barbell_back_squat"",
  ""rep_count"": 5,
  ""estimated_load"": ""heavy"",
  ""overall_rating"": 7,
  ""good"": [
    {
      ""aspect"": ""Foot Stability"",
      ""detail"": ""The athlete maintains consistent heel contact with the floor throughout the movement.""
    },
    {
      ""aspect"": ""Knee Tracking"",
      ""detail"": ""Knees track well over the toes without significant medial collapse (valgus).""
    }
  ],
  ""needs_improvement"": [
    {
      ""aspect"": ""Depth"",
      ""detail"": ""The squat depth is slightly high; the hip crease does not consistently break the plane of the patella.""
    },
    {
      ""aspect"": ""Spinal Alignment"",
      ""detail"": ""There is noticeable forward torso lean and subtle 'butt wink' at the bottom of the movement, indicating limited hip/ankle mobility or bracing issues.""
    },
    {
      ""aspect"": ""Bar Path"",
      ""detail"": ""The bar path shifts slightly forward due to the forward torso lean, placing increased stress on the lower back.""
    }
  ],
  ""visual_anchors"": {
    ""start_timestamp"": ""00:09"",
    ""end_timestamp"": ""00:29""
  }
}
```"
"The person in the video is performing a barbell back squat. As they descend into the squat, their heels lift off the ground, causing them to lean forward. This shifts their center of gravity toward their toes, which makes the exercise less effective and could increase the risk of injury. Maintaining a flat foot throughout the movement is important for stability and proper form.","```json
{
  ""exercise"": ""barbell_back_squat"",
  ""rep_count"": 1,
  ""estimated_load"": ""heavy"",
  ""overall_rating"": 8,
  ""good"": [
    {
      ""aspect"": ""Range of Motion"",
      ""detail"": ""The lifter achieves excellent depth, with the hip crease descending well below the knee joint.""
    },
    {
      ""aspect"": ""Spinal Alignment"",
      ""detail"": ""The back maintains a relatively neutral and rigid position throughout the duration of the lift.""
    }
  ],
  ""needs_improvement"": [
    {
      ""aspect"": ""Foot Pressure"",
      ""detail"": ""The lifter exhibits a slight shift toward the toes, causing the heels to lose full contact with the floor. The weight needs to stay driven through the mid-foot and heel.""
    },
    {
      ""aspect"": ""Safety Protocol"",
      ""detail"": ""The squat is performed without safety pins or a spotter; if the load becomes unmanageable, the lifter is at risk due to the lack of a controlled bailing environment.""
    }
  ],
  ""visual_anchors"": {
    ""start_timestamp"": ""00:00"",
    ""end_timestamp"": ""00:05""
  }
}
```"
"In this video, a trainer explains the proper form for a **goblet squat**. 

Here are the key points to focus on for this exercise:

*   **Hand Position:** The kettlebell is held by its ""horns"" (the vertical sides of the handle) rather than the main loop. 
*   **Holding the Weight:** The handle should be positioned near the bridge of the nose. This helps engage the core throughout the movement.
*   **Elbow Positioning:** Keep the elbows tucked in directly under the fists. This prevents them from flaring out, which helps to activate the lats and maintain proper shoulder alignment.
*   **Execution:** Maintain a slow and controlled tempo, keeping the back straight and chest up as you lower into the squat.","```json
{
  ""exercise"": ""kettlebell_goblet_squat"",
  ""rep_count"": 5,
  ""estimated_load"": ""moderate"",
  ""overall_rating"": 9,
  ""good"": [
    {
      ""aspect"": ""Foot Stability"",
      ""detail"": ""Heels remain firmly planted on the ground throughout the entire range of motion.""
    },
    {
      ""aspect"": ""Upper Body Posture"",
      ""detail"": ""Thoracic extension is well-maintained with elbows tucked, avoiding chest collapse.""
    },
    {
      ""aspect"": ""Knee Mechanics"",
      ""detail"": ""Knees track over the toes with no signs of medial valgus collapse.""
    }
  ],
  ""needs_improvement"": [
    {
      ""aspect"": ""Lumbar Neutrality"",
      ""detail"": ""Minor rounding of the lower back (posterior pelvic tilt) observed at the very bottom of the squat range.""
    }
  ],
  ""visual_anchors"": {
    ""start_timestamp"": ""00:09"",
    ""end_timestamp"": ""00:36""
  }
}
```"
"The video shows a warm-up exercise called a **lateral tibial glide mobilization**.

It is used to improve ankle mobility, which can help achieve better depth and form in squats. Here's a breakdown of the steps shown:

1.  **Setup:** Place the foot of the leg you want to work on a stable, elevated surface like a bench.
2.  **Stabilization:** Keep the foot firmly planted on the bench with one hand.
3.  **Guidance:** Place your other hand on top of your knee.
4.  **Movement:** Use the guiding hand on your knee to push it forward and slightly out to the side in a diagonal motion.
5.  **Hold:** Maintain this forward, outward position for a couple of seconds before releasing.

This exercise can be performed for one to two minutes or for about ten repetitions per leg before beginning a squat workout.","{
  ""exercise"": ""lateral_tibial_glide_mobilization"",
  ""rep_count"": 1,
  ""estimated_load"": ""N/A"",
  ""overall_rating"": 10,
  ""good"": [
    {
      ""aspect"": ""Controlled movement"",
      ""detail"": ""The athlete maintains steady pressure and slow, controlled movement to effectively mobilize the ankle joint.""
    },
    {
      ""aspect"": ""Form"",
      ""detail"": ""The athlete demonstrates proper technique by anchoring the foot and using a guiding hand to encourage external rotation and lateral glide.""
    }
  ],
  ""needs_improvement"": [
    {
      ""aspect"": ""None"",
      ""detail"": ""The demonstration is clear, safe, and anatomically correct for a mobility exercise.""
    }
  ],
  ""visual_anchors"": {
    ""start_timestamp"": ""00:00"",
    ""end_timestamp"": ""00:36""
  }
}"
"The video shows a person performing a barbell back squat. Here’s a breakdown of the form:

*   **Setup:** The person is using a rack, which is safe. Their feet are positioned at approximately shoulder-width apart, and the barbell is placed across their upper back.
*   **Execution:** They begin by bending their knees and hips to lower their body into a squatting position. They maintain a relatively upright posture, which is good for engaging the quadriceps. 
*   **Depth:** They go down to about parallel, where the top of their thighs are parallel to the floor. This is a common and effective depth for many lifters. 
*   **Ascent:** They then push through their heels to return to the starting standing position. 
*   **Breathing:** You can hear them exhale forcefully at the top of each rep, which is a common technique to maintain core stability (the Valsalva maneuver). 

**Overall:** The form appears consistent throughout the reps. The movement is controlled, the back remains relatively flat, and the depth is consistent. 

**Important Note:** As with any exercise, it’s always a good idea to ensure your form remains consistent throughout all sets. If you find your form breaking down as you get tired, it’s important to either reduce the weight or end the set to avoid injury. If you're looking to refine your technique, consider working with a certified personal trainer who can provide personalized feedback.","{
  ""exercise"": ""barbell_back_squat"",
  ""rep_count"": 3,
  ""estimated_load"": ""moderate-to-heavy"",
  ""overall_rating"": 8,
  ""good"": [
    {
      ""aspect"": ""depth"",
      ""detail"": ""The athlete consistently achieves excellent depth, with the hip crease falling well below the top of the patella on all repetitions.""
    },
    {
      ""aspect"": ""stability"",
      ""detail"": ""Foot placement remains stable throughout the movement with no observable heel lift.""
    },
    {
      ""aspect"": ""bar path"",
      ""detail"": ""The vertical bar path is well-controlled, moving efficiently over the midfoot.""
    }
  ],
  ""needs_improvement"": [
    {
      ""aspect"": ""spinal neutrality"",
      ""detail"": ""A slight 'butt wink' (posterior pelvic tilt) is noticeable at the bottom of the squats, suggesting the need for increased ankle mobility or improved bracing.""
    },
    {
      ""aspect"": ""torso angle"",
      ""detail"": ""There is a minor degree of chest fall as the athlete descends; focusing on maintaining a slightly more upright thoracic position may improve performance.""
    }
  ],
  ""visual_anchors"": {
    ""start_timestamp"": ""00:00"",
    ""end_timestamp"": ""00:13""
  }
}"
"In the provided video, a woman demonstrates a correct squat technique:

*   **Starting position:** She stands tall with her feet shoulder-width apart, arms by her sides.
*   **The descent:** Keeping her back straight and core engaged, she lowers her hips as if sitting back into an invisible chair. As she lowers, she extends her arms straight out in front of her for balance.
*   **Bottom of the movement:** She reaches a point where her thighs are nearly parallel to the ground. Her chest remains upright, and her knees are aligned over her feet (not caving inward).
*   **The ascent:** She pushes through her heels to return to the starting position, keeping her movements controlled and rhythmic. 

Throughout the exercise, she maintains a neutral spine and gaze, ensuring proper form and safety.","```json
{
  ""exercise"": ""bodyweight_squat"",
  ""rep_count"": 4,
  ""estimated_load"": ""light"",
  ""overall_rating"": 9,
  ""good"": [
    {""aspect"": ""Heel Stability"", ""detail"": ""The heels maintain solid contact with the floor throughout the entire movement, indicating good posterior chain engagement.""},
    {""aspect"": ""Knee Tracking"", ""detail"": ""Knees track consistently over the toes without medial collapse or valgus movement.""},
    {""aspect"": ""Depth"", ""detail"": ""The athlete achieves consistent depth, with the hip crease reaching the level of the patella or slightly below.""}
  ],
  ""needs_improvement"": [
    {""aspect"": ""Trunk Inclination"", ""detail"": ""There is a slight forward lean of the chest during the descent, though it remains well-controlled; maintaining a more vertical torso could further engage the quadriceps.""},
    {""aspect"": ""Pelvic Control"", ""detail"": ""Minor rounding of the lower back (butt wink) is visible at the very bottom of the squat, suggesting a need for increased hip mobility or core bracing.""}
  ],
  ""visual_anchors"": {
    ""start_timestamp"": ""00:00"",
    ""end_timestamp"": ""00:16""
  }
}
```"
"The user is performing a Smith machine squat. Here are some observations regarding their form:

*   **Foot Placement:** The user's feet are placed directly underneath the bar. While this is common for Smith machine squats, it often forces the shins forward and can put excessive stress on the knees. 
*   **Back Position:** The user maintains a relatively neutral spine, which is good.
*   **Depth:** They are achieving a decent depth in their squats.
*   **Control:** The movement appears rhythmic and controlled.

**Recommendations:**

*   **Consider Foot Placement:** Some experts suggest positioning the feet slightly forward of the bar when using a Smith machine. This can help you sit back more into the squat, engaging the glutes and hamstrings more effectively and reducing strain on the knees.
*   **Consult a Professional:** If you're looking to optimize your squat form, consider working with a certified personal trainer. They can provide personalized cues and ensure your technique is safe and effective for your specific goals and anatomy.

Remember to prioritize proper form over the amount of weight you're lifting to prevent injury. Always listen to your body and stop if you feel any sharp or unusual pain.","```json
{
  ""exercise"": ""barbell_back_squat"",
  ""rep_count"": 8,
  ""estimated_load"": ""heavy"",
  ""overall_rating"": 8,
  ""good"": [
    {
      ""aspect"": ""Bar path"",
      ""detail"": ""The bar travels in a vertical, stable line over the mid-foot throughout the entire set.""
    },
    {
      ""aspect"": ""Foot stability"",
      ""detail"": ""The lifter maintains solid contact with the ground; there is no visible heel lift during the descent or ascent.""
    }
  ],
  ""needs_improvement"": [
    {
      ""aspect"": ""Depth"",
      ""detail"": ""The lifter hits parallel, but does not consistently break the plane where the hip crease is below the top of the patella.""
    },
    {
      ""aspect"": ""Lumbar stability"",
      ""detail"": ""There is a slight 'butt wink' (posterior pelvic tilt) occurring at the bottom of the squat, indicating a need for improved ankle or hip mobility.""
    },
    {
      ""aspect"": ""Chest position"",
      ""detail"": ""There is a minor forward chest lean as the fatigue sets in toward the end of the set, causing the hips to rise slightly faster than the shoulders.""
    }
  ],
  ""visual_anchors"": {
    ""start_timestamp"": ""00:00"",
    ""end_timestamp"": ""00:32""
  }
}
```"
"The video shows a person performing a set of barbell squats inside a rack. Here is a breakdown of the form:

*   **Execution:** The lifter is performing partial-range squats, stopping well before reaching parallel depth. This is often referred to as a ""quarter squat."" 
*   **Form Observations:** 
    *   The lifter is keeping their torso relatively upright throughout the movement.
    *   The heels appear to remain on the ground, which is good for stability.
    *   The movement is controlled, with a clear descent and ascent for each repetition.
*   **Equipment:** The lifter is using a lifting belt, which is common for added core support during heavier lifts. They are also using a squat rack with safety arms, which is an important safety precaution.

**Note:** If your goal is to build strength and muscle in your glutes, hamstrings, and quads, full-range-of-motion squats (where the hip crease drops below the top of the knee) are generally more effective than quarter squats. You may want to consider working on your ankle and hip mobility to achieve a deeper squat safely. As always, consider consulting with a certified personal trainer to ensure your form is optimal for your specific goals and body mechanics.","```json
{
  ""exercise"": ""barbell_back_squat"",
  ""rep_count"": 8,
  ""estimated_load"": ""heavy"",
  ""overall_rating"": 8,
  ""good"": [
    {
      ""aspect"": ""Bar Path"",
      ""detail"": ""The bar maintains a consistently vertical path over the mid-foot throughout the repetitions.""
    },
    {
      ""aspect"": ""Heel Stability"",
      ""detail"": ""Heels remain firmly planted on the platform throughout the full range of motion, indicating good ankle mobility and weight distribution.""
    },
    {
      ""aspect"": ""Depth"",
      ""detail"": ""Consistently hits or breaks parallel, reaching sufficient depth for a high-quality back squat.""
    }
  ],
  ""needs_improvement"": [
    {
      ""aspect"": ""Lumbar & Pelvic Position"",
      ""detail"": ""Minor 'butt wink' (posterior pelvic tilt) is noticeable at the bottom of the movement due to hitting the depth limit, which may place stress on the lower back.""
    },
    {
      ""aspect"": ""Upper Body"",
      ""detail"": ""The chest exhibits a slight forward lean under the load as the set progresses; focus on driving the upper back into the bar to maintain a more upright torso.""
    }
  ],
  ""visual_anchors"": {
    ""start_timestamp"": ""00:00"",
    ""end_timestamp"": ""00:50""
  }
}
```"
"The individual in the video is performing barbell back squats. Here's a breakdown of their form:

**What they're doing well:**
* **Controlled Tempo:** The lifter uses a deliberate, controlled tempo on the way down, which is good for maintaining tension and control.
* **Neutral Spine:** They maintain a relatively neutral spine throughout the movement, avoiding excessive rounding or arching.
* **Good Depth:** They consistently reach or slightly break parallel, which is the standard for a full-range squat.

**Areas for improvement:**
* **Chest Position:** The lifter has a significant forward lean throughout the squat. While some forward lean is natural depending on body mechanics, this degree of lean shifts the focus heavily onto the lower back rather than the quadriceps. Keeping the chest more upright (through improved core bracing or mobility) could help maintain a more balanced load.
* **Knee-to-Toe Travel:** The knees travel significantly forward relative to the toes. While this isn't inherently dangerous, it indicates that the lifter is loading the anterior chain (quads) heavily, which can put extra strain on the knees if the muscles aren't strong enough to support the load.
* **Bar Path:** Because of the forward lean, the barbell doesn't travel in a perfectly straight vertical line over the midfoot. It drifts slightly forward and backward as they move, which can make the lift less efficient and harder to balance as the weight increases.

**General Advice:**
* **Core Bracing:** Ensure a tight core brace before starting the descent. This will help stabilize the torso and potentially reduce the forward lean.
* **Heel Elevation:** If they struggle with depth or feel their heels lifting, using weightlifting shoes or small weight plates under the heels can help with ankle mobility and allow for a more upright torso.
* **Consult a Professional:** If the lifter is experiencing any pain, especially in the lower back or knees, they should consult a certified fitness professional to check their form in person and make adjustments.","```json
{
  ""exercise"": ""barbell_back_squat"",
  ""rep_count"": 1,
  ""estimated_load"": ""heavy"",
  ""overall_rating"": 8,
  ""good"": [
    {
      ""aspect"": ""Bar Path"",
      ""detail"": ""The vertical path of the barbell remains consistent and centered over the mid-foot throughout the entire movement.""
    },
    {
      ""aspect"": ""Depth"",
      ""detail"": ""The athlete successfully achieves depth, with the hip crease descending below the top of the patella.""
    }
  ],
  ""needs_improvement"": [
    {
      ""aspect"": ""Upper Body"",
      ""detail"": ""There is a slight forward lean of the chest during the ascent, indicating a slight shift in the center of gravity.""
    },
    {
      ""aspect"": ""Lumbar Stability"",
      ""detail"": ""The athlete displays a minor degree of pelvic posterior tilt at the bottom of the squat, commonly known as 'butt wink'.""
    }
  ],
  ""visual_anchors"": {
    ""start_timestamp"": ""00:15"",
    ""end_timestamp"": ""00:24""
  }
}
```"
"The individual in the video performs a back squat, which is a strength exercise that engages multiple muscle groups in the lower body, including the quadriceps, hamstrings, and glutes. To perform the movement, she positions the barbell on her upper back across her traps. She then descends by bending her hips and knees until her thighs are parallel to the floor, ensuring her hip crease goes below her knees. Afterward, she returns to the standing position by driving through her heels, keeping the movement controlled throughout.","```json
{
  ""exercise"": ""barbell_back_squat"",
  ""rep_count"": 1,
  ""estimated_load"": ""heavy"",
  ""overall_rating"": 8,
  ""good"": [
    {
      ""aspect"": ""Depth"",
      ""detail"": ""The lifter achieves adequate depth with the hip crease descending below the top of the patella.""
    },
    {
      ""aspect"": ""Stability"",
      ""detail"": ""The lifter maintains good heel contact with the floor throughout the entire movement.""
    }
  ],
  ""needs_improvement"": [
    {
      ""aspect"": ""Neutral Spine"",
      ""detail"": ""There is a slight 'butt wink' (posterior pelvic tilt) visible at the very bottom of the squat, suggesting limited end-range hip mobility.""
    },
    {
      ""aspect"": ""Upper Body"",
      ""detail"": ""The chest drops slightly during the descent, moving the torso into a more forward-leaning position under load.""
    }
  ],
  ""visual_anchors"": {
    ""start_timestamp"": ""00:33"",
    ""end_timestamp"": ""00:40""
  }
}
```"
"The video captures a person performing a single repetition of a back squat. Here’s a breakdown of the movement:

*   **Setup:** The individual starts standing upright with a barbell positioned across their upper back/shoulders.
*   **The Descent (Eccentric phase):** They hinge at the hips and bend their knees to lower their body into a deep squat. They pause briefly at the lowest point (the ""bottom"" or ""hole"" of the squat).
*   **The Ascent (Concentric phase):** They drive through their legs and push themselves back up to the starting standing position. 
*   **Completion:** After returning to a full standing position, they step forward away from the rack and the video concludes.

This exercise is a fundamental strength movement primarily targeting the quadriceps, glutes, hamstrings, and core muscles.","{
  ""exercise"": ""barbell_back_squat"",
  ""rep_count"": 1,
  ""estimated_load"": ""heavy"",
  ""overall_rating"": 8,
  ""good"": [
    {""aspect"": ""Depth"", ""detail"": ""The athlete achieves excellent depth, passing well below the parallel mark where the hip crease is below the top of the patella.""},
    {""aspect"": ""Bar Path"", ""detail"": ""The vertical bar path remains relatively stable and aligned over the mid-foot throughout the entire repetition.""},
    {""aspect"": ""Foot Stability"", ""detail"": ""The heels maintain solid contact with the floor throughout the eccentric and concentric phases, indicating proper weight distribution.""}
  ],
  ""needs_improvement"": [
    {""aspect"": ""Lumbar Stability"", ""detail"": ""There is a slight pelvic tilt at the very bottom of the squat (butt wink), suggesting a need to work on hip mobility or core bracing.""},
    {""aspect"": ""Upper Body"", ""detail"": ""A subtle forward shift in the chest occurs as the athlete hits depth, likely due to the load and the transition from the descent to the ascent.""}
  ],
  ""visual_anchors"": {
    ""start_timestamp"": ""00:00"",
    ""end_timestamp"": ""00:36""
  }
}"
"The person in the video is performing a back squat, but with a few notable issues that could impact its effectiveness and safety:

*   **Incomplete Range of Motion:** The individual does not descend to a standard squat depth, which would ideally have the hips descend at least to the level of the knees. 
*   **Back Positioning:** The individual is leaning significantly forward, which shifts the emphasis of the exercise away from the legs and places more strain on the lower back.
*   **Technique:** The movement pattern suggests the individual is not getting the full benefit for their quadriceps and glutes, and the forward tilt increases the risk of injury to the spine.

To improve this squat, focus on maintaining a more upright torso and increasing the depth of the squat. If the current depth is due to physical limitations or mobility issues, working on ankle and hip mobility before increasing the weight would be beneficial. Always ensure you are lifting safely to avoid strain.","```json
{
  ""exercise"": ""barbell_back_squat"",
  ""rep_count"": 1,
  ""estimated_load"": ""heavy"",
  ""overall_rating"": 8,
  ""good"": [
    {
      ""aspect"": ""Foot Stability"",
      ""detail"": ""The athlete maintains excellent heel contact throughout the movement with no observable lifting.""
    },
    {
      ""aspect"": ""Bar Path"",
      ""detail"": ""The vertical path of the barbell is stable and well-aligned over the mid-foot.""
    },
    {
      ""aspect"": ""Depth"",
      ""detail"": ""The athlete successfully reaches and maintains proper depth, with the hip crease descending below the top of the patella.""
    }
  ],
  ""needs_improvement"": [
    {
      ""aspect"": ""Lumbar Stability"",
      ""detail"": ""There is a slight 'butt wink' (posterior pelvic tilt) observed at the very bottom of the squat, suggesting a need for increased core bracing or ankle mobility work.""
    },
    {
      ""aspect"": ""Upper Body Angle"",
      ""detail"": ""The chest exhibits a minor degree of forward lean as the weight increases, which is acceptable for a heavy set but warrants attention for maintaining a more upright torso.""
    }
  ],
  ""visual_anchors"": {
    ""start_timestamp"": ""00:03"",
    ""end_timestamp"": ""00:19""
  }
}
```"
"This video demonstrates a Goblet Squat. Here’s a breakdown of the key elements shown:

*   **Starting Position:** The person stands with their feet shoulder-width apart, holding a kettlebell vertically against their chest with both hands.
*   **The Movement:** They descend into a squat by bending at the knees and hips, keeping their chest upright and back straight. 
*   **Form Cues:** The trainer emphasizes keeping the core tight and ensuring the elbows come down to the quads during the movement to ensure a full range of motion that goes below parallel.
*   **The Finish:** At the top of the movement, the person fully extends their hips and flexes their glutes.","{
  ""exercise"": ""goblet_squat"",
  ""rep_count"": 6,
  ""estimated_load"": ""light"",
  ""overall_rating"": 8,
  ""good"": [
    {
      ""aspect"": ""Heel Stability"",
      ""detail"": ""The athlete maintains consistent full-foot contact with the ground throughout all repetitions.""
    },
    {
      ""aspect"": ""Knee Mechanics"",
      ""detail"": ""The knees are tracking appropriately over the toes with no signs of valgus collapse.""
    },
    {
      ""aspect"": ""Range of Motion"",
      ""detail"": ""The athlete achieves consistent depth, consistently breaking parallel with the hip crease falling below the knee joint.""
    }
  ],
  ""needs_improvement"": [
    {
      ""aspect"": ""Spinal Alignment"",
      ""detail"": ""There is slight thoracic rounding and minor anterior pelvic tilt (butt wink) at the very bottom of the squat, suggesting a need for increased core bracing.""
    },
    {
      ""aspect"": ""Upper Body Stability"",
      ""detail"": ""The torso experiences minor forward lean during the descent, which shifts the center of mass; keeping the chest more upright would optimize the load distribution.""
    }
  ],
  ""visual_anchors"": {
    ""start_timestamp"": ""00:03"",
    ""end_timestamp"": ""00:26""
  }
}"
"The person in the video is performing a back squat on a Smith machine. 

They start by stepping under the bar and positioning it comfortably across their upper back. With their feet planted shoulder-width apart, they initiate the movement by bending their knees and hips, lowering their body into a squat until their thighs are parallel to the floor, all while keeping their chest upright and their back straight. Finally, they engage their core and glutes to push back up to the starting standing position.","```json
{
  ""exercise"": ""barbell_back_squat"",
  ""rep_count"": 5,
  ""estimated_load"": ""heavy"",
  ""overall_rating"": 8,
  ""good"": [
    {
      ""aspect"": ""Bar path"",
      ""detail"": ""The bar maintains a relatively vertical and stable path throughout the eccentric and concentric phases.""
    },
    {
      ""aspect"": ""Foot stability"",
      ""detail"": ""No visible heel lift; the feet remain planted firmly on the floor during the entire duration of the set.""
    },
    {
      ""aspect"": ""Knee alignment"",
      ""detail"": ""Knees track over the toes without evidence of valgus collapse.""
    }
  ],
  ""needs_improvement"": [
    {
      ""aspect"": ""Depth"",
      ""detail"": ""The hip crease does not consistently break the plane of the knee, making these high/parallel squats rather than deep squats.""
    },
    {
      ""aspect"": ""Lumbar position"",
      ""detail"": ""There is slight rounding of the lower back (butt wink) at the bottom of the movement, indicating limited hip mobility.""
    }
  ],
  ""visual_anchors"": {
    ""start_timestamp"": ""00:37"",
    ""end_timestamp"": ""00:54""
  }
}
```"
"The woman in the video is performing a back squat using a Smith machine. 

A Smith machine is a piece of gym equipment that includes a barbell fixed within steel rails, allowing it to move only in a vertical (or near-vertical) path. This design provides added stability during the exercise.

In this instance, the person is using a relatively light weight for the barbell, as evidenced by the lack of added weight plates on the bar. The squat itself follows a standard movement pattern:
* **Starting Position:** She stands with her feet shoulder-width apart, the barbell resting across her upper back, and her chest kept up.
* **The Descent:** She initiates the squat by pushing her hips back and bending her knees, lowering her body until her thighs are roughly parallel to the floor.
* **The Ascent:** She then pushes through her heels to return to the starting upright position, fully extending her hips and knees at the top.

The woman demonstrates good control and maintains a proper, upright posture throughout the repetitions.","```json
{
  ""exercise"": ""barbell_back_squat"",
  ""rep_count"": 4,
  ""estimated_load"": ""light"",
  ""overall_rating"": 6,
  ""good"": [
    {
      ""aspect"": ""Heel stability"",
      ""detail"": ""The heels maintain consistent contact with the floor throughout all repetitions.""
    },
    {
      ""aspect"": ""Knee path"",
      ""detail"": ""The knees are tracking appropriately over the toes without significant valgus collapse.""
    }
  ],
  ""needs_improvement"": [
    {
      ""aspect"": ""Range of motion"",
      ""detail"": ""The depth is shallow; the hip crease fails to descend below the level of the patella on all repetitions.""
    },
    {
      ""aspect"": ""Lumbar control"",
      ""detail"": ""There is noticeable forward chest lean and potential pelvic rounding at the bottom of the movement.""
    }
  ],
  ""visual_anchors"": {
    ""start_timestamp"": ""00:16"",
    ""end_timestamp"": ""00:44""
  }
}
```"
"The video demonstrates a **Parallel Back Squat**, a specific type of partial squat exercise. 

Here are the key characteristics and instructions highlighted in the video:

*   **Range of Motion:** Unlike a full squat, you only descend until your thighs are approximately parallel to the floor. You then stand back up without continuing lower.
*   **Purpose:** This exercise is designed to strengthen the most mechanically challenging part of a full squat, helping you push through ""sticking points"" more easily. 
*   **Technique Focus:**
    *   **Avoid ""cheating"":** Do not shift your hips back or put weight onto your heels to make the position easier. This defeats the purpose of the exercise.
    *   **Maintain Posture:** Fight to keep an upright torso throughout the squat. Avoid leaning forward or pushing your hips back during the recovery phase.
    *   **Consistency:** The goal is to identify your sticking point and ensure you are training in that specific range.","```json
{
  ""exercise"": ""barbell_back_squat"",
  ""rep_count"": 1,
  ""estimated_load"": ""heavy"",
  ""overall_rating"": 8,
  ""good"": [
    {
      ""aspect"": ""Bar Path"",
      ""detail"": ""The bar maintains a straight, vertical path directly over the midfoot throughout the movement.""
    },
    {
      ""aspect"": ""Spinal Alignment"",
      ""detail"": ""The athlete maintains a neutral spine with no visible lumbar flexion or pelvic tuck (butt wink) at the bottom.""
    }
  ],
  ""needs_improvement"": [
    {
      ""aspect"": ""Knee Stability"",
      ""detail"": ""There is slight oscillation in the knee tracking during the descent, though no true valgus collapse occurs.""
    },
    {
      ""aspect"": ""Controlled Eccentric"",
      ""detail"": ""The descent is very rapid; maintaining slightly more tension during the eccentric phase could improve control.""
    }
  ],
  ""visual_anchors"": {
    ""start_timestamp"": ""00:08"",
    ""end_timestamp"": ""00:11""
  }
}
```"
"The video shows individuals performing a **pause back squat**. 

Here is a breakdown of the movement as described in the video:

1.  **The Descent:** Start with a normal back squat descent, ensuring proper form.
2.  **The Pause:** Stop and hold at the very bottom of the squat. During this phase, you should relax your legs as much as possible while maintaining a forceful, braced trunk. It is crucial that there is no movement in your trunk or back extension during this hold.
3.  **The Hold:** Maintain this position for at least 2–3 seconds. This duration helps to eliminate any ""stretch reflex"" (the natural tendency for muscles to recoil like a spring after being stretched).
4.  **The Ascent:** Drive aggressively upward directly from the bottom pause position. You should explode to a standing position without using any ""bounce"" or rocking motion to gain momentum.
5.  **Breathing:** You may release a small amount of air during the pause if needed, but you should continue to keep your trunk forcefully braced throughout the entire movement. 

This exercise is specifically used to improve postural strength and explosive acceleration.","```json
{
  ""exercise"": ""barbell_back_squat"",
  ""rep_count"": 1,
  ""estimated_load"": ""heavy"",
  ""overall_rating"": 9,
  ""good"": [
    {
      ""aspect"": ""Stability"",
      ""detail"": ""Excellent heel contact throughout the movement with no visible lift or shifting.""
    },
    {
      ""aspect"": ""Knee Mechanics"",
      ""detail"": ""Knees track perfectly over the toes with no medial valgus present.""
    },
    {
      ""aspect"": ""Posture"",
      ""detail"": ""Neutral lumbar spine maintained; no significant pelvic tilt or 'butt wink'.""
    },
    {
      ""aspect"": ""Bar Path"",
      ""detail"": ""Vertical and controlled path throughout both the descent and ascent phases.""
    }
  ],
  ""needs_improvement"": [
    {
      ""aspect"": ""Depth"",
      ""detail"": ""While a deep squat is performed, the hip crease is roughly parallel or slightly below the patella; for certain Olympic lifting accessory goals, consistent depth slightly deeper could be emphasized, though this is already an elite-level execution.""
    }
  ],
  ""visual_anchors"": {
    ""start_timestamp"": ""00:07"",
    ""end_timestamp"": ""00:18""
  }
}
```"
"The woman in the video is performing a **back squat** using a **Smith machine**.

Here's a breakdown of the movement:

*   **Setup:** She begins by standing under the bar with her feet slightly wider than shoulder-width apart. The barbell rests on her upper back/traps.
*   **The Squat:** She initiates the movement by pushing her hips back and bending her knees, lowering her body until her thighs are roughly parallel to the floor.
*   **The Ascent:** She then pushes through her heels to return to the starting, standing position, keeping her chest up and her back straight throughout the entire movement. 

This is a controlled, full-range-of-motion squat that effectively targets the quadriceps, glutes, and core. Using the Smith machine provides extra stability, which can be useful for focusing on form.","```json
{
  ""exercise"": ""barbell_back_squat"",
  ""rep_count"": 2,
  ""estimated_load"": ""moderate"",
  ""overall_rating"": 8,
  ""good"": [
    {
      ""aspect"": ""Stability"",
      ""detail"": ""The athlete maintains excellent foot contact with the floor throughout the movement; no heel lift is observed.""
    },
    {
      ""aspect"": ""Knee Mechanics"",
      ""detail"": ""Knee tracking is consistent with toe alignment, showing no signs of medial knee collapse (valgus).""
    },
    {
      ""aspect"": ""Lumbar Health"",
      ""detail"": ""The spine remains in a neutral position throughout the eccentric and concentric phases, avoiding lumbar rounding (butt wink).""
    }
  ],
  ""needs_improvement"": [
    {
      ""aspect"": ""Depth"",
      ""detail"": ""The athlete is hitting parallel, but could slightly increase depth to ensure the hip crease consistently descends below the top of the patella for a full range of motion.""
    },
    {
      ""aspect"": ""Bar Path"",
      ""detail"": ""There is a slight forward shift in the torso as the bar approaches the bottom of the squat, which slightly pulls the center of gravity forward.""
    }
  ],
  ""visual_anchors"": {
    ""start_timestamp"": ""00:04"",
    ""end_timestamp"": ""00:44""
  }
}
```"
"The person in the video is performing barbell back squats. Here's a breakdown of the movement:

**The Setup:**
*   They begin by unracking the barbell, which is positioned across their upper back.
*   Their feet are placed roughly shoulder-width apart, providing a stable foundation for the movement.

**The Descent (Eccentric Phase):**
*   They initiate the squat by pushing their hips back and bending their knees simultaneously.
*   They keep their chest upright throughout the descent.
*   They continue descending until their thighs are parallel to the floor, indicating a good range of motion.

**The Ascent (Concentric Phase):**
*   They drive through their heels to return to the starting, standing position.
*   They maintain control and stability throughout the entire movement.
*   They perform a total of three repetitions before re-racking the barbell.

Overall, this is a controlled and well-executed set of back squats, demonstrating good form and technique.","```json
{
  ""exercise"": ""barbell_back_squat"",
  ""rep_count"": 1,
  ""estimated_load"": ""heavy"",
  ""overall_rating"": 8,
  ""good"": [
    {
      ""aspect"": ""Foot Stability"",
      ""detail"": ""The athlete maintains excellent ground contact with no visible heel lifting throughout the entire range of motion.""
    },
    {
      ""aspect"": ""Core Engagement"",
      ""detail"": ""The torso angle remains relatively consistent, and the spine remains neutral throughout the eccentric and concentric phases.""
    }
  ],
  ""needs_improvement"": [
    {
      ""aspect"": ""Depth"",
      ""detail"": ""The hip crease does not clearly break the plane of the patella, making this a slightly shallow squat.""
    },
    {
      ""aspect"": ""Bar Path"",
      ""detail"": ""There is a slight forward shift in the center of mass during the transition from the bottom, causing a minor lean forward.""
    }
  ],
  ""visual_anchors"": {
    ""start_timestamp"": ""00:07"",
    ""end_timestamp"": ""00:23""
  }
}
```"
"The squat shown in the video is a **pin back squat**.

In this exercise, a barbell is loaded onto the rack and set at a specific height. The lifter begins the movement by positioning themselves under the bar and descending into a squat until the bar rests on the safety pins, effectively creating a ""dead stop"" at the bottom of the movement. This variation is often used to:

*   **Train rate of force development:** By eliminating the ""stretch-shortening cycle"" (the natural bounce/recoil at the bottom of a normal squat), the lifter must generate maximum force from a stationary position.
*   **Target specific weak points:** The height of the pins can be adjusted to target the specific part of the squat where the lifter struggles most.
*   **Accommodate injury/pain:** If a full-depth squat is not possible, the pins can be set at a specific depth to provide a controlled, safe limit.","```json
{
  ""exercise"": ""barbell_back_squat"",
  ""rep_count"": 1,
  ""estimated_load"": ""heavy"",
  ""overall_rating"": 8,
  ""good"": [
    {
      ""aspect"": ""Bar Path"",
      ""detail"": ""The bar maintains a strictly vertical trajectory, directly over the midfoot.""
    },
    {
      ""aspect"": ""Foot Stability"",
      ""detail"": ""Excellent ground contact with no visible heel lift or lateral instability.""
    },
    {
      ""aspect"": ""Lumbar Stability"",
      ""detail"": ""The spine remains neutral throughout the movement with no visible pelvic tilt or 'butt wink'.""
    }
  ],
  ""needs_improvement"": [
    {
      ""aspect"": ""Safety"",
      ""detail"": ""The safety pins are set at a height that allows the bar to rest comfortably, but in a true 'bailing' situation, the pins should be closer to the absolute bottom depth to ensure safety without interrupting the training stimulus.""
    }
  ],
  ""visual_anchors"": {
    ""start_timestamp"": ""00:08"",
    ""end_timestamp"": ""00:11""
  }
}
```"
"The ""prying goblet squat"" is an exercise that primarily targets hip mobility. To perform it:

1. **Setup:** Stand with your feet about shoulder-width apart, holding a heavy kettlebell (or dumbbell) in the goblet position close to your chest.
2. **Descent:** Lower yourself into the bottom of a squat.
3. **Prying:** While holding this deep squat position, use your elbows to press your knees outward. Keep your feet flat on the floor throughout the movement.
4. **Mobility:** Gently shift your weight from side to side to focus on stretching and opening up the hips.
5. **Duration:** Aim to spend about 20 to 30 seconds mobilizing in this position before standing back up.","```json
{
  ""exercise"": ""prying_goblet_squat"",
  ""rep_count"": 1,
  ""estimated_load"": ""moderate"",
  ""overall_rating"": 9,
  ""good"": [
    {
      ""aspect"": ""Heel Stability"",
      ""detail"": ""Heels remain in constant contact with the floor throughout the entire movement.""
    },
    {
      ""aspect"": ""Lumbar Neutrality"",
      ""detail"": ""The lumbar spine remains stable in a neutral position with no signs of 'butt wink' at the bottom of the squat.""
    },
    {
      ""aspect"": ""Upper Body Posture"",
      ""detail"": ""Chest remains upright throughout the movement, preventing premature forward lean.""
    }
  ],
  ""needs_improvement"": [
    {
      ""aspect"": ""Range of Motion"",
      ""detail"": ""While the depth is sufficient for a mobility drill, ensuring the crease of the hip consistently stays below the top of the patella is crucial for maximum hip joint mobilization.""
    }
  ],
  ""visual_anchors"": {
    ""start_timestamp"": ""00:16"",
    ""end_timestamp"": ""00:45""
  }
}
```"
"This is a **goblet squat**, which specifically targets the quadriceps (the large muscles in the front of the thigh). To perform this exercise:

1.  **Stance:** Stand with your feet hip-width apart and your toes pointed slightly outward.
2.  **Weight Placement:** Hold a single dumbbell vertically against your chest, cupping the top end with both hands.
3.  **The Movement:** Lower yourself into a squat by bending your hips and knees. 
4.  **Targeting the Quads:** To emphasize the quads over the glutes, aim to keep your torso upright throughout the movement and allow your knees to travel forward over your toes as you descend.

**A Note of Caution:** As the video notes, this specific variation places significant strain on the knee joints. If you have limited ankle mobility or a history of knee pain, this exercise may not be suitable for you.","```json
{
  ""exercise"": ""goblet_squat"",
  ""rep_count"": 6,
  ""estimated_load"": ""moderate"",
  ""overall_rating"": 9,
  ""good"": [
    {
      ""aspect"": ""Foot Stability"",
      ""detail"": ""Full foot contact with the floor; no heel lift observed throughout the movement.""
    },
    {
      ""aspect"": ""Knee Tracking"",
      ""detail"": ""Knees track perfectly in line with toes, showing no signs of medial collapse (valgus).""
    },
    {
      ""aspect"": ""Spinal Alignment"",
      ""detail"": ""Maintained a neutral spine and upright torso throughout the descent and ascent.""
    }
  ],
  ""needs_improvement"": [
    {
      ""aspect"": ""Depth Consistency"",
      ""detail"": ""While depth is excellent, consistent hip crease position at the bottom of each rep is slightly variable.""
    }
  ],
  ""visual_anchors"": {
    ""start_timestamp"": ""00:00"",
    ""end_timestamp"": ""00:51""
  }
}
```"
"This video provides a tutorial on the proper way to set up for a back squat. The presenter, Doug, provides the following key tips:

1.  **Bar Height:** Set the bar slightly above chest level. This makes it easier to rack and unrack the bar.
2.  **Positioning:** Use the knurling (the textured middle part of the bar) to center yourself. This ensures your body is properly aligned.
3.  **The ""Shelf"":** When stepping under the bar, get it low on your back and slide it upward until it clicks into place. This ""shelf"" on your upper back supports the weight and avoids putting pressure on your vertebrae.
4.  **Unracking:** Once the bar is set in place, you can unrack it to begin your squat.","```json
{
  ""exercise"": ""barbell_back_squat"",
  ""rep_count"": 1,
  ""estimated_load"": ""light"",
  ""overall_rating"": 9,
  ""good"": [
    {
      ""aspect"": ""Bar Positioning"",
      ""detail"": ""The athlete demonstrates excellent placement of the bar on the posterior deltoids, avoiding contact with the cervical vertebrae.""
    },
    {
      ""aspect"": ""Controlled Descent"",
      ""detail"": ""The eccentric phase is smooth and controlled, maintaining spinal neutrality.""
    },
    {
      ""aspect"": ""Hip Depth"",
      ""detail"": ""The hip crease clearly descends below the top of the patella, achieving full depth.""
    }
  ],
  ""needs_improvement"": [
    {
      ""aspect"": ""Safety Considerations"",
      ""detail"": ""The safety pins are positioned quite low. For a heavy attempt, these should be adjusted higher to ensure the bar can be safely dumped if a rep fails.""
    }
  ],
  ""visual_anchors"": {
    ""start_timestamp"": ""00:46"",
    ""end_timestamp"": ""00:53""
  }
}
```"
"This video captures a historic moment in powerlifting: Ray Williams successfully completing a massive 490 kg (1080.26 lbs) squat at the Arnold Sports Festival. 

Here are the key aspects of the lift:

*   **Execution:** Williams approaches the bar with focus and intensity, supported by his team. After un-racking the enormous weight, he maintains a solid, controlled descent, hits the proper depth required for a valid squat, and powers back up to a fully upright standing position.
*   **The Reaction:** Once he racks the weight, the sheer difficulty and impressiveness of the feat become immediately clear. The crowd erupts in cheers, and the commentators exclaim, ""You just witnessed history!"" Clearly, this was a significant and record-breaking achievement that set a new benchmark for the sport.
*   **Technical Gear:** Williams is equipped with typical competitive powerlifting gear, including a weightlifting belt and knee sleeves, which provide necessary support and stability for handling such extreme loads.

The video captures not just the physical feat, but the electric atmosphere and the significance of a professional athlete pushing the absolute limits of human strength.","```json
{
  ""exercise"": ""barbell_back_squat"",
  ""rep_count"": 1,
  ""estimated_load"": ""heavy"",
  ""overall_rating"": 8,
  ""good"": [
    {
      ""aspect"": ""Foot Stability"",
      ""detail"": ""Excellent ground contact with no noticeable heel or toe lift throughout the eccentric or concentric phases.""
    },
    {
      ""aspect"": ""Knee Path"",
      ""detail"": ""Stable knee tracking over the toes with no medial collapse (valgus), maintaining proper alignment.""
    },
    {
      ""aspect"": ""Depth"",
      ""detail"": ""Clearly achieved legal depth, with the hip crease descending well below the superior border of the patella.""
    }
  ],
  ""needs_improvement"": [
    {
      ""aspect"": ""Lumbar Stability"",
      ""detail"": ""Mild posterior pelvic tilt ('butt wink') observed at the very bottom of the squat, common with extreme loading.""
    },
    {
      ""aspect"": ""Torso Angle"",
      ""detail"": ""Minor forward torso lean during the transition from the bottom of the squat, requiring a strong upper back drive.""
    }
  ],
  ""visual_anchors"": {
    ""start_timestamp"": ""00:54"",
    ""end_timestamp"": ""01:04""
  }
}
```"
"The man in the video is performing a back squat, a common exercise for strengthening the legs and glutes. He approaches the squat rack, positions the barbell on his upper back, and then performs a series of repetitions. For each rep, he maintains a controlled movement, lowering his body by bending at the hips and knees until his thighs are roughly parallel to the floor, and then returning to a standing position. He maintains a good posture throughout, keeping his back straight and his core engaged. After completing several repetitions, he carefully replaces the barbell onto the rack hooks.","```json
{
  ""exercise"": ""barbell_back_squat"",
  ""rep_count"": 5,
  ""estimated_load"": ""moderate"",
  ""overall_rating"": 8,
  ""good"": [
    {
      ""aspect"": ""Heel Stability"",
      ""detail"": ""The heels remain firmly planted throughout all repetitions, ensuring a stable base.""
    },
    {
      ""aspect"": ""Controlled Descent"",
      ""detail"": ""The eccentric phase is well-controlled and steady, indicating good motor control.""
    }
  ],
  ""needs_improvement"": [
    {
      ""aspect"": ""Depth"",
      ""detail"": ""The squat depth is inconsistent; most repetitions are at or slightly above parallel, missing the depth required to engage the glutes effectively.""
    },
    {
      ""aspect"": ""Spinal Alignment"",
      ""detail"": ""There is a slight forward lean of the torso as the bar travels, which can place unnecessary strain on the lower back.""
    }
  ],
  ""visual_anchors"": {
    ""start_timestamp"": ""00:18"",
    ""end_timestamp"": ""00:39""
  }
}
```"
"The video demonstrates a bodyweight squat, emphasizing proper form and technique:

**Key Components of the Squat:**
* **Stance:** The feet should be positioned to provide a stable base.
* **Core and Back:** Maintain an upright and straight back throughout the entire movement.
* **Movement:** Begin by sitting back with your hips, as if reaching for a chair. This movement helps ensure the weight is properly distributed through the heels.
* **Knee Alignment:** It is crucial to keep the knees aligned over the toes throughout the exercise.
* **Depth:** The goal is to lower your hips toward a parallel position relative to the floor.
* **Return:** From the lowest point, push back up to the starting position in a controlled motion.

**Muscles Targeted:**
The squat is a highly effective, full-body exercise that engages several major muscle groups, including:
* Gluteus maximus
* Hamstrings
* Quadriceps
* Abdominals
* Erector spinae (muscles along the spine)","```json
{
  ""exercise"": ""barbell_back_squat"",
  ""rep_count"": 1,
  ""estimated_load"": ""light"",
  ""overall_rating"": 9,
  ""good"": [
    {
      ""aspect"": ""Heel Stability"",
      ""detail"": ""The athlete maintains full foot contact throughout the movement with no visible heel lift.""
    },
    {
      ""aspect"": ""Knee Mechanics"",
      ""detail"": ""Excellent knee tracking; there is no medial collapse (valgus) detected.""
    },
    {
      ""aspect"": ""Upper Body Position"",
      ""detail"": ""The torso remains upright and stable throughout the descent and ascent.""
    }
  ],
  ""needs_improvement"": [
    {
      ""aspect"": ""Depth"",
      ""detail"": ""While the athlete reaches a good depth, the crease of the hip barely reaches parallel; minor increase in depth would ensure full range of motion.""
    }
  ],
  ""visual_anchors"": {
    ""start_timestamp"": ""00:34"",
    ""end_timestamp"": ""00:40""
  }
}
```"
"This video shows two men performing barbell squats. The exercise is performed using a squat rack, which provides a measure of safety while squatting heavy weights. Here's a breakdown of the form:

* **Setup:** Both lifters are standing in a squat rack, the bar is positioned on their back.
* **Execution:**
    * The first lifter performs his squats with good control and maintains a solid stance.
    * The second lifter also performs the exercise, but seems to struggle slightly more with his form.
* **Safety:** Both lifters are using a spotter, which is essential when performing heavy squats. The spotter is ready to assist if necessary, which is a key safety measure in weight training. 

Overall, the video shows a good example of two people training together and helping each other out to perform the exercise safely and effectively.","```json
{
  ""exercise"": ""barbell_back_squat"",
  ""rep_count"": 6,
  ""estimated_load"": ""heavy"",
  ""overall_rating"": 7,
  ""good"": [
    {
      ""aspect"": ""Safety"",
      ""detail"": ""Both athletes utilize safety pins in a rack, and a spotter is present to assist with potential failure.""
    },
    {
      ""aspect"": ""Stability"",
      ""detail"": ""Heels remain in contact with the ground throughout the movement, providing a solid base.""
    }
  ],
  ""needs_improvement"": [
    {
      ""aspect"": ""Depth"",
      ""detail"": ""Several repetitions are high, failing to reach the required parallel depth where the hip crease is below the top of the patella.""
    },
    {
      ""aspect"": ""Lumbar & Pelvic Tilt"",
      ""detail"": ""Some participants exhibit 'butt wink' (posterior pelvic tilt) at the bottom of the movement due to limited hip mobility.""
    },
    {
      ""aspect"": ""Upper Body"",
      ""detail"": ""Noticeable forward chest lean on some reps, indicating a potential weakness in the upper back or core stability under load.""
    }
  ],
  ""visual_anchors"": {
    ""start_timestamp"": ""00:05"",
    ""end_timestamp"": ""00:39""
  }
}
```"
"The video demonstrates a wall-facing squat, which is a technique used to improve squat form. Here's a breakdown of the exercise:

*   **Starting position:** You stand facing a wall with your toes positioned 1–2 inches away from it. You can place your hands on the wall for balance or, for a more challenging variation, hold weights or a medicine ball.
*   **The motion:** As you squat down, your focus should be on keeping your chest up and your back straight. The goal of standing so close to the wall is to prevent your knees from moving too far forward, which forces you to sit back and maintain an upright torso. This helps ensure that your glutes, hamstrings, and quads are engaged correctly throughout the movement.
*   **Benefits:** This drill is excellent for developing proper squat mechanics, especially for individuals who tend to lean too far forward or struggle with knee stability during traditional squats. 

By keeping your torso upright and pushing your hips back, you can achieve a more effective and safer squat.","```json
{
  ""exercise"": ""wall_squat"",
  ""rep_count"": 1,
  ""estimated_load"": ""bodyweight"",
  ""overall_rating"": 8,
  ""good"": [
    {
      ""aspect"": ""Knee Path"",
      ""detail"": ""The knees are well-controlled throughout the descent, showing no signs of medial collapse (valgus).""
    },
    {
      ""aspect"": ""Upper Body Alignment"",
      ""detail"": ""The torso maintains a strong, upright position throughout the movement, preventing unnecessary chest forward lean.""
    }
  ],
  ""needs_improvement"": [
    {
      ""aspect"": ""Depth"",
      ""detail"": ""The squat depth is relatively shallow; aiming for a hip crease slightly below the top of the patella would increase the range of motion and muscle recruitment.""
    },
    {
      ""aspect"": ""Full Range of Motion"",
      ""detail"": ""The user stops quite early in the descent; deeper flexion at the hip and knee is required to perform a full, standard wall squat.""
    }
  ],
  ""visual_anchors"": {
    ""start_timestamp"": ""00:05"",
    ""end_timestamp"": ""00:13""
  }
}
```"
"The person in the video is performing a back squat, but with several technical issues:

*   **Incomplete Range of Motion:** The most significant issue is that the squat is extremely shallow, often referred to as a ""partial squat."" The lifter does not descend anywhere near parallel.
*   **Excessive Forward Lean:** The lifter leans their torso significantly forward, shifting the focus away from the quads and placing excessive strain on the lower back.
*   **Lack of Depth:** The repetition stops well above the point where the thighs are parallel to the floor, which is the standard for a full squat.
*   **Form Breakdown:** The posture appears unstable, with the lifter struggling to maintain a neutral spine.

**Recommendation:** To improve this squat and reduce the risk of injury, the lifter should focus on:
1.  **Lowering the weight:** This will allow for proper form and a full range of motion.
2.  **Working on mobility:** Improving ankle, hip, and thoracic spine mobility will help in achieving a deeper, more upright position.
3.  **Core bracing:** Learning to properly brace the core throughout the movement to protect the lower back.
4.  **Seek professional guidance:** Consulting with a certified trainer to learn the correct mechanics of a back squat would be highly beneficial.","```json
{
  ""exercise"": ""barbell_back_squat"",
  ""rep_count"": 1,
  ""estimated_load"": ""heavy"",
  ""overall_rating"": 8,
  ""good"": [
    {
      ""aspect"": ""Foot Stability"",
      ""detail"": ""The athlete maintains full foot contact with the floor throughout the entire movement, avoiding any heel lift or excessive rolling.""
    },
    {
      ""aspect"": ""Depth"",
      ""detail"": ""The hip crease successfully descends below the level of the patella, meeting the standard for a deep squat.""
    },
    {
      ""aspect"": ""Bar Path"",
      ""detail"": ""The bar follows a relatively vertical path, indicating a solid mid-foot center of gravity.""
    }
  ],
  ""needs_improvement"": [
    {
      ""aspect"": ""Lumbar Stability"",
      ""detail"": ""There is a slight 'butt wink' (posterior pelvic tilt) at the very bottom of the squat, suggesting the end range of motion is pushing the lumbar spine into flexion.""
    },
    {
      ""aspect"": ""Upper Body"",
      ""detail"": ""There is a minor degree of chest fall as the weight transitions out of the hole, likely due to fatigue or core bracing intensity.""
    }
  ],
  ""visual_anchors"": {
    ""start_timestamp"": ""00:09"",
    ""end_timestamp"": ""00:26""
  }
}
```"
"The video shows a man performing a set of back squats with a barbell. Here's a breakdown of the exercise:

*   **Setup:** He begins by positioning the barbell on his upper back, ensuring a stable foundation.
*   **Execution:** He squats down, maintaining a controlled descent until his thighs are roughly parallel to the floor or slightly below. During the ascent, he pushes through his heels to return to the standing position.
*   **Technique:** The lifter maintains a generally upright torso and keeps the bar path aligned over his midfoot throughout the movement, which are key indicators of good squat form. 
*   **Intensity:** This appears to be a challenging set, as evidenced by the lifter’s heavy breathing and the significant amount of weight on the barbell. 

Overall, this is a well-performed set of back squats, demonstrating good control and strength.","```json
{
  ""exercise"": ""barbell_back_squat"",
  ""rep_count"": 8,
  ""estimated_load"": ""heavy"",
  ""overall_rating"": 8,
  ""good"": [
    {
      ""aspect"": ""Bar Path"",
      ""detail"": ""The vertical bar path is consistent throughout the repetitions, showing excellent control and balance.""
    },
    {
      ""aspect"": ""Foot Stability"",
      ""detail"": ""Heels remain firmly planted on the ground throughout the movement, indicating good ankle mobility and weight distribution.""
    },
    {
      ""aspect"": ""Safety"",
      ""detail"": ""The lifter is using a power rack with safety pins set at an appropriate height, demonstrating good safety practices.""
    }
  ],
  ""needs_improvement"": [
    {
      ""aspect"": ""Depth"",
      ""detail"": ""While the squats are generally good, some reps hover right at parallel; ensuring a consistent hip crease depth below the patella on every rep would improve the exercise quality.""
    },
    {
      ""aspect"": ""Upper Body"",
      ""detail"": ""There is a slight forward lean of the chest as the fatigue sets in toward the later reps, which can put additional stress on the lower back.""
    }
  ],
  ""visual_anchors"": {
    ""start_timestamp"": ""00:05"",
    ""end_timestamp"": ""01:25""
  }
}
```"
"This video shows a person performing three repetitions of a back squat exercise. The individual is using a squat rack, a weight belt for support, and knee sleeves.

Key aspects of the form include:
* **Controlled Descent:** The lifter lowers the weight at a steady, controlled pace, maintaining a stable spine and hitting a good depth where the hip crease is below the knee.
* **Effective Drive:** The ascent is explosive, with the lifter pushing through their heels and engaging their glutes and quads to return to the starting position.
* **Stability:** The lifter demonstrates good control throughout the movement, with the barbell remaining balanced over their mid-foot and no noticeable shifting or wobbling.
* **Proper Breathing:** The lifter appears to be taking a deep breath and bracing their core before each repetition, which is critical for maintaining spinal stability under load.

Overall, the lifter is displaying good technique and form, which is essential for safely and effectively performing squats.","```json
{
  ""exercise"": ""barbell_back_squat"",
  ""rep_count"": 3,
  ""estimated_load"": ""heavy"",
  ""overall_rating"": 8,
  ""good"": [
    {
      ""aspect"": ""Foot and Ankle Stability"",
      ""detail"": ""The lifter maintains solid contact with the ground; no visible heel lift throughout the repetitions.""
    },
    {
      ""aspect"": ""Knee Path"",
      ""detail"": ""Good control over lateral stability; there is no evidence of valgus collapse.""
    },
    {
      ""aspect"": ""Depth"",
      ""detail"": ""Consistently hits or breaks parallel, meeting the depth requirement for a standard squat.""
    }
  ],
  ""needs_improvement"": [
    {
      ""aspect"": ""Upper Body / Bar Path"",
      ""detail"": ""Noticeable forward chest fall as the lifter fatigues, which shifts the center of gravity and increases lower back stress.""
    },
    {
      ""aspect"": ""Pelvic Positioning"",
      ""detail"": ""Slight 'butt wink' (posterior pelvic tilt) is present at the very bottom of the squat, suggesting limited hamstring or glute mobility at that depth.""
    }
  ],
  ""visual_anchors"": {
    ""start_timestamp"": ""00:01"",
    ""end_timestamp"": ""00:29""
  }
}
```"
"The individual in the video is performing a back squat, but their technique is improper and unsafe. Here are some key points regarding the form:

*   **Unsupported Bar:** The barbell is not resting on the person's shoulders or back, but is instead being held by their hands in a way that suggests they are trying to ""squat"" underneath it while it is suspended, rather than performing a standard barbell squat.
*   **Lack of Control:** The weight is bouncing off the safety bars of the rack. This indicates that the individual is not in control of the bar and is using the rack's safety mechanisms as a support for the weight rather than moving the weight through a controlled range of motion.
*   **Incomplete Movement:** The individual is not performing a full range of motion. They appear to be struggling to maintain balance and are not effectively engaging the necessary muscle groups.
*   **Injury Risk:** This form of training is extremely dangerous. There is a high risk of injury to the spine, shoulders, and joints due to the lack of stability and improper execution of the lift.

**Important Note:** Please do not attempt to replicate this movement. If you are interested in learning how to perform a proper barbell back squat, consider the following:

1.  **Seek Professional Instruction:** Work with a certified personal trainer or a strength and conditioning coach who can teach you the correct mechanics of the squat.
2.  **Start with Proper Setup:** The barbell should be properly positioned on the upper back (on the traps), with a stable stance and core engagement before beginning the descent.
3.  **Focus on Form:** Prioritize form over weight. Ensure you are hitting the proper depth and maintaining a neutral spine throughout the entire movement.
4.  **Use Safety Equipment Correctly:** Safety bars should be used as a last resort in case of a failed lift, not as a support for the bar during the exercise.","```json
{
  ""exercise"": ""barbell_back_squat"",
  ""rep_count"": 1,
  ""estimated_load"": ""heavy"",
  ""overall_rating"": 7,
  ""good"": [
    {
      ""aspect"": ""Foot Stability"",
      ""detail"": ""The athlete maintains excellent heel contact throughout the movement, aided by the use of weightlifting shoes.""
    },
    {
      ""aspect"": ""Bar Path"",
      ""detail"": ""The bar maintains a relatively vertical path, indicating good control over the center of mass.""
    }
  ],
  ""needs_improvement"": [
    {
      ""aspect"": ""Lumbar Stability"",
      ""detail"": ""There is noticeable posterior pelvic tilt (butt wink) at the bottom of the squat, suggesting limited hip or ankle mobility.""
    },
    {
      ""aspect"": ""Depth"",
      ""detail"": ""The hip crease does not clearly break the plane below the top of the patella, resulting in a shallow squat.""
    },
    {
      ""aspect"": ""Safety"",
      ""detail"": ""The safety pins are set too low to provide any meaningful protection in the event of a failed rep or balance loss.""
    }
  ],
  ""visual_anchors"": {
    ""start_timestamp"": ""00:01"",
    ""end_timestamp"": ""00:19""
  }
}
```"
"The person in the video is performing a barbell back squat. Here’s a breakdown of the form:

*   **Execution:** They descend into a squat and then place the barbell onto the rack safety pins.
*   **Safety Note:** This setup appears to be a ""pin squat,"" where the barbell is resting on the safety pins of a power rack at the bottom of the movement.
*   **Form Observations:** 
    *   **Control:** The descent is controlled.
    *   **Range of Motion:** They reach a good depth, with the thighs roughly parallel to the ground.
    *   **Stance:** The feet are shoulder-width apart, which is a standard stance for back squats.
    *   **Equipment:** The individual is wearing a lifting belt, which helps with core stability, and lifting shoes, which provide a stable base and heel elevation.

**Important Considerations:** 
*   **""Touching"" the Pins:** When performing pin squats, it is generally recommended to control the weight all the way down and allow the bar to rest on the pins momentarily before driving back up, rather than using the pins as a ""bounce"" point. 
*   **Rack Safety:** Ensure your rack is stable and the safety pins are set at the appropriate height for your specific anatomy so you can safely bail or rest the weight if needed.

If you are new to this variation, it is always a good idea to start with lighter weight to master the tempo and ensure you are comfortable with the setup in the rack. Always consult with a certified personal trainer or qualified coach if you are uncertain about your technique.","```json
{
  ""exercise"": ""barbell_back_squat"",
  ""rep_count"": 1,
  ""estimated_load"": ""heavy"",
  ""overall_rating"": 8,
  ""good"": [
    {
      ""aspect"": ""Range of Motion"",
      ""detail"": ""Excellent depth achieved, with the hip crease clearly breaking the plane of the knee.""
    },
    {
      ""aspect"": ""Bar Path"",
      ""detail"": ""Maintained a consistent vertical path over the mid-foot throughout the movement.""
    }
  ],
  ""needs_improvement"": [
    {
      ""aspect"": ""Heel Stability"",
      ""detail"": ""There is slight posterior shifting and instability at the bottom of the squat, suggesting a minor loss of contact through the mid-foot.""
    },
    {
      ""aspect"": ""Back Angle"",
      ""detail"": ""There is a noticeable amount of chest fall/torso lean, which, while common for certain anthropometry, increases the shear force on the lumbar spine.""
    }
  ],
  ""visual_anchors"": {
    ""start_timestamp"": ""00:06"",
    ""end_timestamp"": ""00:12""
  }
}
```"
"The person in the video is performing a **hanging leg raise** using a pull-up bar, not a squat. 

Here's how they are doing it:
* **Position:** They are hanging from a pull-up bar, gripping it with both hands.
* **Movement:** They lift their legs, bending at the hips and knees to bring their thighs toward their chest.
* **Technique:** They are engaging their core muscles to perform the movement, with their upper body remaining relatively still while the lower body moves.","```json
{
  ""exercise"": ""barbell_back_squat"",
  ""rep_count"": 1,
  ""estimated_load"": ""heavy"",
  ""overall_rating"": 8,
  ""good"": [
    {
      ""aspect"": ""Bar Path"",
      ""detail"": ""The bar maintains a relatively vertical path, suggesting good control over the center of mass.""
    },
    {
      ""aspect"": ""Depth"",
      ""detail"": ""The athlete achieves sufficient depth, with the hip crease descending below the top of the patella.""
    }
  ],
  ""needs_improvement"": [
    {
      ""aspect"": ""Heel Stability"",
      ""detail"": ""There is slight elevation of the heels at the bottom of the squat, suggesting restricted ankle dorsiflexion or improper weight distribution.""
    },
    {
      ""aspect"": ""Lumbar Stability"",
      ""detail"": ""Minor 'butt wink' (posterior pelvic tilt) is observed at the very bottom of the rep, likely due to reaching end-range hip mobility.""
    }
  ],
  ""visual_anchors"": {
    ""start_timestamp"": ""00:18"",
    ""end_timestamp"": ""00:23""
  }
}
```"
"This video shows a person performing a squat exercise, specifically what appears to be a Smith machine squat. Here are a few observations about their form:

*   **Smith Machine:** The bar is fixed within a vertical track, which provides stability but limits the natural bar path required in a free-weight back squat. 
*   **Form Concerns:** The person is leaning quite far forward, which puts significant stress on the lower back rather than focusing the load on the quadriceps and glutes. This is often called ""good morning"" squatting, where the hips rise too fast and the torso hinges forward.
*   **Foot Placement:** Their feet are placed somewhat close together and quite far forward. In a Smith machine, this setup can be beneficial for isolation, but if the form isn't strictly controlled, it can lead to excessive knee strain or, as seen here, excessive leaning.
*   **Depth:** They are achieving a decent depth, with their thighs nearly parallel to the floor, which is good for muscle engagement.

If you are looking to improve this exercise, consider adjusting your foot placement to be slightly wider and closer to the bar path to keep your torso more upright. You might also want to engage your core more actively throughout the movement to protect your spine. If you are experiencing pain or discomfort, it is highly recommended to consult with a certified personal trainer to ensure your form is safe and effective.","```json
{
  ""exercise"": ""barbell_back_squat"",
  ""rep_count"": 5,
  ""estimated_load"": ""heavy"",
  ""overall_rating"": 8,
  ""good"": [
    {
      ""aspect"": ""Foot Stability"",
      ""detail"": ""The athlete maintains good full-foot contact throughout the movement without visible heel lift.""
    },
    {
      ""aspect"": ""Knee Path"",
      ""detail"": ""There is no significant medial collapse (valgus); the knees track consistently over the toes.""
    },
    {
      ""aspect"": ""Bar Path"",
      ""detail"": ""The vertical path of the barbell remains relatively stable over the mid-foot.""
    }
  ],
  ""needs_improvement"": [
    {
      ""aspect"": ""Depth"",
      ""detail"": ""Several repetitions show the athlete failing to reach full parallel depth (hip crease below the top of the patella).""
    },
    {
      ""aspect"": ""Upper Body"",
      ""detail"": ""There is a slight forward lean of the torso, likely due to the limited mobility or stability required for deep squatting.""
    }
  ],
  ""visual_anchors"": {
    ""start_timestamp"": ""00:06"",
    ""end_timestamp"": ""00:23""
  }
}
```"
"The man in the video is performing a back squat with a barbell. Here are some observations about his technique:

*   **Setup:** He begins by positioning the barbell across his upper back and shoulders. He takes a step back from the rack to ensure he has enough space.
*   **Stance:** He maintains a shoulder-width stance with his feet pointed slightly outward.
*   **The Squat:** He initiates the movement by pushing his hips back and bending his knees. He descends until his thighs are roughly parallel to the floor, demonstrating good depth. His chest remains upright, and his back stays straight throughout the motion.
*   **The Return:** He pushes through his heels to stand back up, returning to the starting position.
*   **Completion:** After completing the rep, he takes a small step forward to re-rack the barbell safely. 

Overall, he demonstrates a controlled and proper form for a standard back squat.","```json
{
  ""exercise"": ""barbell_back_squat"",
  ""rep_count"": 1,
  ""estimated_load"": ""heavy"",
  ""overall_rating"": 8,
  ""good"": [
    {
      ""aspect"": ""Heel Stability"",
      ""detail"": ""The lifter maintains solid contact with the floor; there is no visible heel lift during the descent or ascent.""
    },
    {
      ""aspect"": ""Knee Path"",
      ""detail"": ""No medial knee collapse (valgus) is observed; the knees track over the toes consistently.""
    },
    {
      ""aspect"": ""Safety"",
      ""detail"": ""The lifter effectively utilizes safety spotter arms, ensuring a controlled rack and unracking process.""
    }
  ],
  ""needs_improvement"": [
    {
      ""aspect"": ""Depth"",
      ""detail"": ""The squat is slightly above parallel; the hip crease does not clearly drop below the top of the patella.""
    },
    {
      ""aspect"": ""Upper Body Angle"",
      ""detail"": ""There is a minor degree of forward chest lean during the ascent, likely due to the weight distribution and depth constraints.""
    }
  ],
  ""visual_anchors"": {
    ""start_timestamp"": ""00:03"",
    ""end_timestamp"": ""00:20""
  }
}
```"
"This is a squat depth test exercise designed to determine the maximum depth you can squat before your pelvis begins to rotate (commonly known as ""butt wink"").

**How to perform the test:**
*   **Setup:** You will need a stack of plates and a partner to observe your lower back.
*   **The Process:** 
    1. Perform a squat onto the stack of plates.
    2. Have your partner check if your pelvis rotates (the ""butt wink"").
    3. If there is no rotation, remove one plate and repeat the squat.
    4. Continue removing plates until you notice your pelvis starting to rotate.
    5. The highest stack height at which your pelvis remains neutral is your maximum squat depth.
*   **Final Measurement:** Once you reach the depth where your pelvis starts to rotate, measure the height of the remaining plates from the floor to the top of the stack. This measurement represents your optimal, safe squat depth.","```json
{
  ""exercise"": ""barbell_back_squat"",
  ""rep_count"": 1,
  ""estimated_load"": ""heavy"",
  ""overall_rating"": 8,
  ""good"": [
    {
      ""aspect"": ""Knee Path"",
      ""detail"": ""Knees demonstrate good tracking over the toes without significant valgus collapse throughout the descent.""
    },
    {
      ""aspect"": ""Depth"",
      ""detail"": ""Subject achieves a solid squat depth where the hip crease is effectively at or just below the level of the knee joint.""
    },
    {
      ""aspect"": ""Upper Body Mechanics"",
      ""detail"": ""The torso maintains a consistent angle with minimal chest forward lean, indicating good spinal alignment.""
    }
  ],
  ""needs_improvement"": [
    {
      ""aspect"": ""Pelvic Tilt"",
      ""detail"": ""There is a noticeable degree of 'butt wink' (posterior pelvic tilt) at the bottom of the squat, suggesting the end-range of controlled lumbar stability.""
    },
    {
      ""aspect"": ""Heel Stability"",
      ""detail"": ""Slight shifting of pressure distribution is observed in the feet during the transition into the lowest point of the squat.""
    }
  ],
  ""visual_anchors"": {
    ""start_timestamp"": ""01:01"",
    ""end_timestamp"": ""01:07""
  }
}
```"
"The video shows a man performing a barbell back squat. Here’s a breakdown of his form:

*   **Setup:** He begins by un-racking the barbell, placing it across his upper back (traps/rear delts). He takes a step back to position his feet, which are set roughly at shoulder-width.
*   **The Movement:** He initiates the squat by pushing his hips back and bending his knees simultaneously, descending until his thighs are roughly parallel to the ground.
*   **Depth:** He achieves good depth, with his hips dropping below his knee crease (below parallel), which is effective for engaging the glutes and quadriceps.
*   **Alignment:** Throughout the movement, his chest remains relatively upright, and his back stays straight. He maintains control on the descent and pushes back up through his heels.
*   **Completion:** He completes the repetition by extending his hips and knees until he reaches a full standing position. 

Overall, this is a technically sound back squat that demonstrates good control, proper depth, and stability.","```json
{
  ""exercise"": ""barbell_back_squat"",
  ""rep_count"": 5,
  ""estimated_load"": ""moderate-heavy"",
  ""overall_rating"": 7,
  ""good"": [
    {
      ""aspect"": ""Bar Path"",
      ""detail"": ""The vertical path of the barbell remains relatively consistent and aligned over the mid-foot throughout all repetitions.""
    },
    {
      ""aspect"": ""Depth"",
      ""detail"": ""Consistently hits or breaks parallel, with the hip crease dropping below the level of the patella.""
    }
  ],
  ""needs_improvement"": [
    {
      ""aspect"": ""Lumbar Stability"",
      ""detail"": ""There is noticeable posterior pelvic tilt (butt wink) at the bottom of the squat, suggesting limited hamstring flexibility or ankle mobility.""
    },
    {
      ""aspect"": ""Chest/Torso Angle"",
      ""detail"": ""The torso leans forward significantly as the set progresses, which may indicate a need to strengthen the core or upper back to maintain a more upright posture.""
    }
  ],
  ""visual_anchors"": {
    ""start_timestamp"": ""00:16"",
    ""end_timestamp"": ""00:40""
  }
}
```"
"The individual in the video is performing barbell back squats. The exercise starts with the lifter positioned under the barbell, which is resting on their upper traps. They begin by unracking the weight from the power rack, taking a few steps back to establish a stable stance. With feet approximately shoulder-width apart, they initiate the movement by hinging at the hips and bending the knees, lowering their torso while keeping their spine relatively neutral. They descend until their thighs are roughly parallel to the ground, pause briefly at the bottom, and then explosively drive back up to the starting position. After completing the final repetition, they step forward to rack the barbell safely. Throughout the set, the lifter maintains a controlled tempo, demonstrating good balance and core engagement.","{
  ""exercise"": ""barbell_back_squat"",
  ""rep_count"": 5,
  ""estimated_load"": ""moderate"",
  ""overall_rating"": 8,
  ""good"": [
    {
      ""aspect"": ""Bar Path"",
      ""detail"": ""The bar maintains a consistent, vertical path throughout all repetitions, which is optimal for stability.""
    },
    {
      ""aspect"": ""Foot Stability"",
      ""detail"": ""Heels remain firmly planted throughout the movement, indicating good balance and center of gravity management.""
    }
  ],
  ""needs_improvement"": [
    {
      ""aspect"": ""Range of Motion (Depth)"",
      ""detail"": ""The hip crease does not consistently break the plane of the knee, meaning the squats are slightly high.""
    },
    {
      ""aspect"": ""Pelvic Stability"",
      ""detail"": ""There is a slight 'butt wink' (posterior pelvic tilt) occurring at the bottom of the squat, likely due to limited hip/hamstring mobility.""
    }
  ],
  ""visual_anchors"": {
    ""start_timestamp"": ""00:08"",
    ""end_timestamp"": ""00:27""
  }
}"
"The user is performing a barbell back squat, a compound exercise primarily targeting the legs, hips, and lower back. Here's a breakdown of their technique:

* **Stance and Setup:** The user begins in a power rack with their feet slightly wider than shoulder-width apart, which is a common stance for back squats. The barbell is resting across their upper back.
* **Execution:**
    * **Descending Phase (Eccentric):** The user initiates the squat by hinging at the hips and bending their knees simultaneously, maintaining a relatively upright torso. They descend until their thighs are roughly parallel to the floor.
    * **Ascending Phase (Concentric):** The user drives through their heels to return to the starting standing position.
* **Form Observations:**
    * **Depth:** The user consistently hits a good depth, reaching a parallel position in each rep.
    * **Movement Pattern:** The movement appears smooth and controlled. The user maintains a stable core throughout the repetitions.
    * **Range of Motion:** They are performing a full range of motion, which is crucial for maximizing muscle engagement.

Overall, this appears to be a solid, well-executed set of barbell squats. The focus on controlled tempo and depth suggests good lifting technique.","{
  ""exercise"": ""barbell_back_squat"",
  ""rep_count"": 5,
  ""estimated_load"": ""moderate"",
  ""overall_rating"": 7,
  ""good"": [
    {
      ""aspect"": ""Depth"",
      ""detail"": ""The athlete consistently hits or exceeds parallel depth on every repetition, with the hip crease dropping clearly below the top of the patella.""
    },
    {
      ""aspect"": ""Safety"",
      ""detail"": ""Safety pins are set at an appropriate height, and the rack configuration is stable for solo training.""
    }
  ],
  ""needs_improvement"": [
    {
      ""aspect"": ""Torso Stability"",
      ""detail"": ""There is noticeable forward lean (chest fall) throughout the sets, which increases the moment arm on the lower back and shifts emphasis toward the posterior chain.""
    },
    {
      ""aspect"": ""Knee Mechanics"",
      ""detail"": ""Inconsistent knee tracking; slight medial movement (valgus) is visible during the ascent, particularly under fatigue on the final reps.""
    },
    {
      ""aspect"": ""Lumbar Stability"",
      ""detail"": ""Minor 'butt wink' (posterior pelvic tilt) is observed at the bottom of the squat, suggesting the athlete is nearing their end-range of hip mobility while maintaining a neutral spine.""
    }
  ],
  ""visual_anchors"": {
    ""start_timestamp"": ""00:06"",
    ""end_timestamp"": ""00:29""
  }
}"
"The man is performing a barbell squat. He begins in a standing position, with his feet slightly wider than his shoulders and his toes pointed slightly outward. He then lowers his body by bending his knees and hips, keeping his back straight and his chest up. He continues to descend until his thighs are roughly parallel to the floor, then drives back up to the starting position. He performs several repetitions of this movement.","```json
{
  ""exercise"": ""barbell_back_squat"",
  ""rep_count"": 1,
  ""estimated_load"": ""heavy"",
  ""overall_rating"": 8,
  ""good"": [
    {
      ""aspect"": ""Bar Path"",
      ""detail"": ""The vertical path of the barbell is consistent and stable throughout the movement.""
    },
    {
      ""aspect"": ""Foot Stability"",
      ""detail"": ""Heels remain firmly planted on the ground, indicating good ankle mobility and weight distribution.""
    },
    {
      ""aspect"": ""Safety"",
      ""detail"": ""The lifter is using a squat rack with safety pins set at an appropriate height.""
    }
  ],
  ""needs_improvement"": [
    {
      ""aspect"": ""Depth"",
      ""detail"": ""The hip crease does not clearly break the parallel plane of the top of the patella.""
    },
    {
      ""aspect"": ""Torso Angle"",
      ""detail"": ""There is a slight forward lean of the chest during the ascent, which can shift focus to the lower back.""
    }
  ],
  ""visual_anchors"": {
    ""start_timestamp"": ""00:01"",
    ""end_timestamp"": ""00:37""
  }
}
```"
"This video shows an individual executing a set of five squats in a gym setting. 

They begin by stepping into the squat rack and positioning the barbell on their upper back. They proceed to perform five controlled repetitions, maintaining a steady pace throughout. After completing the fifth repetition, they rack the barbell and step away from the equipment, effectively concluding the set. The entire process is conducted in a standard, straightforward manner, typical of a structured workout routine.","```json
{
  ""exercise"": ""barbell_back_squat"",
  ""rep_count"": 5,
  ""estimated_load"": ""heavy"",
  ""overall_rating"": 8,
  ""good"": [
    {
      ""aspect"": ""depth"",
      ""detail"": ""The lifter consistently achieves adequate depth, with the hip crease falling below the knee joint line in every repetition.""
    },
    {
      ""aspect"": ""stability"",
      ""detail"": ""The feet remain planted with no visible heel lift throughout the concentric and eccentric phases, suggesting good ankle mobility.""
    },
    {
      ""aspect"": ""safety"",
      ""detail"": ""The lifter is using a squat rack with safety pins set at an appropriate height for the exercise.""
    }
  ],
  ""needs_improvement"": [
    {
      ""aspect"": ""lumbar stability"",
      ""detail"": ""There is a slight 'butt wink' (posterior pelvic tilt) visible at the bottom of the movement, likely due to reaching end-range hip flexion.""
    },
    {
      ""aspect"": ""torso angle"",
      ""detail"": ""There is a minor degree of chest fall as the lifter fatigues, causing the bar path to shift slightly forward rather than remaining strictly vertical over the midfoot.""
    }
  ],
  ""visual_anchors"": {
    ""start_timestamp"": ""00:20"",
    ""end_timestamp"": ""00:55""
  }
}
```"
"The person in the video is performing a back squat with a barbell. They start with the barbell across their upper back, lower themselves into a squat, and then push themselves back up to the starting position.","```json
{
  ""exercise"": ""barbell_back_squat"",
  ""rep_count"": 1,
  ""estimated_load"": ""heavy"",
  ""overall_rating"": 8,
  ""good"": [
    {
      ""aspect"": ""Stability"",
      ""detail"": ""The athlete maintains strong, flat foot contact throughout the movement with no observable heel lift.""
    },
    {
      ""aspect"": ""Controlled Descent"",
      ""detail"": ""The eccentric portion of the lift is well-controlled, indicating good tension and motor control.""
    }
  ],
  ""needs_improvement"": [
    {
      ""aspect"": ""Depth"",
      ""detail"": ""The athlete reaches parallel but does not quite pass the hip crease below the top of the patella, which is often standard for full squat depth.""
    },
    {
      ""aspect"": ""Bar Path"",
      ""detail"": ""There is a minor forward shift of the barbell as the athlete approaches the bottom, indicating a slight deviation from a perfectly vertical bar path.""
    }
  ],
  ""visual_anchors"": {
    ""start_timestamp"": ""00:08"",
    ""end_timestamp"": ""00:15""
  }
}
```"
"The man is performing a back squat, a fundamental strength training exercise. He has a barbell with weights loaded on his upper back, positioned across his trapezius muscles. 

Throughout the exercise, his movement is controlled and deliberate. He descends by flexing at the hips and knees, keeping his back straight and his core engaged to maintain stability. He lowers until his thighs are roughly parallel to the ground. From this position, he reverses the movement, pushing through his heels to return to a standing position. 

The use of knee sleeves suggests a focus on joint stability and support during this heavy lift. Overall, it's a well-executed squat that effectively targets the legs, including the quadriceps, hamstrings, and glutes, while engaging the core and back for stabilization.","```json
{
  ""exercise"": ""barbell_back_squat"",
  ""rep_count"": 1,
  ""estimated_load"": ""heavy"",
  ""overall_rating"": 8,
  ""good"": [
    {
      ""aspect"": ""Stability"",
      ""detail"": ""The lifter maintains excellent foot contact with the ground; there is no visible heel lift during the descent or ascent.""
    },
    {
      ""aspect"": ""Depth"",
      ""detail"": ""The hip crease clearly passes below the top of the patella, ensuring a full range of motion.""
    },
    {
      ""aspect"": ""Controlled Eccentric"",
      ""detail"": ""The descent is well-paced and controlled, showing good motor control under heavy load.""
    }
  ],
  ""needs_improvement"": [
    {
      ""aspect"": ""Lumbar Stability"",
      ""detail"": ""There is a slight rounding of the lower back at the very bottom of the squat, commonly known as 'butt wink', suggesting a need for improved posterior chain mobility or bracing.""
    },
    {
      ""aspect"": ""Chest Position"",
      ""detail"": ""There is a minor degree of chest fall as the lifter reaches the deepest point, indicating a slight shift of the center of mass forward.""
    }
  ],
  ""visual_anchors"": {
    ""start_timestamp"": ""00:00"",
    ""end_timestamp"": ""00:04""
  }
}
```"
"The individual in the video is performing a back squat, but with a few notable issues in form that could impact safety and effectiveness:

*   **Excessive Forward Lean:** Throughout the repetitions, the individual is leaning significantly forward, putting undue stress on the lower back rather than focusing the load on the legs.
*   **Heels Lifting:** There is a noticeable tendency for the heels to lift off the ground at the bottom of the squat. Proper squat form requires the weight to be distributed through the entire foot, with heels remaining firmly planted.
*   **Depth and Consistency:** While they are performing multiple repetitions, the lack of a stable base suggests that lowering the weight or focusing on ankle mobility and core bracing might allow for better control and proper depth.

Overall, the current form is unstable and places unnecessary strain on the lower back. It would be advisable to reduce the weight and work on maintaining an upright torso and keeping the heels planted to ensure a safer and more effective movement.","```json
{
  ""exercise"": ""barbell_back_squat"",
  ""rep_count"": 4,
  ""estimated_load"": ""heavy"",
  ""overall_rating"": 8,
  ""good"": [
    {
      ""aspect"": ""Bar Path"",
      ""detail"": ""Vertical bar path maintained throughout the vertical descent and ascent, suggesting good control of the center of gravity.""
    },
    {
      ""aspect"": ""Knee Stability"",
      ""detail"": ""Minimal medial collapse observed; knees track consistently over the toes.""
    },
    {
      ""aspect"": ""Depth"",
      ""detail"": ""Consistent hitting of parallel depth in all four repetitions.""
    }
  ],
  ""needs_improvement"": [
    {
      ""aspect"": ""Torso Angle"",
      ""detail"": ""Some slight forward chest fall observed during the ascent, particularly as fatigue sets in during the later reps.""
    },
    {
      ""aspect"": ""Heel Stability"",
      ""detail"": ""Slight shifting in the heels indicates potential room for improved grounding or ankle mobility.""
    }
  ],
  ""visual_anchors"": {
    ""start_timestamp"": ""00:00"",
    ""end_timestamp"": ""00:25""
  }
}
```"
"This squat appears to be a back squat, executed with good form and a focus on depth. Here are a few observations about the movement:

* **Stance:** The lifter uses a shoulder-width stance, which is standard for a back squat.
* **Range of Motion:** She achieves good depth, with her thighs roughly parallel to the floor at the bottom of the squat, which is the standard goal for a proper squat.
* **Control:** The descent is controlled, and she avoids bouncing at the bottom, which demonstrates good muscle control.
* **Form:** Her spine remains relatively neutral throughout the movement, and her heels stay planted, which are both crucial for maintaining stability and preventing injury. 
* **Equipment:** She is performing the exercise in a power rack, which is a safe practice as it provides a safety mechanism if the weight becomes too heavy.

Overall, this is a solid, well-executed back squat.","```json
{
  ""exercise"": ""barbell_back_squat"",
  ""rep_count"": 5,
  ""estimated_load"": ""moderate"",
  ""overall_rating"": 8,
  ""good"": [
    {
      ""aspect"": ""Knee alignment"",
      ""detail"": ""Knees maintain good alignment with the toes throughout the range of motion without significant valgus collapse.""
    },
    {
      ""aspect"": ""Heel stability"",
      ""detail"": ""Heels remain in firm contact with the floor throughout the entire movement.""
    },
    {
      ""aspect"": ""Depth"",
      ""detail"": ""Consistent depth achieved with the hip crease dropping below the level of the patella on every repetition.""
    }
  ],
  ""needs_improvement"": [
    {
      ""aspect"": ""Bar path"",
      ""detail"": ""Minor forward shifting of the torso/chest occurs at the bottom of the squat, suggesting the weight shifts slightly forward.""
    },
    {
      ""aspect"": ""Lumbar control"",
      ""detail"": ""Slight posterior pelvic tilt ('butt wink') is observed at the very bottom of the squat, which could be improved with better core bracing or ankle mobility.""
    }
  ],
  ""visual_anchors"": {
    ""start_timestamp"": ""00:18"",
    ""end_timestamp"": ""00:36""
  }
}
```"
"The person in the video is performing a back squat with a barbell. Here are some observations about their technique:

* **Stance and Setup:** They have a shoulder-width stance, which is a good, stable base for this exercise. The barbell is positioned comfortably across their upper back.
* **Movement:** They descend into the squat by bending at the hips and knees, maintaining a relatively upright torso. They reach a good depth, with their thighs parallel to the floor, which is generally recommended for maximizing muscle engagement.
* **Consistency:** They maintain a steady and controlled pace throughout each rep, which is excellent for form and safety.

Overall, this is a solid, well-executed set of back squats. They demonstrate good control and proper technique, which are key to getting the most out of this effective compound exercise.","```json
{
  ""exercise"": ""barbell_back_squat"",
  ""rep_count"": 5,
  ""estimated_load"": ""heavy"",
  ""overall_rating"": 8,
  ""good"": [
    {
      ""aspect"": ""Bar Path"",
      ""detail"": ""The vertical bar path is consistent, showing good control throughout the movement.""
    },
    {
      ""aspect"": ""Depth"",
      ""detail"": ""The athlete achieves consistent depth, consistently reaching or breaking parallel.""
    },
    {
      ""aspect"": ""Foot Stability"",
      ""detail"": ""Heels remain firmly planted on the floor with no signs of lift during the eccentric or concentric phases.""
    }
  ],
  ""needs_improvement"": [
    {
      ""aspect"": ""Lumbar Stability"",
      ""detail"": ""There is a slight 'butt wink' (posterior pelvic tilt) occurring at the bottom of the squat, suggesting a need for increased core bracing or improved hamstring flexibility.""
    },
    {
      ""aspect"": ""Thoracic Position"",
      ""detail"": ""The chest leans forward slightly during the ascent, indicating a potential weakness in thoracic extension or lower back stability under heavy load.""
    }
  ],
  ""visual_anchors"": {
    ""start_timestamp"": ""00:03"",
    ""end_timestamp"": ""00:40""
  }
}
```"
"The user is performing a low-bar barbell back squat in a rack. Here are a few observations about their form:

*   **Foot Position:** The user maintains a wide, stable stance throughout the repetition. 
*   **Depth:** They are achieving good depth, with the hips dropping slightly below the level of the knees, which indicates a full range of motion.
*   **Back Angle:** The torso remains relatively inclined, which is characteristic of the low-bar squat technique. This helps distribute the load effectively across the posterior chain.
*   **Bar Path:** The bar path appears to be relatively vertical, moving over the mid-foot, which is ideal for balance and efficiency. 
*   **Core Stability:** The use of a lifting belt suggests a focus on intra-abdominal pressure, which is crucial for spinal stabilization during heavy lifts.
*   **Safety:** The safety pins in the power rack are set at an appropriate height, providing a necessary precaution should they fail a repetition.

Overall, this is a controlled and technically sound squat. If you have any specific concerns about the movement or are looking for tips, feel free to ask!","```json
{
  ""exercise"": ""barbell_back_squat"",
  ""rep_count"": 1,
  ""estimated_load"": ""heavy"",
  ""overall_rating"": 8,
  ""good"": [
    {
      ""aspect"": ""Foot Stability"",
      ""detail"": ""The athlete maintains consistent heel contact with the floor throughout the entire range of motion.""
    },
    {
      ""aspect"": ""Depth"",
      ""detail"": ""The hip crease clearly descends below the top of the patella, satisfying the standard for full squat depth.""
    },
    {
      ""aspect"": ""Bar Path"",
      ""detail"": ""The vertical bar path remains largely stable, staying over the mid-foot during the eccentric and concentric phases.""
    }
  ],
  ""needs_improvement"": [
    {
      ""aspect"": ""Torso Angle"",
      ""detail"": ""There is a noticeable degree of forward chest lean at the bottom of the squat, which could put increased stress on the lower back under heavier loads.""
    },
    {
      ""aspect"": ""Knee Tracking"",
      ""detail"": ""Minor knee instability is present during the ascent; focusing on driving the knees outward (active external rotation) could improve stability.""
    }
  ],
  ""visual_anchors"": {
    ""start_timestamp"": ""00:05"",
    ""end_timestamp"": ""00:30""
  }
}
```"
"The user is performing barbell back squats using a Smith machine. 

In this exercise, the person stands with the barbell across their upper back/traps. They lower their hips by bending their knees, keeping their back straight and core engaged, until their thighs are roughly parallel to the floor, and then return to the starting standing position. The Smith machine provides stability, as the barbell is fixed to a vertical track. 

This is a functional lower-body exercise that primarily targets the quadriceps, glutes, and hamstrings, while also engaging the lower back and core for stabilization.","{
  ""exercise"": ""barbell_back_squat"",
  ""rep_count"": 5,
  ""estimated_load"": ""moderate"",
  ""overall_rating"": 7,
  ""good"": [
    {
      ""aspect"": ""Heel Stability"",
      ""detail"": ""The lifter maintains consistent heel contact with the floor throughout the entire movement, providing a solid base.""
    },
    {
      ""aspect"": ""Knee Path"",
      ""detail"": ""Knees track over the toes with no visible medial collapse or valgus movement.""
    }
  ],
  ""needs_improvement"": [
    {
      ""aspect"": ""Depth"",
      ""detail"": ""The lifter achieves parallel, but the hip crease does not clearly break the plane below the top of the patella.""
    },
    {
      ""aspect"": ""Lumbar Stability"",
      ""detail"": ""There is a slight rounding of the lower back (butt wink) at the bottom of the squat, suggesting limited hip mobility or core bracing issues.""
    },
    {
      ""aspect"": ""Chest Position"",
      ""detail"": ""The torso leans forward progressively as the depth increases, indicating a need for greater thoracic extension.""
    }
  ],
  ""visual_anchors"": {
    ""start_timestamp"": ""00:10"",
    ""end_timestamp"": ""00:30""
  }
}"
"The person in the video is performing a back squat, but with a few issues that may reduce the effectiveness and safety of the exercise:

*   **Range of motion:** The squats are quite shallow. A full squat should typically involve lowering your hips until your thighs are at least parallel to the floor, or slightly below. Shallow squats target the quadriceps but don't engage the glutes and hamstrings as effectively as a full-range squat.
*   **Posture:** The person is leaning forward significantly, which puts increased pressure on the lower back and shifts the focus away from the legs. Maintaining an upright torso is crucial for proper squatting form.
*   **Equipment:** The person is using a Smith machine. While this provides stability, it also forces the body into a fixed, unnatural movement path, which can be less effective for building functional strength compared to a free-weight barbell back squat.

For a safer and more effective squat, you should focus on:
1. **Lowering your hips more:** Aim to get your thighs parallel to the ground or slightly lower.
2. **Keeping your chest up:** This helps keep your spine in a neutral position and reduces strain on your lower back.
3. **Engaging your core:** Keeping your abdominal muscles tight throughout the movement will provide essential spinal support. 

If you are new to squatting, you may want to start with bodyweight squats or use a lighter weight on the barbell to ensure you have the proper form before increasing the intensity.","```json
{
  ""exercise"": ""barbell_back_squat"",
  ""rep_count"": 5,
  ""estimated_load"": ""moderate"",
  ""overall_rating"": 7,
  ""good"": [
    {
      ""aspect"": ""Bar path"",
      ""detail"": ""The bar maintains a relatively straight vertical path, consistent with an efficient movement pattern.""
    },
    {
      ""aspect"": ""Foot stability"",
      ""detail"": ""The lifter maintains solid contact with the floor, with no visible heel lift throughout the repetitions.""
    }
  ],
  ""needs_improvement"": [
    {
      ""aspect"": ""Depth"",
      ""detail"": ""The depth is slightly inconsistent; while some reps are adequate, others stop just above parallel, limiting full hip engagement.""
    },
    {
      ""aspect"": ""Lumbar/Pelvic position"",
      ""detail"": ""There is a noticeable degree of posterior pelvic tilt ('butt wink') at the bottom of the squat, suggesting a need for better core bracing or increased ankle mobility.""
    },
    {
      ""aspect"": ""Upper body positioning"",
      ""detail"": ""The chest drops slightly during the ascent, indicating a tendency to transition into a 'good morning' squat pattern under fatigue.""
    }
  ],
  ""visual_anchors"": {
    ""start_timestamp"": ""00:12"",
    ""end_timestamp"": ""00:36""
  }
}
```"
"This squat is performed using a Smith machine, which provides guided movement for the barbell. 

The person in the video has a slightly narrow stance and maintains a somewhat upright torso, which emphasizes the quadriceps muscles. During the movement, they keep their heels firmly planted, which is important for maintaining stability and balance. They complete several repetitions, lowering their body with a controlled tempo and pushing back up to the starting position.","```json
{
  ""exercise"": ""barbell_back_squat"",
  ""rep_count"": 1,
  ""estimated_load"": ""heavy"",
  ""overall_rating"": 8,
  ""good"": [
    {
      ""aspect"": ""Bar Path"",
      ""detail"": ""The barbell maintains a consistent vertical trajectory throughout the repetition.""
    },
    {
      ""aspect"": ""Knee Stability"",
      ""detail"": ""No observable medial collapse (valgus) during the eccentric or concentric phases.""
    }
  ],
  ""needs_improvement"": [
    {
      ""aspect"": ""Depth"",
      ""detail"": ""The hip crease does not clearly break the plane parallel to the top of the patella.""
    },
    {
      ""aspect"": ""Heel Stability"",
      ""detail"": ""There is slight posterior shifting of weight, placing emphasis more towards the mid-foot rather than full heel contact.""
    }
  ],
  ""visual_anchors"": {
    ""start_timestamp"": ""00:20"",
    ""end_timestamp"": ""00:37""
  }
}
```"
"The squat in the video is a back squat performed using a Smith machine. 

Here are a few observations about the form:

* **Stance:** The feet are positioned slightly ahead of the hips, which is common for Smith machine squats to allow for proper depth while maintaining balance.
* **Range of Motion:** You are hitting a good depth, with the thighs roughly parallel to the floor, which is the standard goal for a full squat.
* **Control:** The descent is controlled, and the bar travels in the fixed vertical plane typical of this machine.
* **Tips for improvement:**
    * **Spinal alignment:** As you reach the bottom of the squat, your back begins to round slightly (often called ""butt wink""). Focus on bracing your core more tightly to keep your spine in a neutral, straight position throughout the entire movement.
    * **Neck/Head:** You are looking up at the mirror. Try to maintain a neutral neck position by keeping your gaze slightly downward or forward, aligned with your torso. This prevents unnecessary strain on your cervical spine.
    * **Setup:** Because you are using a Smith machine, ensure that your feet aren't *too* far forward. While some distance is necessary, having them too far out can take the load off your quads and place it more on your lower back.

Overall, this is a solid, consistent set. Keeping the core engaged to maintain a flat back will make the exercise safer and more effective.","```json
{
  ""exercise"": ""barbell_back_squat"",
  ""rep_count"": 5,
  ""estimated_load"": ""moderate"",
  ""overall_rating"": 8,
  ""good"": [
    {
      ""aspect"": ""Heel stability"",
      ""detail"": ""The athlete maintains excellent ground contact throughout the movement with no visible heel lifting.""
    },
    {
      ""aspect"": ""Knee alignment"",
      ""detail"": ""The knees track consistently over the toes with no visible medial collapse (valgus).""
    },
    {
      ""aspect"": ""Depth"",
      ""detail"": ""The athlete achieves solid depth, consistently bringing the hip crease below the top of the patella.""
    }
  ],
  ""needs_improvement"": [
    {
      ""aspect"": ""Chest fall/Upper body"",
      ""detail"": ""There is a slight forward lean in the torso as the weight increases, suggesting minor core fatigue or mobility limitations.""
    },
    {
      ""aspect"": ""Butt wink"",
      ""detail"": ""Minor posterior pelvic tilt is visible at the bottom of the squat, indicating the athlete is reaching their current end-range of hip mobility.""
    }
  ],
  ""visual_anchors"": {
    ""start_timestamp"": ""00:12"",
    ""end_timestamp"": ""00:32""
  }
}
```"
"The person in the video is performing a back squat, but with significant form errors.

**Key Observations:**
* **Improper Form:** The individual is rounding their back and shifting their torso forward during the descent, which can place excessive stress on the spine.
* **Limited Range of Motion:** The squats are quite shallow; a standard squat typically involves descending until the thighs are at least parallel to the floor to fully engage the quads, hamstrings, and glutes.
* **Lack of Control:** The movement appears hurried, lacking the controlled descent and explosive ascent necessary for an effective squat.

**Recommendations:**
* **Lower the Weight:** It is likely that the weight is too heavy for the person to maintain proper technique. Reducing the weight would allow them to focus on correct form.
* **Correct the Posture:** The user should work on keeping their chest up, back straight, and core engaged throughout the movement to ensure safety and effectiveness.
* **Consult a Professional:** If you are the person in the video or planning to perform this exercise, it would be highly beneficial to work with a trainer or fitness professional to correct your technique and prevent potential injury.","{
  ""exercise"": ""barbell_back_squat"",
  ""rep_count"": 4,
  ""estimated_load"": ""moderate"",
  ""overall_rating"": 7,
  ""good"": [
    {
      ""aspect"": ""Bar Path"",
      ""detail"": ""The bar maintains a relatively vertical path directly over the midfoot throughout the movement.""
    },
    {
      ""aspect"": ""Foot Stability"",
      ""detail"": ""The heels remain planted firmly on the floor without any noticeable lifting during the ascent or descent.""
    }
  ],
  ""needs_improvement"": [
    {
      ""aspect"": ""Depth"",
      ""detail"": ""The lifter does not consistently reach parallel; the hip crease fails to descend below the top of the patella.""
    },
    {
      ""aspect"": ""Lumbar Stability"",
      ""detail"": ""There is a slight excessive forward lean of the torso, placing increased demand on the lower back.""
    }
  ],
  ""visual_anchors"": {
    ""start_timestamp"": ""00:04"",
    ""end_timestamp"": ""00:21""
  }
}"
"This individual is performing a standard back squat. They start by approaching the barbell, which is positioned on the rack. After getting underneath it, they step back to establish their stance, feet about shoulder-width apart. 

Throughout the movement, they maintain a controlled tempo, descending by bending at the hips and knees while keeping their back relatively straight. They reach a depth where their thighs are parallel to the floor before driving back up to the starting position. This cycle of descending and ascending is repeated multiple times, demonstrating consistent form and control over the weight. Once finished, they step back to place the barbell securely onto the rack.","```json
{
  ""exercise"": ""barbell_back_squat"",
  ""rep_count"": 5,
  ""estimated_load"": ""moderate"",
  ""overall_rating"": 8,
  ""good"": [
    {
      ""aspect"": ""Foot Stability"",
      ""detail"": ""The athlete maintains firm contact with the floor throughout the entire movement, with no signs of heel lift.""
    },
    {
      ""aspect"": ""Bar Path"",
      ""detail"": ""The vertical path of the barbell remains consistent and aligned over the mid-foot for all repetitions.""
    }
  ],
  ""needs_improvement"": [
    {
      ""aspect"": ""Range of Motion (Depth)"",
      ""detail"": ""While the athlete achieves a decent depth, the hip crease does not consistently break the plane of the knee, which would be ideal for full development.""
    },
    {
      ""aspect"": ""Lumbar Stability"",
      ""detail"": ""Minor rounding of the lower back (butt wink) is noticeable at the bottom of the squats, suggesting a need for better core bracing or increased ankle mobility.""
    }
  ],
  ""visual_anchors"": {
    ""start_timestamp"": ""00:12"",
    ""end_timestamp"": ""01:07""
  }
}
```"
"This video shows a user performing a heavy barbell back squat. 

The squat is a lower-body exercise that targets the quadriceps, hamstrings, and glutes. The user is using a squat rack for safety. Here are a few things to note about their form:

* **Stance:** The user has a shoulder-width stance, which is standard for a barbell back squat.
* **Range of Motion:** The user is hitting a decent depth, though they appear to be focusing on control rather than depth. 
* **Control:** They are using a slow, controlled tempo on the way down, which is good for muscle building and safety.
* **Safety:** Using a squat rack is essential for a movement like this to ensure that the user can safely fail a repetition if necessary. 

Overall, this is a solid display of a back squat exercise.","```json
{
  ""exercise"": ""barbell_back_squat"",
  ""rep_count"": 6,
  ""estimated_load"": ""heavy"",
  ""overall_rating"": 7,
  ""good"": [
    {
      ""aspect"": ""Foot Stability"",
      ""detail"": ""The lifter maintains excellent contact with the ground throughout all repetitions with no visible heel lift.""
    },
    {
      ""aspect"": ""Knee Tracking"",
      ""detail"": ""Knees track well over the toes without evidence of medial collapse (valgus).""
    }
  ],
  ""needs_improvement"": [
    {
      ""aspect"": ""Lumbar & Pelvic Position"",
      ""detail"": ""Noticeable posterior pelvic tilt, commonly known as 'butt wink,' occurs at the bottom of each repetition, indicating a need for better hip mobility or core bracing.""
    },
    {
      ""aspect"": ""Upper Body & Bar Path"",
      ""detail"": ""There is a slight forward lean of the torso as the bar path shifts slightly forward, likely due to a lack of core engagement or glute recruitment at the transition.""
    },
    {
      ""aspect"": ""Depth"",
      ""detail"": ""While the hips reach the parallel mark, the crease of the hip barely passes the top of the patella; aiming for slightly deeper, controlled reps would improve range of motion.""
    }
  ],
  ""visual_anchors"": {
    ""start_timestamp"": ""00:05"",
    ""end_timestamp"": ""00:37""
  }
}
```"
"The squat in the video is a back squat, which is a key compound exercise for lower-body strength. Here are a few observations about your technique:

* **Stance:** Your feet are about shoulder-width apart, which is a solid, stable base.
* **Depth:** You are reaching a good depth by breaking parallel, which is excellent for full engagement of the quads, hamstrings, and glutes. 
* **Control:** You are maintaining a controlled descent, which helps with stability.
* **Back Position:** Your back is remaining relatively flat, which is great for protecting your spine under load. 

**One area to consider for improvement:** 

Your **heels are coming off the floor** slightly at the bottom of the movement. This is a common issue often caused by limited ankle mobility or a shift in your center of gravity. When the heels lift, the weight shifts toward your toes, which can put more stress on your knees and reduce your ability to drive through your glutes.

**Try these tips to help keep your heels down:**
* **Ankle Mobility:** Incorporate ankle mobility stretches (like calf stretches or ankle circles) into your warm-up.
* **Shoe Choice:** Try lifting in shoes with a flatter, harder sole (like a dedicated weightlifting shoe or a firm sneaker) rather than a shoe with a cushioned, running-style heel. This provides a more stable base.
* **Focus on the ""Tripod Foot"":** Focus on distributing your weight evenly across three points of each foot: the heel, the base of your big toe, and the base of your pinky toe. Keep those points firmly planted throughout the entire movement. 

Overall, this is a strong squat! As always, consider consulting with a certified personal trainer to ensure your form is safe and effective for your specific body mechanics.","```json
{
  ""exercise"": ""barbell_back_squat"",
  ""rep_count"": 1,
  ""estimated_load"": ""heavy"",
  ""overall_rating"": 8,
  ""good"": [
    {
      ""aspect"": ""Bar Path"",
      ""detail"": ""The vertical path of the barbell remains consistent and centered over the mid-foot throughout the entire repetition.""
    },
    {
      ""aspect"": ""Safety"",
      ""detail"": ""The lifter is using safety pins positioned correctly, ensuring a secure environment for attempting a heavy load.""
    },
    {
      ""aspect"": ""Depth"",
      ""detail"": ""The hip crease successfully drops below the level of the patella, meeting the standard for a full squat.""
    }
  ],
  ""needs_improvement"": [
    {
      ""aspect"": ""Lumbar Spine"",
      ""detail"": ""There is a slight 'butt wink' at the bottom of the squat, suggesting a need for increased hip mobility or improved core bracing at peak depth.""
    },
    {
      ""aspect"": ""Upper Body"",
      ""detail"": ""The chest begins to lean forward slightly during the ascent, indicating a potential weakness in the upper back or glute engagement.""
    }
  ],
  ""visual_anchors"": {
    ""start_timestamp"": ""00:13"",
    ""end_timestamp"": ""00:16""
  }
}
```"
"The squat shown in the video is a high-bar back squat, often performed with a more upright torso compared to the low-bar squat. Here is an analysis of your current form:

### **Strengths**
* **Depth:** You are consistently hitting good depth, which is excellent for quadriceps development.
* **Consistency:** You maintain a steady tempo throughout the set, showing good control under the weight.

### **Areas for Improvement**
* **Torso Lean:** As you descend, your chest tends to drop forward significantly. While some forward lean is natural, keeping your chest up and your core braced will help maintain a more vertical torso. This will shift more of the load onto your quads and take stress off your lower back.
* **Knee Stability:** It looks like your knees may be slightly caving inward (valgus collapse) during the ascent. Focus on ""pushing your knees out"" throughout the entire movement. Imagine you are trying to spread the floor apart with your feet; this will help engage your glutes and keep your knees aligned over your toes.
* **Core Bracing:** Ensure you are taking a deep breath into your diaphragm (bracing your core as if you are about to take a punch) before every rep. This will help you maintain a neutral spine, especially as you reach the bottom of the squat.
* **Heel Contact:** Ensure your entire foot remains in contact with the ground throughout the movement. If you feel your heels lifting at the bottom, it could be due to limited ankle mobility. Working on calf and ankle flexibility, or wearing lifting shoes with a raised heel, can help keep you grounded.

### **Recommendations**
1. **Focus on ""Chest Up"":** Think about leading with your chest on the way up to prevent your torso from folding forward. 
2. **Knee Tracking:** Perform some warm-up sets without weight, focusing entirely on keeping your knees pushed out over your toes. You can place a resistance band around your knees to provide tactile feedback, which forces you to push outward against the resistance.
3. **Slow down the Eccentric:** Spend an extra second on the way down to ensure your form is perfect before exploding up.

Remember to prioritize quality of movement over weight. Consider dropping the weight slightly to master the form before increasing the load.","```json
{
  ""exercise"": ""barbell_back_squat"",
  ""rep_count"": 6,
  ""estimated_load"": ""heavy"",
  ""overall_rating"": 8,
  ""good"": [
    {
      ""aspect"": ""Bar Path"",
      ""detail"": ""The bar maintains a consistent, vertical path directly over the midfoot, indicating good center of mass control.""
    },
    {
      ""aspect"": ""Foot Stability"",
      ""detail"": ""No observable heel lift during any of the repetitions; the athlete remains grounded throughout the movement.""
    }
  ],
  ""needs_improvement"": [
    {
      ""aspect"": ""Depth"",
      ""detail"": ""The hip crease does not consistently break the plane of the patella, making these 'high' squats.""
    },
    {
      ""aspect"": ""Chest Position"",
      ""detail"": ""There is noticeable forward torso lean, leading to excessive chest fall as the repetitions progress, which shifts the emphasis toward the lower back.""
    },
    {
      ""aspect"": ""Butt Wink"",
      ""detail"": ""There is a minor degree of posterior pelvic tilt at the bottom of the squat, suggesting the current depth might be exceeding the athlete's current range of motion under load.""
    }
  ],
  ""visual_anchors"": {
    ""start_timestamp"": ""00:01"",
    ""end_timestamp"": ""00:26""
  }
}
```"
"The individual in the video performs three repetitions of a back squat. The exercise is executed with a barbell positioned across the upper back. 

Throughout the set, the following technique is observed:

*   **Stance and Depth:** The lifter uses a wider than shoulder-width stance and consistently reaches a parallel depth, with the thighs approximately parallel to the floor at the lowest point of each squat.
*   **Back Position:** The back remains straight throughout the movement, maintaining a neutral spine without excessive arching or rounding.
*   **Movement Path:** The bar path appears consistent, with the lifter descending in a controlled manner and driving back up to the starting position. 
*   **Equipment:** The lifter is wearing a weightlifting belt and tall socks, suggesting a focus on stability and performance.

The set is completed with the lifter successfully reracking the barbell into the squat cage after the third repetition.","```json
{
  ""exercise"": ""barbell_back_squat"",
  ""rep_count"": 3,
  ""estimated_load"": ""heavy"",
  ""overall_rating"": 8,
  ""good"": [
    {
      ""aspect"": ""Range of Motion"",
      ""detail"": ""The lifter achieves consistent depth across all three repetitions, with the hip crease consistently dropping below the top of the patella.""
    },
    {
      ""aspect"": ""Bar Path"",
      ""detail"": ""The vertical path of the barbell remains stable and is well-aligned over the mid-foot throughout the concentric and eccentric phases.""
    },
    {
      ""aspect"": ""Safety"",
      ""detail"": ""The lifter is using a power rack with safety pins set at an appropriate height, and correctly unracks and reracks the weight.""
    }
  ],
  ""needs_improvement"": [
    {
      ""aspect"": ""Lumbar Stability"",
      ""detail"": ""There is a minor degree of 'butt wink' (posterior pelvic tilt) observed at the very bottom of the squat, suggesting a need for better core bracing or hip mobility work.""
    },
    {
      ""aspect"": ""Spinal Alignment"",
      ""detail"": ""A slight forward lean of the torso is present during the drive up; maintaining a more vertical chest position could improve efficiency.""
    }
  ],
  ""visual_anchors"": {
    ""start_timestamp"": ""00:27"",
    ""end_timestamp"": ""00:46""
  }
}
```"
"The user performs a back squat in a gym. He is standing within a squat rack, with a barbell positioned across his upper back. He begins from a standing position, lowers his body by bending his knees and hips, and then returns to the starting position. He performs several repetitions of this movement.","```json
{
  ""exercise"": ""barbell_back_squat"",
  ""rep_count"": 3,
  ""estimated_load"": ""moderate"",
  ""overall_rating"": 8,
  ""good"": [
    {
      ""aspect"": ""Bar Path"",
      ""detail"": ""The bar maintains a relatively vertical path directly over the midfoot throughout the movement.""
    },
    {
      ""aspect"": ""Heel Stability"",
      ""detail"": ""Heels remain in firm contact with the floor throughout the entire range of motion.""
    },
    {
      ""aspect"": ""Knee Path"",
      ""detail"": ""The knees track well over the toes without significant valgus collapse.""
    }
  ],
  ""needs_improvement"": [
    {
      ""aspect"": ""Depth"",
      ""detail"": ""The lifter consistently stops just above parallel; increasing depth slightly would improve quad activation.""
    },
    {
      ""aspect"": ""Torso Lean"",
      ""detail"": ""There is a slight forward chest lean during the ascent, which places additional stress on the lower back.""
    }
  ],
  ""visual_anchors"": {
    ""start_timestamp"": ""00:09"",
    ""end_timestamp"": ""00:22""
  }
}
```"
"The video captures an individual performing a series of weighted squats. Here is a breakdown of the exercise:

*   **Setup:** The individual is positioned in a squat rack with a barbell on their shoulders. Heavy chains are hanging from each side of the barbell, which adds progressive resistance throughout the movement (as the squatter descends, the chains rest on the floor, lightening the load; as they stand, the weight increases).
*   **Technique:** The person maintains a stable posture, bracing their core before each descent. They lower their body by bending at the knees and hips, maintaining a neutral spine, and then driving upward through their heels to return to the starting standing position. 
*   **Execution:** The individual completes three repetitions in total, demonstrating controlled movement and good form throughout the set. They finish by carefully re-racking the barbell onto the squat rack supports.","```json
{
  ""exercise"": ""barbell_back_squat"",
  ""rep_count"": 3,
  ""estimated_load"": ""heavy"",
  ""overall_rating"": 8,
  ""good"": [
    {
      ""aspect"": ""Foot Stability"",
      ""detail"": ""The athlete maintains excellent ground contact with no visible heel lift throughout the movement.""
    },
    {
      ""aspect"": ""Controlled Tempo"",
      ""detail"": ""The eccentric phase is deliberate and controlled, showing good muscular tension management.""
    },
    {
      ""aspect"": ""Bar Path"",
      ""detail"": ""The bar maintains a consistent, vertical path over the mid-foot throughout all repetitions.""
    }
  ],
  ""needs_improvement"": [
    {
      ""aspect"": ""Depth"",
      ""detail"": ""The squats are slightly above parallel; increasing range of motion to reach the crease of the hip below the top of the knee would improve activation.""
    },
    {
      ""aspect"": ""Butt Wink"",
      ""detail"": ""Minor posterior pelvic tilt is visible at the very bottom of the squat, suggesting the need for improved ankle/hip mobility or a reduction in depth.""
    }
  ],
  ""visual_anchors"": {
    ""start_timestamp"": ""00:23"",
    ""end_timestamp"": ""00:46""
  }
}
```"
"This squat exercise is performed using a hack squat machine. Here's a breakdown of the form:

* **Starting Position:** The lifter steps onto the platform, leans back against the machine's backrest, and places their shoulders securely under the padded shoulder pads. They then push up to unlock the weight.
* **The Movement:** The lifter lowers themselves by bending their knees, aiming for a depth where their thighs are at least parallel to the platform. They maintain a straight back, pressing firmly against the back pad throughout the entire movement. 
* **Key Technique:** Throughout the repetitions, the lifter keeps their heels planted firmly on the platform. This is crucial for stability and maximizing engagement of the quadriceps. 
* **Ending the Set:** After completing the final repetition, the lifter stands back up and engages the machine's safety mechanism to lock the weight in place before stepping away. 

This machine is excellent for targeting the quads while providing more support for the back compared to a traditional barbell back squat.","```json
{
  ""exercise"": ""barbell_back_squat"",
  ""rep_count"": 5,
  ""estimated_load"": ""moderate"",
  ""overall_rating"": 8,
  ""good"": [
    {
      ""aspect"": ""bar_path"",
      ""detail"": ""The bar maintains a consistent vertical path over the mid-foot throughout the repetitions.""
    },
    {
      ""aspect"": ""stability"",
      ""detail"": ""Foot placement remains stable without visible heel lift, indicating good core and posterior chain engagement.""
    }
  ],
  ""needs_improvement"": [
    {
      ""aspect"": ""depth"",
      ""detail"": ""The lifter consistently stops just above parallel, failing to reach the required hip crease depth relative to the knee.""
    },
    {
      ""aspect"": ""torso_angle"",
      ""detail"": ""There is a slight excessive forward lean during the descent, placing additional load on the lower back.""
    }
  ],
  ""visual_anchors"": {
    ""start_timestamp"": ""00:07"",
    ""end_timestamp"": ""00:48""
  }
}
```"
"The individual in the video is performing barbell back squats using a Smith machine. 

They are using a narrow stance with their feet positioned directly underneath the bar. Throughout the movement, their torso remains quite upright, and the depth of each repetition is relatively shallow. This technique places a greater emphasis on the quadriceps rather than the glutes or hamstrings, which are more heavily involved in a deeper, wider-stance squat. 

While the form is consistent, performing squats with a very narrow stance can place increased stress on the knee joints. It is always important to ensure your knees are tracking over your toes and that you are maintaining a neutral spine throughout the lift.","```json
{
  ""exercise"": ""barbell_back_squat"",
  ""rep_count"": 4,
  ""estimated_load"": ""heavy"",
  ""overall_rating"": 8,
  ""good"": [
    {
      ""aspect"": ""Foot Stability"",
      ""detail"": ""The heels maintain solid contact with the floor throughout all repetitions, showing no signs of lifting.""
    },
    {
      ""aspect"": ""Knee Path"",
      ""detail"": ""No observable medial knee collapse (valgus); knees track well over the toes during the eccentric and concentric phases.""
    },
    {
      ""aspect"": ""Safety"",
      ""detail"": ""Safety pins are correctly positioned to support the barbell if a failure occurs.""
    }
  ],
  ""needs_improvement"": [
    {
      ""aspect"": ""Depth"",
      ""detail"": ""The squat depth is inconsistent; the hip crease does not consistently break the plane of the patella on every rep.""
    },
    {
      ""aspect"": ""Lumbar Stability"",
      ""detail"": ""There is a minor degree of posterior pelvic tilt ('butt wink') observed at the bottom of the movement, likely due to tight hamstrings or depth positioning.""
    },
    {
      ""aspect"": ""Upper Body"",
      ""detail"": ""The torso leans slightly forward as fatigue sets in on later repetitions, shifting more load onto the lower back.""
    }
  ],
  ""visual_anchors"": {
    ""start_timestamp"": ""00:03"",
    ""end_timestamp"": ""00:33""
  }
}
```"
"The user is performing a barbell back squat on a Smith machine. 

Regarding their technique:

* **Foot Placement:** The feet are positioned slightly forward of the bar's vertical path. This forces the torso to lean forward significantly throughout the movement.
* **Range of Motion:** The range of motion is quite limited; the user is performing ""half-squats,"" not reaching the standard depth of having the thighs parallel to the ground or below.
* **Bar Path:** Because this is a Smith machine, the bar travels along a fixed vertical track, which removes the need for stabilization required with a free-weight barbell.

**Recommendation:**
To improve the effectiveness and safety of this movement, it is recommended to:
1. **Increase Depth:** Aim for a full range of motion by lowering the hips until the thighs are at least parallel to the ground.
2. **Consult a Professional:** If you are new to squats, consider working with a certified personal trainer to ensure proper form, especially when moving toward using free weights or heavier loads, as these require significantly more core stability and technique.","```json
{
  ""exercise"": ""barbell_back_squat"",
  ""rep_count"": 5,
  ""estimated_load"": ""moderate"",
  ""overall_rating"": 8,
  ""good"": [
    {
      ""aspect"": ""Heel Stability"",
      ""detail"": ""The heels maintain solid contact with the floor throughout the entire movement, providing a stable base.""
    },
    {
      ""aspect"": ""Knee Path"",
      ""detail"": ""There is no visible medial collapse (valgus) during the descent or ascent; knees track appropriately over the toes.""
    },
    {
      ""aspect"": ""Bar Path"",
      ""detail"": ""The bar maintains a consistent, vertical path directly over the midfoot throughout the repetition.""
    }
  ],
  ""needs_improvement"": [
    {
      ""aspect"": ""Depth"",
      ""detail"": ""The squat depth is inconsistent; while some reps approach the parallel threshold, the hip crease does not reliably break the plane of the top of the patella.""
    },
    {
      ""aspect"": ""Lumbar Stability"",
      ""detail"": ""There is slight rounding of the lower back (butt wink) at the bottom of the movement, likely due to limited hip mobility at deeper ranges.""
    },
    {
      ""aspect"": ""Torso Angle"",
      ""detail"": ""There is a minor degree of chest fall as the lifter begins the ascent, shifting some of the load onto the lower back.""
    }
  ],
  ""visual_anchors"": {
    ""start_timestamp"": ""00:00"",
    ""start_timestamp_note"": ""The athlete initiates the set at the beginning of the video."",
    ""end_timestamp"": ""01:23"",
    ""end_timestamp_note"": ""The set concludes after the 5th repetition and re-racking of the bar.""
  }
}
```"
"The user is performing a barbell back squat, but with a few notable issues in technique. 

**Form Analysis:**
* **Range of Motion:** While the user descends, they are not hitting parallel (the point where the tops of the thighs are parallel to the floor). The squats are quite shallow. 
* **Back Position:** There is significant forward leaning throughout the movement, which puts extra strain on the lower back.
* **Foot Position:** The heels are lifting off the floor during the descent. This indicates poor ankle mobility, improper weight distribution, or a lack of stability, which can compromise the safety of the exercise.
* **Overall Stability:** Because the heels are lifting and the weight is shifting forward, the user appears unstable.

**Recommendations:**
* **Decrease the Weight:** The current weight is too heavy for the user to perform the movement safely and effectively. Using a lighter weight will allow for a full range of motion while maintaining proper form.
* **Improve Mobility:** The heel-lift issue suggests a need for better ankle mobility. The user could try wearing lifting shoes with a raised heel or perform ankle mobility drills to help keep the feet flat.
* **Focus on Form:** It's important to keep the core tight, the back neutral, and the weight balanced over the mid-foot. The user should practice with a lighter weight until they can hit parallel without their heels leaving the ground or their back rounding. 

As always, it is highly recommended to consult with a certified personal trainer or fitness professional to receive personalized guidance and ensure the exercise is performed safely.","{
  ""exercise"": ""barbell_back_squat"",
  ""rep_count"": 4,
  ""estimated_load"": ""moderate-to-heavy"",
  ""overall_rating"": 8,
  ""good"": [
    {
      ""aspect"": ""Bar Path"",
      ""detail"": ""The bar maintains a consistent, near-vertical path over the mid-foot throughout the repetitions.""
    },
    {
      ""aspect"": ""Stability"",
      ""detail"": ""The user maintains good heel contact with the floor, showing no signs of heel lift or instability.""
    },
    {
      ""aspect"": ""Safety"",
      ""detail"": ""The exercise is performed within a power rack with safety pins set at a reasonable height for emergency bailing.""
    }
  ],
  ""needs_improvement"": [
    {
      ""aspect"": ""Depth"",
      ""detail"": ""The squat depth is inconsistent; some repetitions are borderline or slightly above the parallel plane (hip crease not clearly below the top of the patella).""
    },
    {
      ""aspect"": ""Lumbar Control"",
      ""detail"": ""There is a slight hint of posterior pelvic tilt (butt wink) at the very bottom of the deeper repetitions.""
    }
  ],
  ""visual_anchors"": {
    ""start_timestamp"": ""00:15"",
    ""end_timestamp"": ""00:36""
  }
}"
"This video features a man performing a hack squat, a variation of the traditional squat that utilizes a specialized machine to focus more on the quadriceps while providing back support.

Throughout the exercise, the individual maintains good form, keeping his back pressed firmly against the back pad to ensure proper alignment and safety. He controls the movement, lowering the weight steadily before pushing through his legs to return to a standing position. This repetition is performed with a smooth, consistent rhythm, effectively targeting his leg muscles while minimizing strain on his lower back.","```json
{
  ""exercise"": ""barbell_back_squat"",
  ""rep_count"": 5,
  ""estimated_load"": ""moderate"",
  ""overall_rating"": 7,
  ""good"": [
    {
      ""aspect"": ""Heel stability"",
      ""detail"": ""Heels remain in contact with the floor throughout all repetitions, showing good ankle mobility.""
    },
    {
      ""aspect"": ""Bar path"",
      ""detail"": ""The bar maintains a relatively vertical path directly over the mid-foot.""
    }
  ],
  ""needs_improvement"": [
    {
      ""aspect"": ""Depth"",
      ""detail"": ""The hips do not reach the required depth (hip crease below the top of the patella) on the majority of repetitions, making them 'quarter' or 'half' squats.""
    },
    {
      ""aspect"": ""Lumbar & Pelvic alignment"",
      ""detail"": ""There is noticeable anterior pelvic tilt/excessive lordosis throughout the set; the user should focus on bracing their core to neutralize the spine.""
    },
    {
      ""aspect"": ""Safety/Form"",
      ""detail"": ""The safety pins are positioned too low to be effective; in a failure scenario, the current setup would not prevent the weight from crushing the user.""
    }
  ],
  ""visual_anchors"": {
    ""start_timestamp"": ""00:11"",
    ""end_timestamp"": ""00:37""
  }
}
```"
"The squat performed in the video has several notable technical issues:

*   **Excessive Forward Lean:** The lifter is leaning too far forward as they descend, which shifts the weight off the muscles of the lower body and puts significant, unnecessary strain on the lower back.
*   **Rounding of the Lower Back:** The back is not kept in a neutral, straight position. It rounds during the descent, which is a major form error that increases the risk of injury.
*   **Insufficient Depth:** The lifter does not reach an adequate depth. A standard squat should have the hips descend at least to the level of the knees (parallel). 
*   **Improper Bar Placement:** The barbell is positioned very high on the upper traps (neck area) rather than resting on the mid-traps or rear deltoids. This, combined with the forward lean, contributes to the instability and poor mechanics observed.

These issues combined suggest that the weight may be too heavy for the lifter's current level of strength or technical proficiency. It is highly recommended to reduce the weight, focus on maintaining a neutral spine, and practice proper bracing to ensure the movement is performed safely and effectively.","```json
{
  ""exercise"": ""barbell_back_squat"",
  ""rep_count"": 3,
  ""estimated_load"": ""heavy"",
  ""overall_rating"": 7,
  ""good"": [
    {
      ""aspect"": ""Knee Stability"",
      ""detail"": ""Knees demonstrate good tracking over the toes without significant valgus collapse.""
    },
    {
      ""aspect"": ""Depth"",
      ""detail"": ""The lifter achieves consistent depth, reaching or slightly exceeding the parallel position with the hip crease below the top of the patella.""
    }
  ],
  ""needs_improvement"": [
    {
      ""aspect"": ""Upper Body Posture"",
      ""detail"": ""There is noticeable forward lean (chest fall) as the lifter fatigues, shifting the center of mass forward.""
    },
    {
      ""aspect"": ""Lumbar & Pelvic Control"",
      ""detail"": ""Slight posterior pelvic tilt (butt wink) is observed at the bottom of the squat, suggesting a need for better core bracing or hip mobility work.""
    },
    {
      ""aspect"": ""Safety"",
      ""detail"": ""The safety pins are set, but the lifter is performing the movement in a manner where a failed rep could result in the bar resting awkwardly on the pins; ensure consistent technique throughout the entire range of motion.""
    }
  ],
  ""visual_anchors"": {
    ""start_timestamp"": ""00:00"",
    ""end_timestamp"": ""00:25""
  }
}
```"
"The user is performing a barbell back squat, but with a few notable issues in form and safety:

*   **Barefoot:** Squatting barefoot is generally fine if you have the proper stability, but it’s crucial to be on a stable, non-slip surface, which appears to be the case here.
*   **Safety Hazards:** The most significant issue is the lack of proper equipment use. The user is performing the squat inside a power rack without using the safety pins/arms. If they were to fail a rep, there would be nothing to catch the barbell, creating a dangerous situation. 
*   **Technique:** The squats appear to be performed with the heels significantly raised off the ground throughout the movement. This shifts the focus more toward the quadriceps but can also place extra stress on the knees. Additionally, some of the squats don't reach a full, controlled depth before ascending.
*   **Overall Recommendation:** For safety, it is highly recommended to set the safety pins of the power rack at an appropriate height before attempting any heavy squats. Additionally, focusing on maintaining heel contact with the ground or using weightlifting shoes with a raised heel can provide a more stable and effective squat movement.","```json
{
  ""exercise"": ""barbell_back_squat"",
  ""rep_count"": 5,
  ""estimated_load"": ""moderate"",
  ""overall_rating"": 7,
  ""good"": [
    {
      ""aspect"": ""Bar Path"",
      ""detail"": ""The bar maintains a relatively vertical path directly over the midfoot throughout the movement.""
    },
    {
      ""aspect"": ""Depth"",
      ""detail"": ""The athlete consistently achieves appropriate squat depth, with the hip crease dropping below the level of the knees.""
    }
  ],
  ""needs_improvement"": [
    {
      ""aspect"": ""Foot Stability"",
      ""detail"": ""The athlete is performing the squats while barefoot and balanced on the balls of the feet/toes, leading to significant heel lift and instability.""
    },
    {
      ""aspect"": ""Upper Body Positioning"",
      ""detail"": ""There is a noticeable degree of forward chest fall, likely as a compensatory mechanism for the elevated heels and shifting center of gravity.""
    }
  ],
  ""visual_anchors"": {
    ""start_timestamp"": ""00:07"",
    ""end_timestamp"": ""00:39""
  }
}
```"
"In the video, the user performs a set of 5 squats with 215 lbs on a Smith machine. 

Overall, the squat technique is quite good. Here is a breakdown of what the video shows:

* **Stance:** The user has a stable, wide stance with feet positioned securely.
* **Range of Motion:** They achieve a good, deep range of motion, consistently breaking parallel, which is excellent for full development of the glutes and quads.
* **Torso Position:** The torso remains relatively upright, which is good for maintaining a vertical bar path on the Smith machine.
* **Control:** Each repetition is performed with a controlled tempo, both on the descent and the ascent. 
* **Bar Path:** Because it's a Smith machine, the bar follows a fixed, vertical path, which allows the user to focus on their lower body mechanics without worrying about balancing the barbell.

**One minor suggestion:** While the form is solid, always ensure that your core is tightly braced before every repetition to protect your lower back, especially as you increase the weight.","```json
{
  ""exercise"": ""barbell_back_squat"",
  ""rep_count"": 5,
  ""estimated_load"": ""heavy"",
  ""overall_rating"": 8,
  ""good"": [
    {""aspect"": ""Bar Path"", ""detail"": ""Consistent vertical bar path over the mid-foot throughout the duration of the set.""},
    {""aspect"": ""Foot Stability"", ""detail"": ""The lifter maintains excellent contact with the ground, showing no signs of heel lift or shifting weight distribution.""},
    {""aspect"": ""Knee Mechanics"", ""detail"": ""No evidence of knee valgus (medial collapse) is present; knees track reliably over the toes.""}
  ],
  ""needs_improvement"": [
    {""aspect"": ""Depth"", ""detail"": ""The lifter consistently hits parallel but does not consistently break the plane of the hip crease below the top of the patella.""},
    {""aspect"": ""Upper Body Angle"", ""detail"": ""There is a noticeable degree of chest fall during the ascent of the final repetitions, suggesting a slight breakdown in core engagement under fatigue.""}
  ],
  ""visual_anchors"": {
    ""start_timestamp"": ""00:04"",
    ""end_timestamp"": ""00:43""
  }
}
```"
"The video shows a man performing a hack squat using a specific machine. He is wearing a dark t-shirt and camouflage patterned pants. 

The machine features a slanted track with a bar equipped with weight plates. The man starts by stepping into the machine, positioning his back against the padded support and placing the bar on his shoulders. He then performs two repetitions of a squat: 
- He lowers his body by bending his knees, moving along the track of the machine.
- He pushes back up to the starting position. 
- After the second repetition, he lowers the bar back to the machine's rack, disengages from it, and walks away. 

The exercise takes place in a home gym setting, with various sports-themed flags displayed on the wall behind the machine.","```json
{
  ""exercise"": ""barbell_back_squat"",
  ""rep_count"": 1,
  ""estimated_load"": ""heavy"",
  ""overall_rating"": 8,
  ""good"": [
    {
      ""aspect"": ""Stability"",
      ""detail"": ""Consistent foot contact with the floor throughout the movement, no visible heel lift.""
    },
    {
      ""aspect"": ""Depth"",
      ""detail"": ""The athlete achieves sufficient depth, with the hip crease dropping below the level of the patella.""
    }
  ],
  ""needs_improvement"": [
    {
      ""aspect"": ""Lumbar Stability"",
      ""detail"": ""Mild posterior pelvic tilt (butt wink) is present at the bottom of the movement, indicating limited hip mobility or core bracing.""
    },
    {
      ""aspect"": ""Bar Path"",
      ""detail"": ""There is a slight forward drift of the barbell during the ascent, suggesting a lack of vertical bar path maintenance.""
    }
  ],
  ""visual_anchors"": {
    ""start_timestamp"": ""00:04"",
    ""end_timestamp"": ""00:41""
  }
}
```"
"The man in the video is performing a back squat with a barbell. Here's a breakdown of the movement:

*   **Setup:** He begins by positioning the barbell on his upper back, with his feet roughly shoulder-width apart and toes pointed slightly outward. He’s wearing a weightlifting belt and knee sleeves for support.
*   **The Descent:** He initiates the squat by pushing his hips back and bending his knees simultaneously, ensuring his chest remains upright and his back stays straight. He descends until his thighs are roughly parallel to the floor, at which point he pauses momentarily.
*   **The Ascent:** He then drives through his heels, engaging his glutes and quads to push the weight back up to the starting position. 
*   **Safety:** He is performing this exercise inside a squat rack with the safety bars set in place, which is crucial for preventing injury in case he loses balance or can't complete the lift.","```json
{
  ""exercise"": ""barbell_back_squat"",
  ""rep_count"": 1,
  ""estimated_load"": ""heavy"",
  ""overall_rating"": 8,
  ""good"": [
    {
      ""aspect"": ""Heel Stability"",
      ""detail"": ""The heels remain firmly planted throughout the movement, aided by the elevation block.""
    },
    {
      ""aspect"": ""Knee Tracking"",
      ""detail"": ""Knees maintain good alignment with the toes throughout the descent and ascent.""
    },
    {
      ""aspect"": ""Controlled Descent"",
      ""detail"": ""The lifter maintains a steady, controlled tempo into the bottom position.""
    }
  ],
  ""needs_improvement"": [
    {
      ""aspect"": ""Lumbar Stability"",
      ""detail"": ""There is a minor degree of pelvic posterior tilt ('butt wink') at the very bottom of the squat.""
    },
    {
      ""aspect"": ""Depth"",
      ""detail"": ""The squat is parallel but barely hits the standard 'below patella' requirement; increasing depth slightly would improve mechanical engagement.""
    }
  ],
  ""visual_anchors"": {
    ""start_timestamp"": ""00:01"",
    ""end_timestamp"": ""00:20""
  }
}
```"
"The user performs a back squat with proper form, displaying good depth and controlled movement. Throughout the exercise, the user maintains a relatively upright torso and engages in a full range of motion. The stance is shoulder-width apart, and the barbell is positioned correctly on the upper back, demonstrating good stability.","```json
{
  ""exercise"": ""barbell_back_squat"",
  ""rep_count"": 1,
  ""estimated_load"": ""heavy"",
  ""overall_rating"": 8,
  ""good"": [
    {
      ""aspect"": ""Foot and heel stability"",
      ""detail"": ""The athlete maintains solid heel contact with the ground throughout the squat, indicating good ankle mobility and weight distribution.""
    },
    {
      ""aspect"": ""Knee path"",
      ""detail"": ""Knee tracking is excellent with no signs of medial collapse (valgus) during the descent or ascent.""
    },
    {
      ""aspect"": ""Safety protocol"",
      ""detail"": ""The rack's safety pins are set at an appropriate height, and the athlete demonstrates good control throughout the repetition.""
    }
  ],
  ""needs_improvement"": [
    {
      ""aspect"": ""Depth"",
      ""detail"": ""The hip crease does not clearly break the plane of the knee, making this a high-depth squat rather than a full parallel or below-parallel squat.""
    },
    {
      ""aspect"": ""Lumbar & Pelvic stability"",
      ""detail"": ""There is a slight anterior pelvic tilt transitioning into a mild 'butt wink' at the bottom of the movement as the athlete reaches for depth.""
    }
  ],
  ""visual_anchors"": {
    ""start_timestamp"": ""00:19"",
    ""end_timestamp"": ""00:35""
  }
}
```"
"The user is performing a back squat, which is a compound exercise that targets the lower body, particularly the quadriceps, hamstrings, and glutes. 

Here's a breakdown of the form:

* **Setup:** The user begins by approaching the barbell on the rack, positioning themselves underneath it, and lifting it off the supports by extending their legs. They then take a few steps back to establish their starting position.
* **Execution:** The user performs multiple repetitions. During each rep, they initiate the movement by pushing their hips back and bending their knees, lowering their torso while keeping their back straight and chest up. They descend until their thighs are roughly parallel to the ground.
* **Recovery:** At the bottom of the squat, the user drives through their heels to return to the starting standing position, fully extending their hips and knees.
* **Safety:** After completing the final rep, they step forward to guide the barbell back onto the rack, ensuring it is secure before stepping away.","```json
{
  ""exercise"": ""barbell_back_squat"",
  ""rep_count"": 6,
  ""estimated_load"": ""heavy"",
  ""overall_rating"": 8,
  ""good"": [
    {
      ""aspect"": ""Foot Stability"",
      ""detail"": ""Heels remained planted firmly throughout the entire range of motion, showing excellent ground contact and stability.""
    },
    {
      ""aspect"": ""Bar Path"",
      ""detail"": ""The bar maintained a consistent vertical path over the mid-foot throughout the duration of the set.""
    },
    {
      ""aspect"": ""Depth"",
      ""detail"": ""The athlete consistently achieved hip crease below the top of the patella, meeting depth requirements for a full squat.""
    }
  ],
  ""needs_improvement"": [
    {
      ""aspect"": ""Lumbar & Pelvic Tilt"",
      ""detail"": ""Slight 'butt wink' (posterior pelvic tilt) is visible at the very bottom of the squat, suggesting the need for improved ankle mobility or hamstring flexibility.""
    },
    {
      ""aspect"": ""Upper Body"",
      ""detail"": ""As fatigue sets in during the final reps, there is a minor tendency for the chest to drop forward slightly, requiring better core engagement to maintain a more upright torso.""
    }
  ],
  ""visual_anchors"": {
    ""start_timestamp"": ""00:05"",
    ""end_timestamp"": ""00:46""
  }
}
```"
"The individual is performing a standing squat, an exercise that utilizes a specialized machine to support the weight of the barbell, allowing for a focused focus on the lower body. 

Here's a breakdown of the form:

* **Stance:** The individual starts in a comfortable, shoulder-width stance, which is optimal for maintaining stability during the movement.
* **Movement:** They descend into a squat, ensuring their back remains straight and their knees aligned with their toes, which is crucial for preventing injury and maximizing the effectiveness of the exercise.
* **Depth:** The individual squats to a point where their thighs are parallel to the floor, a standard and effective depth for general squatting.
* **Core Engagement:** Their core appears braced throughout the movement, providing essential stability and protection for their spine.
* **Controlled Tempo:** The movement is controlled, particularly during the descent, which emphasizes the eccentric phase of the squat, contributing to muscle growth and strength. 

Overall, the individual displays good form and technique, performing the squat with control and proper alignment.","```json
{
  ""exercise"": ""barbell_back_squat"",
  ""rep_count"": 5,
  ""estimated_load"": ""moderate"",
  ""overall_rating"": 8,
  ""good"": [
    {
      ""aspect"": ""Knee Path"",
      ""detail"": ""Knees maintain excellent alignment over the toes without medial collapse throughout all repetitions.""
    },
    {
      ""aspect"": ""Upper Body"",
      ""detail"": ""The torso maintains a consistent, controlled angle, avoiding excessive forward lean or chest collapse.""
    },
    {
      ""aspect"": ""Stability"",
      ""detail"": ""Heels remain firmly planted on the platform throughout the duration of the set.""
    }
  ],
  ""needs_improvement"": [
    {
      ""aspect"": ""Depth"",
      ""detail"": ""Depth is inconsistent; while some reps reach adequate depth, the hips could go slightly lower to ensure full range of motion.""
    },
    {
      ""aspect"": ""Lumbar Stability"",
      ""detail"": ""There is slight evidence of minor posterior pelvic tilt ('butt wink') at the very bottom of the deeper repetitions.""
    }
  ],
  ""visual_anchors"": {
    ""start_timestamp"": ""00:13"",
    ""end_timestamp"": ""00:40""
  }
}
```"
"The squat shown in the video exhibits a few key technical areas that could be improved:

*   **Excessive Forward Lean:** As you noted, there is a significant forward lean throughout the movement. This often happens because the center of gravity shifts too far forward, requiring the torso to tilt to counterbalance the weight. 
*   **Bar Path:** Because of the forward lean, the bar is not traveling in a vertical line over the mid-foot. It drifts forward and backward, which makes the lift less efficient and places unnecessary stress on the lower back.
*   **Depth:** You mentioned you were happy with the depth, and it does look like you are hitting a good, full range of motion, which is excellent.

**Tips for Improvement:**

1.  **Core Bracing:** Ensure you are taking a deep breath into your belly and bracing your core tightly before each rep. This helps stabilize the spine and can help you maintain a more upright torso.
2.  **Upper Back Tension:** Focus on pulling your shoulder blades together and ""pinning"" the bar against your back. This creates a solid ""shelf"" for the bar and helps keep your chest up.
3.  **Drive Through the Heels:** Think about pushing the floor away through your entire foot, with a focus on your heels. This can help prevent the weight from shifting forward onto your toes.
4.  **Look Straight Ahead:** Fix your gaze on a specific point directly in front of you. Looking down or moving your head around can cause your torso to lean forward as well.

Consider filming from a side-on angle for future form checks, as it is much easier to analyze your bar path and hip-to-torso angle from that perspective!","```json
{
  ""exercise"": ""barbell_back_squat"",
  ""rep_count"": 1,
  ""estimated_load"": ""heavy"",
  ""overall_rating"": 8,
  ""good"": [
    {
      ""aspect"": ""Depth"",
      ""detail"": ""Consistently breaks parallel, reaching excellent depth for a squat.""
    },
    {
      ""aspect"": ""Foot Stability"",
      ""detail"": ""The feet remain planted throughout the movement with no visible heel lift.""
    },
    {
      ""aspect"": ""Knee Path"",
      ""detail"": ""Good tracking of knees over toes without noticeable medial collapse (valgus).""
    }
  ],
  ""needs_improvement"": [
    {
      ""aspect"": ""Bar Path / Torso Angle"",
      ""detail"": ""Noticeable forward lean of the torso during the ascent, causing the bar to travel slightly forward relative to the mid-foot.""
    },
    {
      ""aspect"": ""Core/Spinal Alignment"",
      ""detail"": ""The forward torso lean suggests a potential struggle to maintain upright spinal rigidity under heavy load.""
    }
  ],
  ""visual_anchors"": {
    ""start_timestamp"": ""00:32"",
    ""end_timestamp"": ""00:35""
  }
}
```"
"This video features a man performing a barbell squat. He begins by approaching the rack, positioning the barbell across his upper back. He then performs several squats, consistently maintaining a stable form. Finally, he steps back from the rack, successfully completing the exercise.","```json
{
  ""exercise"": ""barbell_back_squat"",
  ""rep_count"": 1,
  ""estimated_load"": ""moderate"",
  ""overall_rating"": 7,
  ""good"": [
    {
      ""aspect"": ""Bar path"",
      ""detail"": ""The bar maintains a relatively vertical path directly over the midfoot.""
    },
    {
      ""aspect"": ""Foot stability"",
      ""detail"": ""Heels remain in contact with the floor throughout the entire movement.""
    }
  ],
  ""needs_improvement"": [
    {
      ""aspect"": ""Depth"",
      ""detail"": ""The squat is slightly high; the hip crease does not clearly break the plane of the top of the patella.""
    },
    {
      ""aspect"": ""Lumbar stability"",
      ""detail"": ""There is a minor posterior pelvic tilt ('butt wink') at the bottom of the squat, suggesting limited hip or ankle mobility.""
    },
    {
      ""aspect"": ""Knee positioning"",
      ""detail"": ""Knees show slight inward movement (valgus) during the ascent, indicating a need for better glute medius engagement.""
    }
  ],
  ""visual_anchors"": {
    ""start_timestamp"": ""00:09"",
    ""end_timestamp"": ""00:26""
  }
}
```"
"The user is performing a barbell back squat, a compound exercise primarily targeting the quadriceps, hamstrings, and glutes. To ensure safety and efficacy, consider the following technique points:

*   **Initial Positioning:** As the user prepares, they should ensure the barbell is resting securely across their upper trapezius muscles, not the neck. The feet should be shoulder-width apart with toes pointed slightly outward.
*   **The Descent:** The user should initiate the movement by hinging at the hips and bending the knees simultaneously, keeping the chest up and the core tight. The goal is to lower the hips until the thighs are at least parallel to the floor, or as mobility allows, while keeping the heels flat on the ground.
*   **The Ascent:** The user should drive through the mid-foot/heels, maintaining the same upright posture, and returning to the standing position.
*   **Safety Suggestion:** When performing heavy squats, it is highly recommended to use the safety bars within the squat rack (as the user is doing) to prevent injury if they lose control of the weight. Having a spotter is also a beneficial safety measure. 

For optimal growth and injury prevention, consider consulting with a certified fitness professional to ensure your form is tailored to your body and specific fitness goals.","{
  ""exercise"": ""barbell_back_squat"",
  ""rep_count"": 1,
  ""estimated_load"": ""moderate"",
  ""overall_rating"": 7,
  ""good"": [
    {""aspect"": ""Bar Path"", ""detail"": ""The bar maintains a relatively vertical and stable path over the mid-foot throughout the descent and ascent.""},
    {""aspect"": ""Foot Stability"", ""detail"": ""No observable heel lift during the squat movement.""}
  ],
  ""needs_improvement"": [
    {""aspect"": ""Depth"", ""detail"": ""The hip crease does not clearly break the parallel plane of the knees, suggesting a high squat depth.""},
    {""aspect"": ""Upper Body Posture"", ""detail"": ""There is noticeable forward lean of the chest during the ascent, placing extra strain on the lower back.""},
    {""aspect"": ""Safety"", ""detail"": ""The safety pins are set at an appropriate height, but the user is performing the lift outside the rack with no spotter, which is sub-optimal for safety.""}
  ],
  ""visual_anchors"": {
    ""start_timestamp"": ""00:03"",
    ""end_timestamp"": ""00:10""
  }
}"
"This video explains the proper squatting technique in competitive powerlifting and identifies common reasons for technical failure during the squat. 

The video outlines these critical rules for a successful lift:

* **Depth:** To count as a valid lift, the athlete must descend low enough that their hip crease falls below the top of their knees. 
* **The ""Start"" Command:** Athletes must wait for the ""Start"" command from the referees while standing in an upright, motionless position.
* **Bar Path:** The barbell must remain in a steady upward movement; any downward movement or ""dipping"" of the bar during the lift is grounds for disqualification.
* **Knee Locking:** The knees must return to a fully locked, upright position to complete the lift.
* **The ""Rack"" Command:** Just as with the start of the movement, the athlete must return to a full upright position at the end and wait for the ""Rack"" command from the referees before lowering the barbell back into the rack. 

The video uses examples of different athletes to demonstrate these common errors, highlighting why referees might issue a red or yellow card based on these specific faults.","```json
{
  ""exercise"": ""barbell_back_squat"",
  ""rep_count"": 1,
  ""estimated_load"": ""near_max_competition"",
  ""overall_rating"": 7,
  ""good"": [
    {
      ""aspect"": ""Depth"",
      ""detail"": ""Most competitors in the provided sequence exhibit excellent depth, with the hip crease clearly dropping below the top of the patella.""
    },
    {
      ""aspect"": ""Stability"",
      ""detail"": ""Mid-foot pressure is maintained well, with minimal heel or toe lift observed in the majority of successful attempts.""
    }
  ],
  ""needs_improvement"": [
    {
      ""aspect"": ""Bar Path"",
      ""detail"": ""Several instances show the bar path drifting forward, likely due to excessive trunk lean (chest fall) caused by heavy loading.""
    },
    {
      ""aspect"": ""Knee Mechanics"",
      ""detail"": ""A few lifts demonstrate slight medial knee collapse (valgus) during the ascent, indicating a need for greater glute medius activation.""
    },
    {
      ""aspect"": ""Pelvic Tilt"",
      ""detail"": ""Mild lumbar flexion or 'butt wink' is visible at the very bottom of the range of motion for some lifters due to restricted ankle or hip mobility.""
    }
  ],
  ""visual_anchors"": {
    ""start_timestamp"": ""00:06"",
    ""end_timestamp"": ""01:13""
  }
}
```"
"The user is performing a **barbell back squat** with a heavy load (labeled 500 lbs / 227 kg).

Technique analysis:
* **Foot Stance:** The user is using a **wide stance**, which emphasizes the glutes and adductors (inner thighs).
* **Depth:** He is squatting to parallel, ensuring the hips are at or slightly below knee level.
* **Control:** The descent (eccentric phase) is deliberate and controlled, showing good stability under the heavy weight.
* **Execution:** He completes the repetition by standing back up to a full lockout. 

Overall, this appears to be a high-effort lift performed with a solid, fundamental squat technique.","```json
{
  ""exercise"": ""barbell_back_squat"",
  ""rep_count"": 1,
  ""estimated_load"": ""heavy"",
  ""overall_rating"": 8,
  ""good"": [
    {
      ""aspect"": ""Stability"",
      ""detail"": ""Excellent heel contact throughout the entire range of motion.""
    },
    {
      ""aspect"": ""Controlled Descent"",
      ""detail"": ""The eccentric phase was well-paced and controlled under a heavy load.""
    },
    {
      ""aspect"": ""Depth"",
      ""detail"": ""Achieved appropriate depth with the hip crease descending below the top of the patella.""
    }
  ],
  ""needs_improvement"": [
    {
      ""aspect"": ""Upper Body Posture"",
      ""detail"": ""Experienced minor chest fall during the sticking point of the concentric phase, indicating a slight forward lean.""
    },
    {
      ""aspect"": ""Spinal Neutrality"",
      ""detail"": ""Minimal pelvic tilt ('butt wink') observed at the bottom of the movement, which is common but worth monitoring for spinal health.""
    }
  ],
  ""visual_anchors"": {
    ""start_timestamp"": ""00:05"",
    ""end_timestamp"": ""00:48""
  }
}
```"
"The video demonstrates a goblet squat with a tempo:

1.  **Preparation:** Hold a dumbbell or kettlebell vertically against your chest, keeping your elbows tucked in. Stand with your feet shoulder-width apart, toes slightly pointed outward.
2.  **Eccentric phase:** Initiate the squat by pushing your hips back and bending your knees simultaneously. Lower your body in a slow, controlled manner, taking 3–4 seconds to reach the bottom.
3.  **Bottom position:** Pause at the bottom of the movement for 2–3 seconds while maintaining a tall, braced torso.
4.  **Concentric phase:** Drive through your heels to return to the starting, standing position, focusing on power throughout the ascent.
5.  **Repeat:** Continue for your desired number of repetitions.","```json
{
  ""exercise"": ""goblet_squat"",
  ""rep_count"": 1,
  ""estimated_load"": ""moderate"",
  ""overall_rating"": 9,
  ""good"": [
    {""aspect"": ""spinal alignment"", ""detail"": ""Neutral lumbar spine maintained throughout the full range of motion.""},
    {""aspect"": ""depth"", ""detail"": ""The hip crease clearly descends below the top of the patella.""},
    {""aspect"": ""stability"", ""detail"": ""Heels remain in constant contact with the floor, and knee tracking is consistent with toe direction.""}
  ],
  ""needs_improvement"": [
    {""aspect"": ""upper body"", ""detail"": ""Slight forward torso lean is noted at the bottom of the squat, common for the goblet style, but could be further upright for optimal vertical loading.""}
  ],
  ""visual_anchors"": {
    ""start_timestamp"": ""00:30"",
    ""end_timestamp"": ""00:35""
  }
}
```"
"The video captures a young man performing a set of barbell squats using a Smith machine. Here is a breakdown of his technique:

**Technique Analysis:**
*   **Stance:** He maintains a standard, shoulder-width foot position throughout the exercise.
*   **Depth:** He shows good control, descending until his thighs are roughly parallel to the floor, which is a standard target for effective squatting.
*   **Back Position:** His back remains relatively neutral, though there is a noticeable forward lean. This is common when using a Smith machine, as the fixed bar path often encourages the lifter to position their feet slightly forward.
*   **Execution:** The movement is rhythmic and controlled. He takes a moment at the top of each rep to reset and maintain stability, showing a disciplined approach to his training.

**General Observations:**
The setting is a standard gym environment, and he is clearly focused on his form. While the Smith machine provides stability, his performance is steady, and he appears to be executing the lift safely and with proper intent.","```json
{
  ""exercise"": ""barbell_back_squat"",
  ""rep_count"": 4,
  ""estimated_load"": ""heavy"",
  ""overall_rating"": 8,
  ""good"": [
    {
      ""aspect"": ""Bar path"",
      ""detail"": ""The bar path remains relatively vertical and stable throughout the movement.""
    },
    {
      ""aspect"": ""Foot stability"",
      ""detail"": ""Heels remain in firm contact with the floor throughout all repetitions.""
    },
    {
      ""aspect"": ""Depth"",
      ""detail"": ""Consistently hits or breaks parallel depth across all repetitions.""
    }
  ],
  ""needs_improvement"": [
    {
      ""aspect"": ""Lumbar stability"",
      ""detail"": ""There is slight lumbar rounding ('butt wink') noted at the very bottom of the squat, suggesting a need for increased core bracing or improved ankle mobility.""
    },
    {
      ""aspect"": ""Torso angle"",
      ""detail"": ""A slight forward chest lean is visible as fatigue sets in; keeping the upper back tighter can help maintain a more upright posture.""
    }
  ],
  ""visual_anchors"": {
    ""start_timestamp"": ""00:01"",
    ""end_timestamp"": ""00:34""
  }
}
```"
"The squat performed in the video is a **tempo goblet squat**. 

Here is a breakdown of how the exercise is performed:

*   **Setup:** Stand with feet slightly wider than your hips and toes pointed slightly outward. Hold a dumbbell vertically against your collarbone and sternum (or a kettlebell pressed firmly against your chest). 
*   **The Movement:** You perform a standard squat, but with a specific, controlled **tempo**. The instructor explains that the tempo applies to both the lowering (eccentric) and standing (concentric) phases of the movement. 
*   **The Tempo:** In the example, the instructor demonstrates a **3-second tempo**. This means you take three seconds to slowly lower yourself into the squat and another three seconds to slowly stand back up, resisting the urge to move too quickly.","```json
{
  ""exercise"": ""tempo_goblet_squat"",
  ""rep_count"": 1,
  ""estimated_load"": ""moderate"",
  ""overall_rating"": 9,
  ""good"": [
    {
      ""aspect"": ""Posture"",
      ""detail"": ""Upright torso maintained throughout the movement; the goblet position helps act as a natural counterbalance.""
    },
    {
      ""aspect"": ""Knee Mechanics"",
      ""detail"": ""Knees track perfectly in line with the toes with no signs of medial valgus collapse.""
    },
    {
      ""aspect"": ""Stability"",
      ""detail"": ""Full foot contact with the floor; no heel lift noted during the descent or ascent.""
    }
  ],
  ""needs_improvement"": [
    {
      ""aspect"": ""Range of Motion"",
      ""detail"": ""The subject stops the descent slightly above parallel. For a full-depth squat, the hip crease should ideally drop below the knee line.""
    }
  ],
  ""visual_anchors"": {
    ""start_timestamp"": ""00:25"",
    ""end_timestamp"": ""00:32""
  }
}
```"
"The seated goblet squat is a great exercise for building strength and improving squat form. Here's how to perform it:

1. **Start:** Sit on a bench or chair with your feet shoulder-width apart, holding a weight (like a kettlebell or dumbbell) close to your chest. Your back should be straight, and your core engaged.
2. **Ascent (Stand up):** Inhale, lean your torso forward slightly, and then exhale as you push through your heels to stand up. Keep your chest up and avoid locking your knees or overextending your hips at the top.
3. **Descent (Sit down):** Inhale at the top. Exhale as you slowly hinge at your hips, keeping your chest up as you lower yourself back onto the bench. Maintain control throughout the movement, rather than just dropping into the seat. 

**Key Points:**
* Keep your chest up throughout the exercise.
* Keep your weight back on your heels.
* Focus on a controlled, steady movement. 
* Avoid arching your back.

Always perform exercises with proper form and consult a professional if you have any questions or concerns.","```json
{
  ""exercise"": ""seated_goblet_squat"",
  ""rep_count"": 1,
  ""estimated_load"": ""moderate"",
  ""overall_rating"": 9,
  ""good"": [
    {
      ""aspect"": ""Heel Stability"",
      ""detail"": ""Heels maintain consistent, full contact with the floor throughout the entire movement.""
    },
    {
      ""aspect"": ""Knee Path"",
      ""detail"": ""Neutral knee alignment is maintained with no signs of medial collapse (valgus).""
    },
    {
      ""aspect"": ""Lumbar Stability"",
      ""detail"": ""Neutral spine is preserved; no excessive lumbar flexion ('butt wink') observed.""
    },
    {
      ""aspect"": ""Torso Control"",
      ""detail"": ""Chest remains upright throughout the ascent and descent, preventing unnecessary spinal loading.""
    }
  ],
  ""needs_improvement"": [
    {
      ""aspect"": ""Depth Consistency"",
      ""detail"": ""Since this is a bench-assisted movement, depth is mechanically defined by the equipment; however, ensure the user avoids resting the full body weight on the bench during the pause to maintain muscular tension.""
    }
  ],
  ""visual_anchors"": {
    ""start_timestamp"": ""00:09"",
    ""end_timestamp"": ""00:32""
  }
}
```"
"This video illustrates the difference between a mid-bar squat and a low-bar squat.

**Mid-Bar Squat:**
*   The bar sits higher on the upper back, between the high and low positions.
*   The narrator states that when a lifter uses this position, they tend to get ""pitched forward"" when the weight is heavy or the lifter is fatigued.

**Low-Bar Squat:**
*   The bar rests lower on the back, specifically across the rear deltoids.
*   The narrator claims this position allows for better leverage of the lower back and enables the lifter to remain more upright despite having a forward torso lean.
*   The narrator notes that this position allows for the lifting of heavier weights and helps prevent the lifter from being pushed off balance. 

Ultimately, the video suggests that many lifters mistake their position for a low-bar squat when it is actually a mid-bar position. The narrator advises placing the bar lower on the back to maximize strength and stability in the squat.","```json
{
  ""exercise"": ""barbell_back_squat"",
  ""rep_count"": 1,
  ""estimated_load"": ""heavy"",
  ""overall_rating"": 8,
  ""good"": [
    {
      ""aspect"": ""Foot Stability"",
      ""detail"": ""The athlete maintains firm contact with the ground throughout the movement with no visible heel lift.""
    },
    {
      ""aspect"": ""Knee Mechanics"",
      ""detail"": ""Knees track over the toes consistently without medial collapse (valgus).""
    },
    {
      ""aspect"": ""Bar Positioning"",
      ""detail"": ""The athlete maintains an optimal low-bar position on the posterior deltoids, allowing for effective engagement of the posterior chain.""
    }
  ],
  ""needs_improvement"": [
    {
      ""aspect"": ""Upper Body/Torso Angle"",
      ""detail"": ""There is a significant forward lean throughout the descent; while common in low-bar squats, excessive torso inclination can shift load to the lower back if core bracing is compromised.""
    },
    {
      ""aspect"": ""Butt Wink/Pelvic Control"",
      ""detail"": ""Minimal posterior pelvic tilt is visible at the very bottom of the squat, suggesting the limit of the athlete's current hip mobility.""
    }
  ],
  ""visual_anchors"": {
    ""start_timestamp"": ""00:23"",
    ""end_timestamp"": ""00:28""
  }
}
```"
"The exercise shown is a **goblet squat**. 

Here is a breakdown of how it's performed:
*   **Setup:** The individual is standing with their feet hip-width apart and holding a kettlebell close to their chest with both hands.
*   **Movement:** 
    *   **Descending:** The individual lowers their hips by bending at the knees and hips, keeping their back straight and chest upright. They descend until their thighs are roughly parallel to the floor.
    *   **Ascending:** They then push through their heels to return to the starting upright position, squeezing the glutes at the top.
*   **Focus:** This compound exercise primarily targets the quadriceps, glutes, and core muscles, while the goblet hold helps encourage proper upright posture throughout the squat.","{
  ""exercise"": ""kettlebell_goblet_squat"",
  ""rep_count"": 5,
  ""estimated_load"": ""moderate"",
  ""overall_rating"": 8,
  ""good"": [
    {
      ""aspect"": ""Foot Stability"",
      ""detail"": ""The athlete maintains full contact with the floor; there is no visible heel lift throughout the repetitions.""
    },
    {
      ""aspect"": ""Spinal Alignment"",
      ""detail"": ""The lumbar spine remains neutral, with no evidence of posterior pelvic tilt or 'butt wink' at the bottom of the movement.""
    },
    {
      ""aspect"": ""Upper Body Position"",
      ""detail"": ""The torso maintains a consistent, upright angle, preventing excessive chest fall.""
    }
  ],
  ""needs_improvement"": [
    {
      ""aspect"": ""Depth Consistency"",
      ""detail"": ""The depth is somewhat inconsistent; while some reps reach the parallel mark, others are slightly higher. Aim for a consistent hip crease depth below the top of the patella.""
    },
    {
      ""aspect"": ""Knee Tracking"",
      ""detail"": ""On some repetitions, there is a slight inward movement of the knees (minor valgus) as the athlete begins the ascent.""
    }
  ],
  ""visual_anchors"": {
    ""start_timestamp"": ""00:00"",
    ""end_timestamp"": ""00:11""
  }
}"
